Date,Open,Close
1980-12-12,0.0982,0.0982
1980-12-15,0.0935,0.0931
1980-12-16,0.0867,0.0863
1980-12-17,0.0884,0.0884
1980-12-18,0.0909,0.0909
1980-12-19,0.0965,0.0965
1980-12-22,0.1012,0.1012
1980-12-23,0.1055,0.1055
1980-12-24,0.111,0.111
1980-12-26,0.1213,0.1213
1980-12-29,0.123,0.123
1980-12-30,0.1204,0.12
1980-12-31,0.117,0.1166
1981-01-02,0.1178,0.1178
1981-01-05,0.1157,0.1153
1981-01-06,0.1106,0.1102
1981-01-07,0.1059,0.1055
1981-01-08,0.1038,0.1033
1981-01-09,0.1089,0.1089
1981-01-12,0.1089,0.108
1981-01-13,0.1046,0.1042
1981-01-14,0.1046,0.1046
1981-01-15,0.1067,0.1067
1981-01-16,0.1063,0.1059
1981-01-19,0.1123,0.1123
1981-01-20,0.1093,0.1089
1981-01-21,0.111,0.111
1981-01-22,0.1123,0.1123
1981-01-23,0.1123,0.1119
1981-01-26,0.1106,0.1102
1981-01-27,0.1102,0.1093
1981-01-28,0.1063,0.1059
1981-01-29,0.1025,0.1021
1981-01-30,0.0974,0.0965
1981-02-02,0.0914,0.0909
1981-02-03,0.0944,0.0944
1981-02-04,0.0978,0.0978
1981-02-05,0.0978,0.0978
1981-02-06,0.0982,0.0982
1981-02-09,0.0939,0.0931
1981-02-10,0.0931,0.0931
1981-02-11,0.0905,0.0901
1981-02-12,0.0897,0.0892
1981-02-13,0.088,0.0871
1981-02-17,0.0892,0.0892
1981-02-18,0.0931,0.0931
1981-02-19,0.088,0.0875
1981-02-20,0.0833,0.0828
1981-02-23,0.0841,0.0841
1981-02-24,0.082,0.0811
1981-02-25,0.0863,0.0863
1981-02-26,0.0875,0.0875
1981-02-27,0.0905,0.0905
1981-03-02,0.0909,0.0909
1981-03-03,0.0901,0.0897
1981-03-04,0.0892,0.0888
1981-03-05,0.0888,0.0884
1981-03-06,0.0884,0.0875
1981-03-09,0.0811,0.0807
1981-03-10,0.0773,0.0769
1981-03-11,0.0747,0.0739
1981-03-12,0.0769,0.0769
1981-03-13,0.0764,0.076
1981-03-16,0.079,0.079
1981-03-17,0.0828,0.0828
1981-03-18,0.088,0.088
1981-03-19,0.0875,0.0871
1981-03-20,0.088,0.088
1981-03-23,0.0914,0.0914
1981-03-24,0.0914,0.0909
1981-03-25,0.0901,0.0892
1981-03-26,0.088,0.0875
1981-03-27,0.085,0.0845
1981-03-30,0.0845,0.0845
1981-03-31,0.0845,0.0837
1981-04-01,0.0833,0.0828
1981-04-02,0.0901,0.0901
1981-04-03,0.0905,0.0905
1981-04-06,0.0892,0.0888
1981-04-07,0.0884,0.088
1981-04-08,0.0922,0.0922
1981-04-09,0.0939,0.0939
1981-04-10,0.0952,0.0952
1981-04-13,0.0952,0.0952
1981-04-14,0.0952,0.0952
1981-04-15,0.0909,0.0905
1981-04-16,0.0858,0.0854
1981-04-20,0.088,0.088
1981-04-21,0.0939,0.0939
1981-04-22,0.0974,0.0974
1981-04-23,0.0999,0.0999
1981-04-24,0.0999,0.0991
1981-04-27,0.0986,0.0982
1981-04-28,0.0969,0.0965
1981-04-29,0.0956,0.0952
1981-04-30,0.0969,0.0969
1981-05-01,0.0969,0.0969
1981-05-04,0.0969,0.0965
1981-05-05,0.0965,0.0961
1981-05-06,0.0939,0.0935
1981-05-07,0.0948,0.0948
1981-05-08,0.0956,0.0956
1981-05-11,0.0939,0.0935
1981-05-12,0.0935,0.0935
1981-05-13,0.0935,0.0931
1981-05-14,0.0927,0.0918
1981-05-15,0.0939,0.0939
1981-05-18,0.0956,0.0956
1981-05-19,0.0944,0.0939
1981-05-20,0.0969,0.0969
1981-05-21,0.1025,0.1025
1981-05-22,0.1072,0.1072
1981-05-26,0.1072,0.1067
1981-05-27,0.1127,0.1127
1981-05-28,0.1127,0.1127
1981-05-29,0.1132,0.1132
1981-06-01,0.1132,0.1132
1981-06-02,0.108,0.1076
1981-06-03,0.1076,0.1076
1981-06-04,0.1097,0.1097
1981-06-05,0.1085,0.108
1981-06-08,0.1046,0.1042
1981-06-09,0.1063,0.1063
1981-06-10,0.1076,0.1076
1981-06-11,0.1123,0.1123
1981-06-12,0.1114,0.111
1981-06-15,0.111,0.1106
1981-06-16,0.1089,0.1085
1981-06-17,0.1072,0.1067
1981-06-18,0.1067,0.1063
1981-06-19,0.1038,0.1033
1981-06-22,0.0999,0.0995
1981-06-23,0.1012,0.1012
1981-06-24,0.0995,0.0986
1981-06-25,0.1008,0.1008
1981-06-26,0.1003,0.0995
1981-06-29,0.0969,0.0961
1981-06-30,0.0892,0.0888
1981-07-01,0.0884,0.088
1981-07-02,0.088,0.088
1981-07-06,0.0858,0.085
1981-07-07,0.0858,0.0858
1981-07-08,0.0892,0.0892
1981-07-09,0.0828,0.0824
1981-07-10,0.0764,0.076
1981-07-13,0.0777,0.0777
1981-07-14,0.0811,0.0811
1981-07-15,0.0833,0.0833
1981-07-16,0.0854,0.0854
1981-07-17,0.0884,0.0884
1981-07-20,0.0828,0.0824
1981-07-21,0.0824,0.082
1981-07-22,0.0781,0.0773
1981-07-23,0.0794,0.0794
1981-07-24,0.082,0.082
1981-07-27,0.0854,0.0854
1981-07-28,0.0828,0.0824
1981-07-29,0.0816,0.0811
1981-07-30,0.0841,0.0841
1981-07-31,0.0854,0.0854
1981-08-03,0.0854,0.0845
1981-08-04,0.0858,0.0858
1981-08-05,0.0884,0.0884
1981-08-06,0.0867,0.0863
1981-08-07,0.0863,0.0863
1981-08-10,0.0863,0.0863
1981-08-11,0.0845,0.0837
1981-08-12,0.0824,0.082
1981-08-13,0.0798,0.0794
1981-08-14,0.079,0.0781
1981-08-17,0.0764,0.0756
1981-08-18,0.0747,0.0739
1981-08-19,0.0739,0.073
1981-08-20,0.0739,0.0739
1981-08-21,0.0696,0.0687
1981-08-24,0.0649,0.0645
1981-08-25,0.0662,0.0662
1981-08-26,0.0653,0.0649
1981-08-27,0.0653,0.0653
1981-08-28,0.0687,0.0687
1981-08-31,0.0687,0.0687
1981-09-01,0.073,0.073
1981-09-02,0.0743,0.0743
1981-09-03,0.0713,0.0705
1981-09-04,0.07,0.0696
1981-09-08,0.0679,0.0675
1981-09-09,0.0675,0.0675
1981-09-10,0.0679,0.0679
1981-09-11,0.0675,0.067
1981-09-14,0.0653,0.0649
1981-09-15,0.0636,0.0632
1981-09-16,0.0623,0.0619
1981-09-17,0.0606,0.0602
1981-09-18,0.0606,0.0606
1981-09-21,0.0611,0.0611
1981-09-22,0.0581,0.0576
1981-09-23,0.0572,0.0564
1981-09-24,0.0564,0.0559
1981-09-25,0.0495,0.0487
1981-09-28,0.0491,0.0491
1981-09-29,0.0517,0.0517
1981-09-30,0.0521,0.0521
1981-10-01,0.0521,0.0521
1981-10-02,0.0564,0.0564
1981-10-05,0.0581,0.0581
1981-10-06,0.0581,0.0576
1981-10-07,0.0611,0.0611
1981-10-08,0.0632,0.0632
1981-10-09,0.0636,0.0636
1981-10-12,0.0658,0.0658
1981-10-13,0.0658,0.0658
1981-10-14,0.0623,0.0619
1981-10-15,0.0632,0.0632
1981-10-16,0.0628,0.0623
1981-10-19,0.0636,0.0636
1981-10-20,0.067,0.067
1981-10-21,0.067,0.067
1981-10-22,0.067,0.0666
1981-10-23,0.0653,0.0649
1981-10-26,0.0649,0.0649
1981-10-27,0.0662,0.0662
1981-10-28,0.0683,0.0683
1981-10-29,0.0679,0.0675
1981-10-30,0.0683,0.0683
1981-11-02,0.0683,0.0683
1981-11-03,0.0679,0.0675
1981-11-04,0.0662,0.0658
1981-11-05,0.0615,0.0611
1981-11-06,0.0615,0.0615
1981-11-09,0.0623,0.0623
1981-11-10,0.0628,0.0628
1981-11-11,0.0645,0.0645
1981-11-12,0.0666,0.0666
1981-11-13,0.0623,0.0619
1981-11-16,0.0615,0.0611
1981-11-17,0.0623,0.0623
1981-11-18,0.0645,0.0645
1981-11-19,0.0645,0.0645
1981-11-20,0.0649,0.0649
1981-11-23,0.0628,0.0619
1981-11-24,0.0619,0.0615
1981-11-25,0.0628,0.0628
1981-11-27,0.0645,0.0645
1981-11-30,0.064,0.0636
1981-12-01,0.0636,0.0636
1981-12-02,0.064,0.064
1981-12-03,0.0636,0.0632
1981-12-04,0.0649,0.0649
1981-12-07,0.0653,0.0653
1981-12-08,0.0649,0.064
1981-12-09,0.0645,0.0645
1981-12-10,0.0645,0.0645
1981-12-11,0.0645,0.064
1981-12-14,0.0628,0.0619
1981-12-15,0.0636,0.0636
1981-12-16,0.0666,0.0666
1981-12-17,0.0722,0.0722
1981-12-18,0.0781,0.0781
1981-12-21,0.0751,0.0747
1981-12-22,0.076,0.076
1981-12-23,0.0747,0.0743
1981-12-24,0.0747,0.0747
1981-12-28,0.0722,0.0713
1981-12-29,0.0726,0.0726
1981-12-30,0.0756,0.0756
1981-12-31,0.0756,0.0756
1982-01-04,0.0756,0.0751
1982-01-05,0.0722,0.0713
1982-01-06,0.0709,0.0705
1982-01-07,0.0658,0.0649
1982-01-08,0.0679,0.0679
1982-01-11,0.064,0.0636
1982-01-12,0.0619,0.0615
1982-01-13,0.0615,0.0611
1982-01-14,0.064,0.064
1982-01-15,0.0683,0.0683
1982-01-18,0.0696,0.0696
1982-01-19,0.0687,0.0679
1982-01-20,0.0692,0.0692
1982-01-21,0.0705,0.0705
1982-01-22,0.0709,0.0709
1982-01-25,0.0692,0.0687
1982-01-26,0.067,0.0662
1982-01-27,0.0666,0.0666
1982-01-28,0.0687,0.0687
1982-01-29,0.0696,0.0696
1982-02-01,0.0696,0.0687
1982-02-02,0.0692,0.0692
1982-02-03,0.0692,0.0692
1982-02-04,0.0679,0.0675
1982-02-05,0.0675,0.0675
1982-02-08,0.0636,0.0632
1982-02-09,0.0632,0.0632
1982-02-10,0.064,0.064
1982-02-11,0.0636,0.0632
1982-02-12,0.064,0.064
1982-02-16,0.0632,0.0628
1982-02-17,0.0636,0.0636
1982-02-18,0.0645,0.0645
1982-02-19,0.0645,0.064
1982-02-22,0.0636,0.0632
1982-02-23,0.0628,0.0623
1982-02-24,0.0628,0.0628
1982-02-25,0.0628,0.0623
1982-02-26,0.0623,0.0623
1982-03-01,0.0628,0.0628
1982-03-02,0.0628,0.0628
1982-03-03,0.0628,0.0628
1982-03-04,0.0619,0.0615
1982-03-05,0.0572,0.0568
1982-03-08,0.0564,0.0559
1982-03-09,0.0564,0.0564
1982-03-10,0.0559,0.0555
1982-03-11,0.0555,0.0555
1982-03-12,0.0525,0.0521
1982-03-15,0.0521,0.0517
1982-03-16,0.0512,0.0508
1982-03-17,0.0487,0.0482
1982-03-18,0.0521,0.0521
1982-03-19,0.0568,0.0568
1982-03-22,0.0611,0.0611
1982-03-23,0.0606,0.0602
1982-03-24,0.0572,0.0568
1982-03-25,0.0568,0.0564
1982-03-26,0.0559,0.0555
1982-03-29,0.0568,0.0568
1982-03-30,0.0576,0.0576
1982-03-31,0.0576,0.0576
1982-04-01,0.0606,0.0606
1982-04-02,0.0606,0.0606
1982-04-05,0.0606,0.0606
1982-04-06,0.0606,0.0602
1982-04-07,0.0598,0.0594
1982-04-08,0.0598,0.0598
1982-04-12,0.0598,0.0594
1982-04-13,0.0551,0.0547
1982-04-14,0.0551,0.0551
1982-04-15,0.0559,0.0559
1982-04-16,0.0576,0.0576
1982-04-19,0.0572,0.0564
1982-04-20,0.0542,0.0538
1982-04-21,0.0538,0.0534
1982-04-22,0.0529,0.0525
1982-04-23,0.0525,0.0525
1982-04-26,0.0538,0.0538
1982-04-27,0.0525,0.0521
1982-04-28,0.0504,0.05
1982-04-29,0.05,0.05
1982-04-30,0.0504,0.0504
1982-05-03,0.0521,0.0521
1982-05-04,0.0538,0.0538
1982-05-05,0.0538,0.0529
1982-05-06,0.0547,0.0547
1982-05-07,0.0555,0.0555
1982-05-10,0.0551,0.0547
1982-05-11,0.0534,0.0529
1982-05-12,0.0521,0.0517
1982-05-13,0.0521,0.0521
1982-05-14,0.0508,0.05
1982-05-17,0.0495,0.0491
1982-05-18,0.0487,0.0482
1982-05-19,0.0482,0.0478
1982-05-20,0.0482,0.0482
1982-05-21,0.0487,0.0487
1982-05-24,0.0491,0.0491
1982-05-25,0.0491,0.0491
1982-05-26,0.0491,0.0487
1982-05-27,0.0482,0.0478
1982-05-28,0.0478,0.0478
1982-06-01,0.0474,0.047
1982-06-02,0.0478,0.0478
1982-06-03,0.047,0.0461
1982-06-04,0.0453,0.0448
1982-06-07,0.0448,0.0448
1982-06-08,0.0448,0.0444
1982-06-09,0.044,0.0436
1982-06-10,0.044,0.044
1982-06-11,0.0457,0.0457
1982-06-14,0.0457,0.0457
1982-06-15,0.0457,0.0457
1982-06-16,0.0457,0.0457
1982-06-17,0.0453,0.0448
1982-06-18,0.0448,0.044
1982-06-21,0.044,0.044
1982-06-22,0.0457,0.0457
1982-06-23,0.047,0.047
1982-06-24,0.047,0.047
1982-06-25,0.0457,0.0453
1982-06-28,0.0453,0.0448
1982-06-29,0.044,0.0436
1982-06-30,0.0436,0.0436
1982-07-01,0.0436,0.0431
1982-07-02,0.0414,0.041
1982-07-06,0.0397,0.0393
1982-07-07,0.0393,0.0393
1982-07-08,0.038,0.0376
1982-07-09,0.0389,0.0389
1982-07-12,0.0397,0.0397
1982-07-13,0.0423,0.0423
1982-07-14,0.0427,0.0427
1982-07-15,0.0436,0.0436
1982-07-16,0.0453,0.0453
1982-07-19,0.0457,0.0457
1982-07-20,0.0487,0.0487
1982-07-21,0.0487,0.0487
1982-07-22,0.0491,0.0491
1982-07-23,0.0487,0.0482
1982-07-26,0.0465,0.0461
1982-07-27,0.0461,0.0461
1982-07-28,0.0444,0.044
1982-07-29,0.0457,0.0457
1982-07-30,0.0461,0.0461
1982-08-02,0.0474,0.0474
1982-08-03,0.0448,0.0444
1982-08-04,0.0444,0.044
1982-08-05,0.0427,0.0423
1982-08-06,0.0423,0.0418
1982-08-09,0.0423,0.0423
1982-08-10,0.0448,0.0448
1982-08-11,0.0453,0.0453
1982-08-12,0.0453,0.0448
1982-08-13,0.0448,0.0448
1982-08-16,0.0457,0.0457
1982-08-17,0.0487,0.0487
1982-08-18,0.0487,0.0487
1982-08-19,0.0491,0.0491
1982-08-20,0.0504,0.0504
1982-08-23,0.0525,0.0525
1982-08-24,0.0551,0.0551
1982-08-25,0.0589,0.0589
1982-08-26,0.0606,0.0606
1982-08-27,0.0581,0.0576
1982-08-30,0.0585,0.0585
1982-08-31,0.0615,0.0615
1982-09-01,0.0602,0.0598
1982-09-02,0.0623,0.0623
1982-09-03,0.0628,0.0628
1982-09-07,0.0598,0.0594
1982-09-08,0.0615,0.0615
1982-09-09,0.0606,0.0602
1982-09-10,0.0619,0.0619
1982-09-13,0.0623,0.0623
1982-09-14,0.0645,0.0645
1982-09-15,0.0645,0.064
1982-09-16,0.0628,0.0619
1982-09-17,0.0611,0.0606
1982-09-20,0.0611,0.0611
1982-09-21,0.0623,0.0623
1982-09-22,0.064,0.064
1982-09-23,0.064,0.064
1982-09-24,0.0623,0.0619
1982-09-27,0.0619,0.0619
1982-09-28,0.0628,0.0628
1982-09-29,0.0628,0.0628
1982-09-30,0.0628,0.0623
1982-10-01,0.0632,0.0632
1982-10-04,0.0632,0.064
1982-10-05,0.064,0.0645
1982-10-06,0.0645,0.0692
1982-10-07,0.0696,0.0747
1982-10-08,0.0747,0.0803
1982-10-11,0.0803,0.082
1982-10-12,0.082,0.0794
1982-10-13,0.0794,0.0803
1982-10-14,0.0803,0.0807
1982-10-15,0.0803,0.0786
1982-10-18,0.0786,0.0803
1982-10-19,0.0803,0.082
1982-10-20,0.082,0.0867
1982-10-21,0.0867,0.0888
1982-10-22,0.0888,0.0884
1982-10-25,0.0884,0.0833
1982-10-26,0.0833,0.0837
1982-10-27,0.0837,0.0858
1982-10-28,0.0858,0.0858
1982-10-29,0.0858,0.0867
1982-11-01,0.0867,0.0914
1982-11-02,0.0922,0.0978
1982-11-03,0.0978,0.105
1982-11-04,0.105,0.1059
1982-11-05,0.105,0.1029
1982-11-08,0.1029,0.0986
1982-11-09,0.0986,0.1021
1982-11-10,0.1025,0.1059
1982-11-11,0.1059,0.1127
1982-11-12,0.1127,0.1106
1982-11-15,0.1106,0.108
1982-11-16,0.108,0.1025
1982-11-17,0.1025,0.1072
1982-11-18,0.1072,0.1072
1982-11-19,0.1072,0.1055
1982-11-22,0.1055,0.0961
1982-11-23,0.0974,0.0986
1982-11-24,0.0986,0.1008
1982-11-26,0.1008,0.0991
1982-11-29,0.0991,0.0986
1982-11-30,0.0986,0.1089
1982-12-01,0.1089,0.111
1982-12-02,0.111,0.111
1982-12-03,0.1097,0.1085
1982-12-06,0.1085,0.1144
1982-12-07,0.1144,0.1157
1982-12-08,0.1157,0.1132
1982-12-09,0.1114,0.1076
1982-12-10,0.1059,0.0999
1982-12-13,0.0991,0.0978
1982-12-14,0.0978,0.0969
1982-12-15,0.0969,0.0965
1982-12-16,0.0965,0.0982
1982-12-17,0.0982,0.1029
1982-12-20,0.1029,0.1025
1982-12-21,0.1025,0.1033
1982-12-22,0.1038,0.1063
1982-12-23,0.1063,0.1093
1982-12-27,0.1093,0.1119
1982-12-28,0.1119,0.111
1982-12-29,0.111,0.1072
1982-12-30,0.1072,0.1025
1982-12-31,0.1025,0.1021
1983-01-03,0.1021,0.0974
1983-01-04,0.0974,0.1029
1983-01-05,0.1029,0.1033
1983-01-06,0.1033,0.0995
1983-01-07,0.0995,0.0939
1983-01-10,0.0939,0.0982
1983-01-11,0.0982,0.0995
1983-01-12,0.1008,0.105
1983-01-13,0.105,0.105
1983-01-14,0.1055,0.1127
1983-01-17,0.1127,0.1166
1983-01-18,0.1166,0.114
1983-01-19,0.114,0.1149
1983-01-20,0.1149,0.1277
1983-01-21,0.1277,0.1277
1983-01-24,0.1277,0.1204
1983-01-25,0.1204,0.1251
1983-01-26,0.1264,0.1302
1983-01-27,0.1302,0.1392
1983-01-28,0.1392,0.1401
1983-01-31,0.1401,0.1396
1983-02-01,0.1396,0.1426
1983-02-02,0.1426,0.1465
1983-02-03,0.1465,0.1524
1983-02-04,0.1524,0.1503
1983-02-07,0.1503,0.1443
1983-02-08,0.1443,0.143
1983-02-09,0.143,0.1443
1983-02-10,0.1443,0.1537
1983-02-11,0.155,0.1588
1983-02-14,0.1588,0.158
1983-02-15,0.158,0.155
1983-02-16,0.155,0.152
1983-02-17,0.152,0.1503
1983-02-18,0.1503,0.155
1983-02-22,0.1559,0.1588
1983-02-23,0.1588,0.1601
1983-02-24,0.1614,0.1644
1983-02-25,0.1644,0.1597
1983-02-28,0.1597,0.1559
1983-03-01,0.1559,0.1584
1983-03-02,0.1584,0.1597
1983-03-03,0.1597,0.1546
1983-03-04,0.1546,0.1524
1983-03-07,0.1524,0.1494
1983-03-08,0.1486,0.1447
1983-03-09,0.1447,0.149
1983-03-10,0.149,0.1469
1983-03-11,0.1469,0.1447
1983-03-14,0.1443,0.1413
1983-03-15,0.1413,0.1435
1983-03-16,0.1435,0.1435
1983-03-17,0.1435,0.1447
1983-03-18,0.1447,0.1469
1983-03-21,0.1469,0.1503
1983-03-22,0.1503,0.152
1983-03-23,0.152,0.1447
1983-03-24,0.1447,0.1473
1983-03-25,0.1473,0.1473
1983-03-28,0.1469,0.1452
1983-03-29,0.1456,0.1494
1983-03-30,0.1494,0.1512
1983-03-31,0.1512,0.1443
1983-04-04,0.1443,0.1405
1983-04-05,0.1405,0.1379
1983-04-06,0.1379,0.1366
1983-04-07,0.1366,0.1354
1983-04-08,0.1354,0.1345
1983-04-11,0.1345,0.1422
1983-04-12,0.1422,0.1452
1983-04-13,0.1452,0.1503
1983-04-14,0.1503,0.1537
1983-04-15,0.1537,0.1563
1983-04-18,0.1571,0.1605
1983-04-19,0.1605,0.1588
1983-04-20,0.1588,0.1729
1983-04-21,0.1751,0.1776
1983-04-22,0.1776,0.1742
1983-04-25,0.1742,0.1661
1983-04-26,0.1661,0.1708
1983-04-27,0.1708,0.1691
1983-04-28,0.1691,0.1708
1983-04-29,0.1708,0.1725
1983-05-02,0.1725,0.1674
1983-05-03,0.1674,0.1657
1983-05-04,0.1657,0.1759
1983-05-05,0.1759,0.1874
1983-05-06,0.1874,0.1883
1983-05-09,0.1883,0.1857
1983-05-10,0.1857,0.187
1983-05-11,0.187,0.1823
1983-05-12,0.1823,0.1806
1983-05-13,0.1806,0.1815
1983-05-16,0.1815,0.1768
1983-05-17,0.1768,0.1772
1983-05-18,0.1772,0.1793
1983-05-19,0.1793,0.1849
1983-05-20,0.1849,0.1943
1983-05-23,0.1943,0.1964
1983-05-24,0.1964,0.2067
1983-05-25,0.2067,0.205
1983-05-26,0.205,0.2028
1983-05-27,0.2028,0.2028
1983-05-31,0.2024,0.1973
1983-06-01,0.1973,0.1985
1983-06-02,0.1985,0.1998
1983-06-03,0.1998,0.2097
1983-06-06,0.2097,0.2143
1983-06-07,0.2143,0.2071
1983-06-08,0.2071,0.2045
1983-06-09,0.2045,0.2032
1983-06-10,0.2032,0.2024
1983-06-13,0.2024,0.1956
1983-06-14,0.1956,0.1913
1983-06-15,0.1909,0.1857
1983-06-16,0.1866,0.1956
1983-06-17,0.1956,0.1917
1983-06-20,0.1917,0.1823
1983-06-21,0.1823,0.1836
1983-06-22,0.184,0.1892
1983-06-23,0.1883,0.1832
1983-06-24,0.1832,0.1819
1983-06-27,0.1819,0.1721
1983-06-28,0.1721,0.1601
1983-06-29,0.1601,0.1678
1983-06-30,0.1678,0.167
1983-07-01,0.167,0.1682
1983-07-05,0.1682,0.1614
1983-07-06,0.1614,0.1618
1983-07-07,0.1618,0.1597
1983-07-08,0.1597,0.158
1983-07-11,0.158,0.1623
1983-07-12,0.1623,0.1584
1983-07-13,0.1584,0.1576
1983-07-14,0.1576,0.1571
1983-07-15,0.1571,0.1516
1983-07-18,0.1516,0.1512
1983-07-19,0.1512,0.1494
1983-07-20,0.1494,0.1409
1983-07-21,0.1409,0.1482
1983-07-22,0.1482,0.1494
1983-07-25,0.1494,0.1473
1983-07-26,0.1473,0.1336
1983-07-27,0.1336,0.1238
1983-07-28,0.1238,0.1161
1983-07-29,0.1161,0.1191
1983-08-01,0.1191,0.1178
1983-08-02,0.1178,0.1174
1983-08-03,0.1174,0.1191
1983-08-04,0.1191,0.1136
1983-08-05,0.1136,0.1157
1983-08-08,0.1157,0.1161
1983-08-09,0.1161,0.1174
1983-08-10,0.1174,0.117
1983-08-11,0.117,0.1153
1983-08-12,0.1153,0.1144
1983-08-15,0.1144,0.1174
1983-08-16,0.1174,0.1157
1983-08-17,0.1157,0.1132
1983-08-18,0.1132,0.1144
1983-08-19,0.1144,0.1153
1983-08-22,0.1153,0.1149
1983-08-23,0.1149,0.1089
1983-08-24,0.1085,0.1033
1983-08-25,0.1033,0.1042
1983-08-26,0.1042,0.1055
1983-08-29,0.1055,0.1067
1983-08-30,0.1067,0.1123
1983-08-31,0.1132,0.1272
1983-09-01,0.1272,0.1243
1983-09-02,0.1243,0.1298
1983-09-06,0.1324,0.1345
1983-09-07,0.1341,0.1183
1983-09-08,0.1183,0.1085
1983-09-09,0.1085,0.1046
1983-09-12,0.1046,0.1046
1983-09-13,0.1046,0.1093
1983-09-14,0.1093,0.108
1983-09-15,0.108,0.1029
1983-09-16,0.1029,0.1003
1983-09-19,0.1003,0.1093
1983-09-20,0.1093,0.1097
1983-09-21,0.1097,0.1076
1983-09-22,0.1076,0.111
1983-09-23,0.0854,0.0828
1983-09-26,0.0833,0.085
1983-09-27,0.085,0.0803
1983-09-28,0.0803,0.0781
1983-09-29,0.0781,0.0777
1983-09-30,0.0777,0.079
1983-10-03,0.079,0.079
1983-10-04,0.079,0.0781
1983-10-05,0.0781,0.0769
1983-10-06,0.0769,0.076
1983-10-07,0.076,0.0696
1983-10-10,0.0687,0.0675
1983-10-11,0.0675,0.0662
1983-10-12,0.0662,0.0722
1983-10-13,0.0743,0.0786
1983-10-14,0.0786,0.0777
1983-10-17,0.0777,0.0717
1983-10-18,0.0709,0.0662
1983-10-19,0.0662,0.0734
1983-10-20,0.0734,0.0696
1983-10-21,0.0696,0.0679
1983-10-24,0.0679,0.0722
1983-10-25,0.0722,0.0726
1983-10-26,0.0726,0.0687
1983-10-27,0.0687,0.0722
1983-10-28,0.0722,0.0713
1983-10-31,0.0722,0.0773
1983-11-01,0.0773,0.0786
1983-11-02,0.0786,0.0803
1983-11-03,0.0803,0.0747
1983-11-04,0.0747,0.0722
1983-11-07,0.0722,0.0717
1983-11-08,0.0666,0.0611
1983-11-09,0.0611,0.0658
1983-11-10,0.0658,0.067
1983-11-11,0.067,0.0683
1983-11-14,0.0683,0.0675
1983-11-15,0.0675,0.0675
1983-11-16,0.0675,0.0683
1983-11-17,0.0683,0.07
1983-11-18,0.07,0.0705
1983-11-21,0.0705,0.0734
1983-11-22,0.0734,0.0734
1983-11-23,0.0734,0.0696
1983-11-25,0.0696,0.07
1983-11-28,0.07,0.0717
1983-11-29,0.0717,0.0709
1983-11-30,0.0709,0.0696
1983-12-01,0.0696,0.0692
1983-12-02,0.0692,0.0679
1983-12-05,0.0679,0.0696
1983-12-06,0.0696,0.07
1983-12-07,0.07,0.0717
1983-12-08,0.0717,0.0734
1983-12-09,0.0734,0.0739
1983-12-12,0.0739,0.0734
1983-12-13,0.0734,0.0769
1983-12-14,0.0769,0.0798
1983-12-15,0.0798,0.0833
1983-12-16,0.0833,0.0845
1983-12-19,0.0845,0.082
1983-12-20,0.082,0.0798
1983-12-21,0.0798,0.0828
1983-12-22,0.0828,0.0845
1983-12-23,0.0845,0.0841
1983-12-27,0.0841,0.0845
1983-12-28,0.0845,0.0854
1983-12-29,0.0854,0.0833
1983-12-30,0.0833,0.0833
1984-01-03,0.0833,0.0875
1984-01-04,0.088,0.0952
1984-01-05,0.0952,0.0965
1984-01-06,0.0965,0.0948
1984-01-09,0.0948,0.0897
1984-01-10,0.0897,0.0944
1984-01-11,0.0944,0.0956
1984-01-12,0.0956,0.0952
1984-01-13,0.0952,0.0931
1984-01-16,0.0931,0.0952
1984-01-17,0.0952,0.0978
1984-01-18,0.0978,0.0982
1984-01-19,0.0982,0.0991
1984-01-20,0.0991,0.0978
1984-01-23,0.0978,0.0986
1984-01-24,0.0986,0.0931
1984-01-25,0.0931,0.0922
1984-01-26,0.0922,0.0944
1984-01-27,0.0944,0.0892
1984-01-30,0.0892,0.0845
1984-01-31,0.0845,0.0845
1984-02-01,0.0845,0.0841
1984-02-02,0.0841,0.085
1984-02-03,0.085,0.0837
1984-02-06,0.0837,0.0794
1984-02-07,0.0794,0.0824
1984-02-08,0.0824,0.0794
1984-02-09,0.0794,0.0807
1984-02-10,0.0807,0.0833
1984-02-13,0.0833,0.0828
1984-02-14,0.0828,0.0875
1984-02-15,0.0875,0.0858
1984-02-16,0.0858,0.0867
1984-02-17,0.0867,0.0854
1984-02-21,0.0854,0.0892
1984-02-22,0.0897,0.0935
1984-02-23,0.0935,0.0918
1984-02-24,0.0918,0.0927
1984-02-27,0.0927,0.0922
1984-02-28,0.0922,0.0871
1984-02-29,0.0871,0.0897
1984-03-01,0.0897,0.0922
1984-03-02,0.0922,0.0931
1984-03-05,0.0931,0.0914
1984-03-06,0.0914,0.088
1984-03-07,0.088,0.0905
1984-03-08,0.0905,0.0918
1984-03-09,0.0918,0.0901
1984-03-12,0.0905,0.0935
1984-03-13,0.0935,0.0922
1984-03-14,0.0922,0.0909
1984-03-15,0.0909,0.0914
1984-03-16,0.0914,0.0909
1984-03-19,0.0905,0.0897
1984-03-20,0.0897,0.0888
1984-03-21,0.0888,0.0888
1984-03-22,0.0888,0.0871
1984-03-23,0.0871,0.0871
1984-03-26,0.0871,0.088
1984-03-27,0.088,0.0854
1984-03-28,0.0858,0.0871
1984-03-29,0.0871,0.0867
1984-03-30,0.0867,0.0845
1984-04-02,0.0845,0.085
1984-04-03,0.085,0.0854
1984-04-04,0.0854,0.0837
1984-04-05,0.0837,0.0824
1984-04-06,0.0824,0.0803
1984-04-09,0.0803,0.0803
1984-04-10,0.082,0.0845
1984-04-11,0.0845,0.0837
1984-04-12,0.0837,0.088
1984-04-13,0.088,0.088
1984-04-16,0.088,0.0897
1984-04-17,0.0914,0.0939
1984-04-18,0.0939,0.0956
1984-04-19,0.0956,0.0965
1984-04-23,0.0965,0.0969
1984-04-24,0.0969,0.0952
1984-04-25,0.0952,0.0944
1984-04-26,0.0948,0.1016
1984-04-27,0.1016,0.1029
1984-04-30,0.1029,0.1072
1984-05-01,0.1085,0.1136
1984-05-02,0.1136,0.1127
1984-05-03,0.1127,0.108
1984-05-04,0.108,0.1029
1984-05-07,0.1029,0.1063
1984-05-08,0.1067,0.1123
1984-05-09,0.1123,0.1132
1984-05-10,0.1132,0.1132
1984-05-11,0.1132,0.1102
1984-05-14,0.1097,0.108
1984-05-15,0.108,0.1089
1984-05-16,0.1089,0.1042
1984-05-17,0.1042,0.0995
1984-05-18,0.0995,0.1016
1984-05-21,0.1016,0.1089
1984-05-22,0.1089,0.1055
1984-05-23,0.1055,0.1033
1984-05-24,0.1033,0.1003
1984-05-25,0.1003,0.1008
1984-05-29,0.1008,0.1003
1984-05-30,0.1003,0.0991
1984-05-31,0.0991,0.1003
1984-06-01,0.1003,0.1038
1984-06-04,0.1038,0.1012
1984-06-05,0.0995,0.0952
1984-06-06,0.0952,0.0991
1984-06-07,0.0991,0.0982
1984-06-08,0.0982,0.0978
1984-06-11,0.0978,0.0978
1984-06-12,0.0978,0.0995
1984-06-13,0.0999,0.1016
1984-06-14,0.1016,0.0986
1984-06-15,0.0986,0.0991
1984-06-18,0.0991,0.1012
1984-06-19,0.1012,0.1003
1984-06-20,0.1003,0.1033
1984-06-21,0.1033,0.0991
1984-06-22,0.0991,0.0978
1984-06-25,0.0978,0.0931
1984-06-26,0.0931,0.0888
1984-06-27,0.0888,0.0863
1984-06-28,0.0863,0.0901
1984-06-29,0.0901,0.0905
1984-07-02,0.0905,0.0875
1984-07-03,0.0875,0.0863
1984-07-05,0.0863,0.0845
1984-07-06,0.0845,0.0858
1984-07-09,0.0858,0.0897
1984-07-10,0.0897,0.0918
1984-07-11,0.0918,0.0905
1984-07-12,0.0905,0.0909
1984-07-13,0.0909,0.0901
1984-07-16,0.0901,0.088
1984-07-17,0.088,0.088
1984-07-18,0.088,0.0867
1984-07-19,0.0867,0.0867
1984-07-20,0.0867,0.0867
1984-07-23,0.0867,0.0858
1984-07-24,0.0858,0.0909
1984-07-25,0.0914,0.0914
1984-07-26,0.0914,0.0931
1984-07-27,0.0931,0.0927
1984-07-30,0.0927,0.0871
1984-07-31,0.0871,0.0871
1984-08-01,0.0871,0.0854
1984-08-02,0.0854,0.0824
1984-08-03,0.0824,0.0935
1984-08-06,0.0935,0.0999
1984-08-07,0.0999,0.1012
1984-08-08,0.1012,0.0974
1984-08-09,0.0974,0.1016
1984-08-10,0.1016,0.0974
1984-08-13,0.0974,0.1025
1984-08-14,0.1025,0.0986
1984-08-15,0.0982,0.0952
1984-08-16,0.0952,0.0961
1984-08-17,0.0961,0.0939
1984-08-20,0.0939,0.0935
1984-08-21,0.0935,0.0974
1984-08-22,0.0974,0.0956
1984-08-23,0.0956,0.0961
1984-08-24,0.0961,0.0961
1984-08-27,0.0961,0.0952
1984-08-28,0.0952,0.0965
1984-08-29,0.0965,0.0939
1984-08-30,0.0939,0.0922
1984-08-31,0.0922,0.0905
1984-09-04,0.0905,0.0897
1984-09-05,0.0897,0.0897
1984-09-06,0.0897,0.0905
1984-09-07,0.0905,0.0905
1984-09-10,0.0905,0.0901
1984-09-11,0.0909,0.0918
1984-09-12,0.0918,0.0892
1984-09-13,0.0939,0.0939
1984-09-14,0.0944,0.0952
1984-09-17,0.0978,0.0978
1984-09-18,0.0978,0.0944
1984-09-19,0.0944,0.0922
1984-09-20,0.0927,0.0927
1984-09-21,0.0927,0.0918
1984-09-24,0.0918,0.0909
1984-09-25,0.0905,0.0892
1984-09-26,0.0892,0.088
1984-09-27,0.088,0.088
1984-09-28,0.088,0.0858
1984-10-01,0.0854,0.0837
1984-10-02,0.0845,0.0845
1984-10-03,0.0858,0.0858
1984-10-04,0.0867,0.0867
1984-10-05,0.0867,0.085
1984-10-08,0.085,0.085
1984-10-09,0.085,0.0841
1984-10-10,0.0841,0.0816
1984-10-11,0.0816,0.0811
1984-10-12,0.0811,0.0777
1984-10-15,0.082,0.082
1984-10-16,0.082,0.0816
1984-10-17,0.085,0.085
1984-10-18,0.0875,0.0875
1984-10-19,0.0875,0.0875
1984-10-22,0.0875,0.0867
1984-10-23,0.0888,0.0888
1984-10-24,0.0897,0.0897
1984-10-25,0.0897,0.0863
1984-10-26,0.0863,0.0841
1984-10-29,0.0845,0.0845
1984-10-30,0.0854,0.0854
1984-10-31,0.0854,0.085
1984-11-01,0.0854,0.0854
1984-11-02,0.0854,0.085
1984-11-05,0.085,0.0845
1984-11-06,0.0897,0.0897
1984-11-07,0.0897,0.088
1984-11-08,0.088,0.0845
1984-11-09,0.0845,0.0794
1984-11-12,0.0824,0.0824
1984-11-13,0.0824,0.0803
1984-11-14,0.0811,0.0811
1984-11-15,0.0811,0.0811
1984-11-16,0.0811,0.0794
1984-11-19,0.0794,0.0747
1984-11-20,0.0773,0.0773
1984-11-21,0.079,0.079
1984-11-23,0.0798,0.0811
1984-11-26,0.082,0.082
1984-11-27,0.0841,0.0841
1984-11-28,0.0884,0.0884
1984-11-29,0.0884,0.0867
1984-11-30,0.0867,0.0845
1984-12-03,0.0845,0.0833
1984-12-04,0.085,0.085
1984-12-05,0.0892,0.0892
1984-12-06,0.0935,0.0935
1984-12-07,0.0935,0.0931
1984-12-10,0.0931,0.0914
1984-12-11,0.0914,0.0901
1984-12-12,0.0901,0.0871
1984-12-13,0.088,0.088
1984-12-14,0.088,0.0901
1984-12-17,0.0922,0.0922
1984-12-18,0.0978,0.0978
1984-12-19,0.0978,0.0939
1984-12-20,0.0939,0.0935
1984-12-21,0.0935,0.0922
1984-12-24,0.0939,0.0939
1984-12-26,0.0944,0.0944
1984-12-27,0.0948,0.0948
1984-12-28,0.0948,0.0982
1984-12-31,0.0995,0.0995
1985-01-02,0.0995,0.0952
1985-01-03,0.0969,0.0969
1985-01-04,0.0969,0.0969
1985-01-07,0.0969,0.0965
1985-01-08,0.0965,0.0956
1985-01-09,0.0982,0.0982
1985-01-10,0.1025,0.1025
1985-01-11,0.1025,0.1016
1985-01-14,0.1046,0.1046
1985-01-15,0.1046,0.1025
1985-01-16,0.1033,0.1033
1985-01-17,0.1033,0.0961
1985-01-18,0.0961,0.0978
1985-01-21,0.0999,0.0999
1985-01-22,0.1029,0.1029
1985-01-23,0.1029,0.1012
1985-01-24,0.1012,0.0991
1985-01-25,0.0991,0.1012
1985-01-28,0.1033,0.1033
1985-01-29,0.1033,0.1021
1985-01-30,0.1021,0.1021
1985-01-31,0.1021,0.0991
1985-02-01,0.0991,0.0978
1985-02-04,0.0999,0.0999
1985-02-05,0.1008,0.1008
1985-02-06,0.1025,0.1025
1985-02-07,0.1025,0.1021
1985-02-08,0.1021,0.1021
1985-02-11,0.1042,0.1042
1985-02-12,0.1042,0.1016
1985-02-13,0.1016,0.0969
1985-02-14,0.0969,0.0944
1985-02-15,0.0944,0.0956
1985-02-19,0.0952,0.0944
1985-02-20,0.0944,0.0901
1985-02-21,0.0918,0.0918
1985-02-22,0.0918,0.0944
1985-02-25,0.0944,0.0931
1985-02-26,0.0931,0.0914
1985-02-27,0.0914,0.0858
1985-02-28,0.0858,0.0845
1985-03-01,0.0845,0.085
1985-03-04,0.0863,0.0863
1985-03-05,0.0884,0.0884
1985-03-06,0.0884,0.0841
1985-03-07,0.0841,0.0756
1985-03-08,0.0756,0.0734
1985-03-11,0.076,0.076
1985-03-12,0.0786,0.0786
1985-03-13,0.0786,0.0743
1985-03-14,0.0743,0.0743
1985-03-15,0.0743,0.0773
1985-03-18,0.0781,0.0781
1985-03-19,0.0781,0.0751
1985-03-20,0.076,0.076
1985-03-21,0.0773,0.0773
1985-03-22,0.0773,0.076
1985-03-25,0.076,0.0739
1985-03-26,0.0769,0.0769
1985-03-27,0.0769,0.0747
1985-03-28,0.0747,0.0747
1985-03-29,0.0747,0.0756
1985-04-01,0.0756,0.0739
1985-04-02,0.0739,0.0717
1985-04-03,0.0717,0.0717
1985-04-04,0.0717,0.0713
1985-04-08,0.0713,0.067
1985-04-09,0.067,0.067
1985-04-10,0.0717,0.0717
1985-04-11,0.073,0.073
1985-04-12,0.073,0.0713
1985-04-15,0.073,0.073
1985-04-16,0.0739,0.0739
1985-04-17,0.0773,0.0773
1985-04-18,0.0781,0.0781
1985-04-19,0.0781,0.0769
1985-04-22,0.0769,0.0739
1985-04-23,0.0756,0.0756
1985-04-24,0.0756,0.0751
1985-04-25,0.0751,0.0751
1985-04-26,0.0751,0.0747
1985-04-29,0.0747,0.0722
1985-04-30,0.0726,0.0726
1985-05-01,0.0726,0.0713
1985-05-02,0.0705,0.0658
1985-05-03,0.0658,0.0683
1985-05-06,0.0683,0.0675
1985-05-07,0.0683,0.0683
1985-05-08,0.0679,0.0679
1985-05-09,0.0683,0.0683
1985-05-10,0.0683,0.0692
1985-05-13,0.0692,0.0683
1985-05-14,0.0683,0.0675
1985-05-15,0.0683,0.0683
1985-05-16,0.073,0.073
1985-05-17,0.073,0.0743
1985-05-20,0.0743,0.073
1985-05-21,0.0726,0.0709
1985-05-22,0.0709,0.0705
1985-05-23,0.07,0.0675
1985-05-24,0.0675,0.0619
1985-05-28,0.0611,0.0576
1985-05-29,0.0585,0.0585
1985-05-30,0.0602,0.0602
1985-05-31,0.0602,0.0594
1985-06-03,0.0581,0.0547
1985-06-04,0.0589,0.0589
1985-06-05,0.0589,0.0576
1985-06-06,0.0581,0.0581
1985-06-07,0.0581,0.0559
1985-06-10,0.0559,0.0551
1985-06-11,0.0551,0.0551
1985-06-12,0.0551,0.0538
1985-06-13,0.0538,0.0508
1985-06-14,0.0508,0.0504
1985-06-17,0.0508,0.0508
1985-06-18,0.0521,0.0521
1985-06-19,0.0534,0.0534
1985-06-20,0.0538,0.0538
1985-06-21,0.0551,0.0551
1985-06-24,0.0589,0.0589
1985-06-25,0.0598,0.0598
1985-06-26,0.0619,0.0619
1985-06-27,0.0628,0.0628
1985-06-28,0.0628,0.0615
1985-07-01,0.0619,0.0619
1985-07-02,0.0619,0.0589
1985-07-03,0.0598,0.0598
1985-07-05,0.0602,0.0602
1985-07-08,0.0602,0.0602
1985-07-09,0.0602,0.0602
1985-07-10,0.0615,0.0615
1985-07-11,0.0615,0.0615
1985-07-12,0.0615,0.0611
1985-07-15,0.0611,0.0606
1985-07-16,0.0606,0.0598
1985-07-17,0.0602,0.0602
1985-07-18,0.0602,0.0589
1985-07-19,0.0594,0.0594
1985-07-22,0.0594,0.0576
1985-07-23,0.0576,0.0564
1985-07-24,0.0564,0.0555
1985-07-25,0.0568,0.0568
1985-07-26,0.0568,0.0568
1985-07-29,0.0568,0.0547
1985-07-30,0.0555,0.0555
1985-07-31,0.0555,0.0542
1985-08-01,0.0542,0.0542
1985-08-02,0.0542,0.0538
1985-08-05,0.0538,0.0525
1985-08-06,0.0525,0.0521
1985-08-07,0.0521,0.0508
1985-08-08,0.0517,0.0517
1985-08-09,0.0521,0.0521
1985-08-12,0.0521,0.0512
1985-08-13,0.0521,0.0521
1985-08-14,0.0521,0.05
1985-08-15,0.05,0.0495
1985-08-16,0.05,0.05
1985-08-19,0.0512,0.0512
1985-08-20,0.0521,0.0521
1985-08-21,0.0521,0.0521
1985-08-22,0.0521,0.0508
1985-08-23,0.0508,0.0504
1985-08-26,0.0517,0.0517
1985-08-27,0.0521,0.0521
1985-08-28,0.0521,0.0521
1985-08-29,0.0521,0.0508
1985-08-30,0.0512,0.0512
1985-09-03,0.0512,0.0504
1985-09-04,0.0508,0.0508
1985-09-05,0.0508,0.0508
1985-09-06,0.0512,0.0512
1985-09-09,0.0521,0.0521
1985-09-10,0.0525,0.0525
1985-09-11,0.0529,0.0529
1985-09-12,0.0551,0.0551
1985-09-13,0.0551,0.0538
1985-09-16,0.0538,0.0521
1985-09-17,0.0521,0.0521
1985-09-18,0.0555,0.0555
1985-09-19,0.0581,0.0581
1985-09-20,0.0581,0.0572
1985-09-23,0.0576,0.0576
1985-09-24,0.0576,0.0564
1985-09-25,0.0564,0.0542
1985-09-26,0.0542,0.0542
1985-09-30,0.0542,0.0538
1985-10-01,0.0538,0.0538
1985-10-02,0.0538,0.0534
1985-10-03,0.0534,0.0529
1985-10-04,0.0529,0.0512
1985-10-07,0.0512,0.0512
1985-10-08,0.0517,0.0517
1985-10-09,0.0517,0.0512
1985-10-10,0.0542,0.0542
1985-10-11,0.0547,0.0547
1985-10-14,0.0568,0.0568
1985-10-15,0.0581,0.0581
1985-10-16,0.0615,0.0615
1985-10-17,0.0623,0.0623
1985-10-18,0.0623,0.0606
1985-10-21,0.0606,0.0589
1985-10-22,0.0615,0.0615
1985-10-23,0.0615,0.0615
1985-10-24,0.0628,0.0628
1985-10-25,0.0628,0.0615
1985-10-28,0.0615,0.0615
1985-10-29,0.0615,0.0611
1985-10-30,0.0649,0.0649
1985-10-31,0.0649,0.0636
1985-11-01,0.0636,0.0636
1985-11-04,0.064,0.064
1985-11-05,0.064,0.0636
1985-11-06,0.0658,0.0658
1985-11-07,0.067,0.067
1985-11-08,0.07,0.07
1985-11-11,0.07,0.0683
1985-11-12,0.0683,0.0679
1985-11-13,0.0679,0.0662
1985-11-14,0.0683,0.0683
1985-11-15,0.0683,0.0679
1985-11-18,0.0679,0.0679
1985-11-19,0.0679,0.0658
1985-11-20,0.0658,0.0649
1985-11-21,0.0649,0.0649
1985-11-22,0.0649,0.0649
1985-11-25,0.0649,0.0653
1985-11-26,0.0653,0.0662
1985-11-27,0.0662,0.0683
1985-11-29,0.0683,0.0687
1985-12-02,0.0687,0.0692
1985-12-03,0.0692,0.0687
1985-12-04,0.0687,0.07
1985-12-05,0.07,0.0687
1985-12-06,0.0687,0.0675
1985-12-09,0.0675,0.0662
1985-12-10,0.0662,0.0666
1985-12-11,0.0666,0.0675
1985-12-12,0.0679,0.0683
1985-12-13,0.0683,0.0683
1985-12-16,0.0683,0.0713
1985-12-17,0.0713,0.0705
1985-12-18,0.073,0.076
1985-12-19,0.076,0.0769
1985-12-20,0.0769,0.0764
1985-12-23,0.0764,0.0747
1985-12-24,0.0747,0.0743
1985-12-26,0.0743,0.0743
1985-12-27,0.0743,0.0764
1985-12-30,0.0764,0.076
1985-12-31,0.076,0.0751
1986-01-02,0.0751,0.076
1986-01-03,0.076,0.0764
1986-01-06,0.0764,0.076
1986-01-07,0.076,0.0786
1986-01-08,0.0786,0.0781
1986-01-09,0.0781,0.0773
1986-01-10,0.0773,0.0777
1986-01-13,0.0777,0.0786
1986-01-14,0.0786,0.0794
1986-01-15,0.0794,0.0816
1986-01-16,0.0816,0.0837
1986-01-17,0.0837,0.082
1986-01-20,0.082,0.0816
1986-01-21,0.0816,0.082
1986-01-22,0.082,0.0798
1986-01-23,0.0798,0.0786
1986-01-24,0.0786,0.0773
1986-01-27,0.0773,0.0756
1986-01-28,0.0756,0.076
1986-01-29,0.076,0.0807
1986-01-30,0.0803,0.0786
1986-01-31,0.0786,0.079
1986-02-03,0.079,0.0816
1986-02-04,0.0816,0.0811
1986-02-05,0.0811,0.0811
1986-02-06,0.0811,0.0824
1986-02-07,0.0824,0.082
1986-02-10,0.082,0.0816
1986-02-11,0.0816,0.0816
1986-02-12,0.0816,0.082
1986-02-13,0.082,0.0816
1986-02-14,0.0816,0.0811
1986-02-18,0.0811,0.0816
1986-02-19,0.0816,0.0854
1986-02-20,0.0854,0.0858
1986-02-21,0.0858,0.0863
1986-02-24,0.0863,0.088
1986-02-25,0.088,0.0901
1986-02-26,0.0901,0.0888
1986-02-27,0.0888,0.0875
1986-02-28,0.0875,0.0854
1986-03-03,0.0854,0.0841
1986-03-04,0.0841,0.0841
1986-03-05,0.0841,0.0863
1986-03-06,0.0863,0.0867
1986-03-07,0.0867,0.0845
1986-03-10,0.0845,0.0841
1986-03-11,0.0841,0.085
1986-03-12,0.085,0.0845
1986-03-13,0.0845,0.0845
1986-03-14,0.0845,0.0892
1986-03-17,0.0888,0.0888
1986-03-18,0.0888,0.0918
1986-03-19,0.0918,0.0905
1986-03-20,0.0956,0.0965
1986-03-21,0.0965,0.0944
1986-03-24,0.0944,0.0914
1986-03-25,0.0914,0.0952
1986-03-26,0.0952,0.0965
1986-03-27,0.0965,0.0965
1986-03-31,0.0965,0.0965
1986-04-01,0.0965,0.0931
1986-04-02,0.0931,0.0931
1986-04-03,0.0931,0.0922
1986-04-04,0.0922,0.0914
1986-04-07,0.0914,0.0931
1986-04-08,0.0931,0.0944
1986-04-09,0.0944,0.0927
1986-04-10,0.0927,0.0931
1986-04-11,0.0931,0.0922
1986-04-14,0.0922,0.0918
1986-04-15,0.0918,0.0935
1986-04-16,0.0935,0.0965
1986-04-17,0.0965,0.0991
1986-04-18,0.0991,0.1016
1986-04-21,0.1021,0.1038
1986-04-22,0.1038,0.1021
1986-04-23,0.1021,0.1012
1986-04-24,0.1012,0.1072
1986-04-25,0.1072,0.1102
1986-04-28,0.1102,0.1093
1986-04-29,0.1093,0.1067
1986-04-30,0.1067,0.1033
1986-05-01,0.1033,0.1033
1986-05-02,0.1033,0.1042
1986-05-05,0.1042,0.1097
1986-05-06,0.1102,0.1114
1986-05-07,0.1114,0.1076
1986-05-08,0.1076,0.1127
1986-05-09,0.1127,0.114
1986-05-12,0.114,0.1243
1986-05-13,0.1243,0.123
1986-05-14,0.123,0.126
1986-05-15,0.126,0.123
1986-05-16,0.123,0.123
1986-05-19,0.123,0.1217
1986-05-20,0.1217,0.1208
1986-05-21,0.1208,0.1264
1986-05-22,0.1264,0.1255
1986-05-23,0.1255,0.1264
1986-05-27,0.1264,0.126
1986-05-28,0.126,0.1272
1986-05-29,0.1272,0.1264
1986-05-30,0.1264,0.1264
1986-06-02,0.1264,0.1268
1986-06-03,0.1268,0.1294
1986-06-04,0.1294,0.1324
1986-06-05,0.1324,0.1328
1986-06-06,0.1328,0.129
1986-06-09,0.129,0.123
1986-06-10,0.123,0.123
1986-06-11,0.123,0.1234
1986-06-12,0.1234,0.123
1986-06-13,0.123,0.1243
1986-06-16,0.1243,0.1225
1986-06-17,0.1225,0.117
1986-06-18,0.117,0.117
1986-06-19,0.117,0.1196
1986-06-20,0.1196,0.123
1986-06-23,0.123,0.1187
1986-06-24,0.1187,0.1191
1986-06-25,0.1196,0.1225
1986-06-26,0.1225,0.1238
1986-06-27,0.1238,0.1225
1986-06-30,0.1225,0.1225
1986-07-01,0.1225,0.1208
1986-07-02,0.1208,0.1234
1986-07-03,0.1234,0.1285
1986-07-07,0.1285,0.1217
1986-07-08,0.1204,0.117
1986-07-09,0.117,0.1183
1986-07-10,0.1187,0.1208
1986-07-11,0.1208,0.1268
1986-07-14,0.1268,0.1238
1986-07-15,0.1196,0.1191
1986-07-16,0.1213,0.1144
1986-07-17,0.1144,0.1102
1986-07-18,0.1102,0.1085
1986-07-21,0.1127,0.1144
1986-07-22,0.1144,0.1183
1986-07-23,0.1183,0.1166
1986-07-24,0.117,0.1132
1986-07-25,0.1132,0.1161
1986-07-28,0.1157,0.1106
1986-07-29,0.1102,0.1067
1986-07-30,0.1067,0.1042
1986-07-31,0.1042,0.1067
1986-08-01,0.1063,0.1072
1986-08-04,0.1072,0.1076
1986-08-05,0.108,0.1097
1986-08-06,0.1097,0.1063
1986-08-07,0.1063,0.1085
1986-08-08,0.1089,0.108
1986-08-11,0.1089,0.1144
1986-08-12,0.114,0.117
1986-08-13,0.117,0.123
1986-08-14,0.123,0.123
1986-08-15,0.1234,0.1221
1986-08-18,0.1221,0.1208
1986-08-19,0.12,0.1208
1986-08-20,0.1204,0.1238
1986-08-21,0.1234,0.1221
1986-08-22,0.1225,0.1238
1986-08-25,0.1247,0.1243
1986-08-26,0.1243,0.1251
1986-08-27,0.1251,0.1264
1986-08-28,0.1264,0.129
1986-08-29,0.1285,0.1264
1986-09-02,0.1268,0.1187
1986-09-03,0.1187,0.1187
1986-09-04,0.1196,0.1213
1986-09-05,0.1217,0.12
1986-09-08,0.1196,0.1187
1986-09-09,0.1183,0.1221
1986-09-10,0.1217,0.1196
1986-09-11,0.1183,0.1114
1986-09-12,0.111,0.1085
1986-09-15,0.1102,0.1132
1986-09-16,0.1132,0.1191
1986-09-17,0.1191,0.117
1986-09-18,0.117,0.1161
1986-09-19,0.1153,0.1149
1986-09-22,0.1144,0.1204
1986-09-23,0.1204,0.1234
1986-09-24,0.1234,0.12
1986-09-25,0.12,0.1178
1986-09-26,0.1166,0.117
1986-09-29,0.1149,0.111
1986-09-30,0.1123,0.1144
1986-10-01,0.114,0.1166
1986-10-02,0.1153,0.1166
1986-10-03,0.1174,0.1153
1986-10-06,0.1153,0.1166
1986-10-07,0.1161,0.1127
1986-10-08,0.1123,0.1119
1986-10-09,0.1119,0.1127
1986-10-10,0.1123,0.1136
1986-10-13,0.1132,0.1183
1986-10-14,0.1183,0.1161
1986-10-15,0.1144,0.114
1986-10-16,0.114,0.1149
1986-10-17,0.1153,0.1149
1986-10-20,0.1144,0.1123
1986-10-21,0.1127,0.1119
1986-10-22,0.1119,0.111
1986-10-23,0.111,0.1132
1986-10-24,0.1132,0.1127
1986-10-27,0.1144,0.1161
1986-10-28,0.1161,0.114
1986-10-29,0.1144,0.114
1986-10-30,0.1144,0.117
1986-10-31,0.117,0.1183
1986-11-03,0.1187,0.1196
1986-11-04,0.1191,0.1221
1986-11-05,0.1221,0.1264
1986-11-06,0.1251,0.1234
1986-11-07,0.123,0.1221
1986-11-10,0.1225,0.1208
1986-11-11,0.1213,0.1213
1986-11-12,0.1221,0.1251
1986-11-13,0.1247,0.1213
1986-11-14,0.1213,0.1204
1986-11-17,0.1204,0.1243
1986-11-18,0.1243,0.1208
1986-11-19,0.12,0.1196
1986-11-20,0.1191,0.1204
1986-11-21,0.1204,0.123
1986-11-24,0.1238,0.1298
1986-11-25,0.1298,0.1375
1986-11-26,0.1371,0.1383
1986-11-28,0.1383,0.1366
1986-12-01,0.1366,0.1371
1986-12-02,0.1383,0.1418
1986-12-03,0.1422,0.146
1986-12-04,0.1456,0.1452
1986-12-05,0.1456,0.1494
1986-12-08,0.149,0.1452
1986-12-09,0.1447,0.1447
1986-12-10,0.1447,0.1486
1986-12-11,0.149,0.1465
1986-12-12,0.1465,0.1409
1986-12-15,0.1401,0.1426
1986-12-16,0.1422,0.1452
1986-12-17,0.1447,0.1409
1986-12-18,0.1405,0.1413
1986-12-19,0.1413,0.1439
1986-12-22,0.1435,0.1439
1986-12-23,0.1443,0.1439
1986-12-24,0.1435,0.143
1986-12-26,0.143,0.1401
1986-12-29,0.1401,0.1383
1986-12-30,0.1383,0.1401
1986-12-31,0.1401,0.1383
1987-01-02,0.1379,0.1396
1987-01-05,0.1409,0.1469
1987-01-06,0.1473,0.1494
1987-01-07,0.1499,0.1529
1987-01-08,0.1529,0.1529
1987-01-09,0.1529,0.155
1987-01-12,0.1554,0.1554
1987-01-13,0.1541,0.1524
1987-01-14,0.1524,0.1644
1987-01-15,0.1648,0.1704
1987-01-16,0.1708,0.1665
1987-01-19,0.1665,0.1815
1987-01-20,0.1879,0.1763
1987-01-21,0.1738,0.1674
1987-01-22,0.167,0.1793
1987-01-23,0.1793,0.1716
1987-01-26,0.1708,0.1699
1987-01-27,0.1708,0.1802
1987-01-28,0.181,0.1892
1987-01-29,0.1909,0.1849
1987-01-30,0.1845,0.1896
1987-02-02,0.1896,0.1909
1987-02-03,0.1913,0.1896
1987-02-04,0.1896,0.1879
1987-02-05,0.1879,0.184
1987-02-06,0.1845,0.1845
1987-02-09,0.1806,0.1798
1987-02-10,0.1793,0.1802
1987-02-11,0.181,0.193
1987-02-12,0.1947,0.2003
1987-02-13,0.2003,0.2122
1987-02-17,0.2122,0.2267
1987-02-18,0.2276,0.2169
1987-02-19,0.2169,0.2131
1987-02-20,0.2131,0.2092
1987-02-23,0.2079,0.2156
1987-02-24,0.2161,0.2237
1987-02-25,0.2237,0.2361
1987-02-26,0.2374,0.2361
1987-02-27,0.2361,0.2391
1987-03-02,0.24,0.2306
1987-03-03,0.2306,0.222
1987-03-04,0.2246,0.231
1987-03-05,0.2306,0.234
1987-03-06,0.2297,0.2297
1987-03-09,0.2272,0.2208
1987-03-10,0.2203,0.228
1987-03-11,0.2297,0.2263
1987-03-12,0.2254,0.2229
1987-03-13,0.2229,0.2169
1987-03-16,0.2169,0.2229
1987-03-17,0.2237,0.2289
1987-03-18,0.2297,0.2254
1987-03-19,0.2246,0.2336
1987-03-20,0.2331,0.2331
1987-03-23,0.2323,0.2306
1987-03-24,0.2314,0.2263
1987-03-25,0.2272,0.228
1987-03-26,0.228,0.2297
1987-03-27,0.2297,0.222
1987-03-30,0.2169,0.2135
1987-03-31,0.2126,0.2203
1987-04-01,0.2152,0.228
1987-04-02,0.2331,0.2451
1987-04-03,0.2442,0.2451
1987-04-06,0.2442,0.2391
1987-04-07,0.2383,0.2314
1987-04-08,0.2314,0.2357
1987-04-09,0.2348,0.2425
1987-04-10,0.2434,0.24
1987-04-13,0.2391,0.2306
1987-04-14,0.228,0.2323
1987-04-15,0.2374,0.2425
1987-04-16,0.2434,0.2442
1987-04-20,0.2442,0.243
1987-04-21,0.24,0.2553
1987-04-22,0.2617,0.2536
1987-04-23,0.2536,0.2596
1987-04-24,0.2588,0.2553
1987-04-27,0.2536,0.2562
1987-04-28,0.2588,0.263
1987-04-29,0.2639,0.2656
1987-04-30,0.2664,0.2707
1987-05-01,0.2716,0.2733
1987-05-04,0.2716,0.2724
1987-05-05,0.2733,0.2741
1987-05-06,0.275,0.2733
1987-05-07,0.2724,0.2741
1987-05-08,0.275,0.2699
1987-05-11,0.2634,0.2634
1987-05-12,0.26,0.2583
1987-05-13,0.2591,0.2686
1987-05-14,0.2677,0.2711
1987-05-15,0.2711,0.2677
1987-05-18,0.2677,0.2591
1987-05-19,0.2591,0.2506
1987-05-20,0.2497,0.2549
1987-05-21,0.2557,0.2549
1987-05-22,0.2566,0.2536
1987-05-26,0.2549,0.2668
1987-05-27,0.2668,0.272
1987-05-28,0.272,0.2737
1987-05-29,0.2745,0.2703
1987-06-01,0.272,0.266
1987-06-02,0.2651,0.2643
1987-06-03,0.2643,0.266
1987-06-04,0.2668,0.2686
1987-06-05,0.2694,0.266
1987-06-08,0.266,0.266
1987-06-09,0.2651,0.2686
1987-06-10,0.2694,0.2686
1987-06-11,0.2686,0.2703
1987-06-12,0.2703,0.2703
1987-06-15,0.2703,0.2686
1987-06-16,0.284,0.284
1987-06-17,0.284,0.2771
1987-06-18,0.2754,0.284
1987-06-19,0.284,0.2805
1987-06-22,0.2822,0.2874
1987-06-23,0.2874,0.2822
1987-06-24,0.284,0.2874
1987-06-25,0.2874,0.2771
1987-06-26,0.2788,0.2771
1987-06-29,0.2771,0.2788
1987-06-30,0.2771,0.2771
1987-07-01,0.2788,0.2737
1987-07-02,0.2737,0.278
1987-07-06,0.2788,0.2788
1987-07-07,0.2771,0.2686
1987-07-08,0.2686,0.2549
1987-07-09,0.2549,0.2583
1987-07-10,0.26,0.26
1987-07-13,0.2668,0.2771
1987-07-14,0.2805,0.2942
1987-07-15,0.2942,0.3011
1987-07-16,0.3011,0.3011
1987-07-17,0.3028,0.2959
1987-07-20,0.2942,0.2857
1987-07-21,0.2874,0.2831
1987-07-22,0.284,0.2908
1987-07-23,0.2942,0.2857
1987-07-24,0.284,0.2908
1987-07-27,0.2908,0.2891
1987-07-28,0.2908,0.2865
1987-07-29,0.2874,0.2805
1987-07-30,0.2805,0.284
1987-07-31,0.2822,0.2822
1987-08-03,0.2805,0.2754
1987-08-04,0.2771,0.2891
1987-08-05,0.2891,0.2959
1987-08-06,0.2959,0.3165
1987-08-07,0.3165,0.3182
1987-08-10,0.3306,0.3306
1987-08-11,0.3391,0.3391
1987-08-12,0.3391,0.334
1987-08-13,0.334,0.3357
1987-08-14,0.3323,0.3357
1987-08-17,0.3391,0.3391
1987-08-18,0.3374,0.334
1987-08-19,0.3391,0.3426
1987-08-20,0.3443,0.3545
1987-08-21,0.3545,0.3631
1987-08-24,0.3631,0.358
1987-08-25,0.3614,0.3563
1987-08-26,0.3631,0.3563
1987-08-27,0.358,0.3563
1987-08-28,0.3563,0.3563
1987-08-31,0.358,0.37
1987-09-01,0.3751,0.3597
1987-09-02,0.3563,0.3563
1987-09-03,0.3597,0.3511
1987-09-04,0.3511,0.346
1987-09-08,0.3443,0.3417
1987-09-09,0.3443,0.3614
1987-09-10,0.3648,0.3682
1987-09-11,0.37,0.3734
1987-09-14,0.3751,0.3631
1987-09-15,0.3631,0.3545
1987-09-16,0.3545,0.3545
1987-09-17,0.3563,0.3563
1987-09-18,0.3563,0.3545
1987-09-21,0.3545,0.3443
1987-09-22,0.346,0.3708
1987-09-23,0.3708,0.3785
1987-09-24,0.3785,0.3871
1987-09-25,0.3888,0.3939
1987-09-28,0.3939,0.3819
1987-09-29,0.3837,0.3734
1987-09-30,0.3717,0.3871
1987-10-01,0.3888,0.3991
1987-10-02,0.3991,0.4008
1987-10-05,0.4008,0.4059
1987-10-06,0.4076,0.3819
1987-10-07,0.3802,0.3802
1987-10-08,0.3802,0.3717
1987-10-09,0.3717,0.3708
1987-10-12,0.3717,0.3648
1987-10-13,0.3734,0.3734
1987-10-14,0.3682,0.3648
1987-10-15,0.3648,0.3563
1987-10-16,0.358,0.3306
1987-10-19,0.3306,0.2501
1987-10-20,0.2638,0.2364
1987-10-21,0.2638,0.2775
1987-10-22,0.2689,0.2518
1987-10-23,0.2449,0.2432
1987-10-26,0.2364,0.1918
1987-10-27,0.2021,0.2072
1987-10-28,0.2107,0.2295
1987-10-29,0.2346,0.2706
1987-10-30,0.274,0.2646
1987-11-02,0.2655,0.2655
1987-11-03,0.2603,0.2484
1987-11-04,0.2432,0.2466
1987-11-05,0.2484,0.2603
1987-11-06,0.2621,0.2586
1987-11-09,0.2535,0.2552
1987-11-10,0.2501,0.2484
1987-11-11,0.2552,0.2552
1987-11-12,0.2638,0.2655
1987-11-13,0.2689,0.2552
1987-11-16,0.2586,0.2518
1987-11-17,0.2523,0.2403
1987-11-18,0.2455,0.2489
1987-11-19,0.2506,0.2369
1987-11-20,0.2334,0.2437
1987-11-23,0.2437,0.2489
1987-11-24,0.2523,0.254
1987-11-25,0.254,0.2506
1987-11-27,0.2489,0.2403
1987-11-30,0.2317,0.2266
1987-12-01,0.23,0.2283
1987-12-02,0.2283,0.2231
1987-12-03,0.2266,0.2094
1987-12-04,0.2077,0.2111
1987-12-07,0.2128,0.2266
1987-12-08,0.23,0.2369
1987-12-09,0.2369,0.2403
1987-12-10,0.2317,0.2386
1987-12-11,0.2386,0.2334
1987-12-14,0.2369,0.2558
1987-12-15,0.2592,0.2575
1987-12-16,0.2592,0.2695
1987-12-17,0.2781,0.2695
1987-12-18,0.2712,0.2781
1987-12-21,0.2781,0.2867
1987-12-22,0.2867,0.2849
1987-12-23,0.2867,0.2901
1987-12-24,0.2884,0.2927
1987-12-28,0.2901,0.2764
1987-12-29,0.2781,0.2892
1987-12-30,0.2918,0.2978
1987-12-31,0.2918,0.2884
1988-01-04,0.2935,0.3073
1988-01-05,0.3158,0.3064
1988-01-06,0.309,0.3004
1988-01-07,0.2987,0.3055
1988-01-08,0.3055,0.2746
1988-01-11,0.2746,0.2918
1988-01-12,0.2952,0.2884
1988-01-13,0.2884,0.2901
1988-01-14,0.2935,0.2901
1988-01-15,0.2987,0.2944
1988-01-18,0.2952,0.2935
1988-01-19,0.2901,0.2935
1988-01-20,0.2952,0.2729
1988-01-21,0.2781,0.2755
1988-01-22,0.2781,0.2695
1988-01-25,0.2712,0.2806
1988-01-26,0.2798,0.2729
1988-01-27,0.2764,0.2729
1988-01-28,0.2746,0.2832
1988-01-29,0.2849,0.2849
1988-02-01,0.2867,0.2867
1988-02-02,0.2849,0.2832
1988-02-03,0.2815,0.2712
1988-02-04,0.2712,0.2729
1988-02-05,0.2746,0.2652
1988-02-08,0.2643,0.2661
1988-02-09,0.2678,0.2729
1988-02-10,0.2729,0.2815
1988-02-11,0.2815,0.2789
1988-02-12,0.2795,0.2821
1988-02-16,0.2821,0.2838
1988-02-17,0.2838,0.2881
1988-02-18,0.2864,0.2872
1988-02-19,0.2872,0.2872
1988-02-22,0.2855,0.2975
1988-02-23,0.2975,0.2941
1988-02-24,0.2941,0.2907
1988-02-25,0.2889,0.2872
1988-02-26,0.2889,0.2872
1988-02-29,0.2872,0.2958
1988-03-01,0.2975,0.2975
1988-03-02,0.301,0.3079
1988-03-03,0.3061,0.3199
1988-03-04,0.3165,0.3225
1988-03-07,0.3216,0.3225
1988-03-08,0.3216,0.3182
1988-03-09,0.3182,0.3216
1988-03-10,0.3233,0.3113
1988-03-11,0.313,0.3147
1988-03-14,0.3147,0.3182
1988-03-15,0.3165,0.3096
1988-03-16,0.3087,0.3173
1988-03-17,0.3182,0.3096
1988-03-18,0.3096,0.3079
1988-03-21,0.3053,0.3018
1988-03-22,0.3027,0.3027
1988-03-23,0.3027,0.2924
1988-03-24,0.2872,0.2812
1988-03-25,0.2803,0.276
1988-03-28,0.2752,0.2855
1988-03-29,0.2855,0.2821
1988-03-30,0.2803,0.2717
1988-03-31,0.2735,0.2752
1988-04-04,0.2735,0.2666
1988-04-05,0.27,0.27
1988-04-06,0.2717,0.2872
1988-04-07,0.2872,0.2803
1988-04-08,0.2803,0.2821
1988-04-11,0.2872,0.2855
1988-04-12,0.2872,0.2872
1988-04-13,0.2872,0.2838
1988-04-14,0.2786,0.2717
1988-04-15,0.2735,0.2717
1988-04-18,0.2735,0.2752
1988-04-19,0.276,0.2769
1988-04-20,0.2769,0.2735
1988-04-21,0.2778,0.2717
1988-04-22,0.2735,0.276
1988-04-25,0.2769,0.2812
1988-04-26,0.2821,0.2855
1988-04-27,0.2872,0.2872
1988-04-28,0.2872,0.2846
1988-04-29,0.2838,0.2821
1988-05-02,0.2803,0.2821
1988-05-03,0.2821,0.2872
1988-05-04,0.2881,0.2889
1988-05-05,0.2889,0.2872
1988-05-06,0.2864,0.2838
1988-05-09,0.2838,0.2803
1988-05-10,0.2786,0.2812
1988-05-11,0.2769,0.2717
1988-05-12,0.2717,0.2735
1988-05-13,0.2769,0.2786
1988-05-16,0.2792,0.2843
1988-05-17,0.2861,0.2792
1988-05-18,0.2792,0.274
1988-05-19,0.2723,0.2688
1988-05-20,0.2706,0.2671
1988-05-23,0.2654,0.2619
1988-05-24,0.2619,0.268
1988-05-25,0.2688,0.2654
1988-05-26,0.2654,0.2714
1988-05-27,0.2706,0.274
1988-05-31,0.2757,0.2861
1988-06-01,0.2861,0.293
1988-06-02,0.2895,0.2878
1988-06-03,0.2878,0.2964
1988-06-06,0.2947,0.3033
1988-06-07,0.3016,0.3033
1988-06-08,0.305,0.3102
1988-06-09,0.3102,0.2999
1988-06-10,0.2999,0.3067
1988-06-13,0.3102,0.3102
1988-06-14,0.3119,0.3119
1988-06-15,0.3119,0.3154
1988-06-16,0.3102,0.3067
1988-06-17,0.3085,0.3085
1988-06-20,0.3059,0.3042
1988-06-21,0.3033,0.3093
1988-06-22,0.3136,0.3145
1988-06-23,0.3154,0.3102
1988-06-24,0.3102,0.3102
1988-06-27,0.3067,0.3067
1988-06-28,0.3085,0.3188
1988-06-29,0.3171,0.3197
1988-06-30,0.3188,0.3188
1988-07-01,0.3205,0.3205
1988-07-05,0.3205,0.3257
1988-07-06,0.3248,0.3205
1988-07-07,0.3205,0.3162
1988-07-08,0.3136,0.3119
1988-07-11,0.3136,0.3111
1988-07-12,0.3102,0.3085
1988-07-13,0.3085,0.3085
1988-07-14,0.3085,0.3102
1988-07-15,0.3102,0.3102
1988-07-18,0.3128,0.3136
1988-07-19,0.3102,0.3085
1988-07-20,0.3085,0.305
1988-07-21,0.3016,0.2964
1988-07-22,0.2964,0.293
1988-07-25,0.2947,0.2947
1988-07-26,0.2947,0.2947
1988-07-27,0.2947,0.2947
1988-07-28,0.293,0.2938
1988-07-29,0.2981,0.3059
1988-08-01,0.3067,0.3102
1988-08-02,0.3102,0.3076
1988-08-03,0.3085,0.3085
1988-08-04,0.3085,0.3076
1988-08-05,0.3067,0.305
1988-08-08,0.3067,0.3033
1988-08-09,0.3033,0.2999
1988-08-10,0.3016,0.2887
1988-08-11,0.2912,0.2981
1988-08-12,0.2964,0.293
1988-08-15,0.2918,0.2849
1988-08-16,0.2832,0.2935
1988-08-17,0.2935,0.2901
1988-08-18,0.2901,0.2935
1988-08-19,0.2935,0.2814
1988-08-22,0.278,0.2745
1988-08-23,0.2745,0.2728
1988-08-24,0.2745,0.2814
1988-08-25,0.278,0.2771
1988-08-26,0.2762,0.278
1988-08-29,0.2814,0.2823
1988-08-30,0.2814,0.2823
1988-08-31,0.2832,0.2754
1988-09-01,0.2745,0.2685
1988-09-02,0.2728,0.2745
1988-09-06,0.2762,0.2685
1988-09-07,0.2693,0.2642
1988-09-08,0.2642,0.2676
1988-09-09,0.2676,0.2797
1988-09-12,0.2832,0.2832
1988-09-13,0.278,0.2832
1988-09-14,0.2883,0.2901
1988-09-15,0.2901,0.2875
1988-09-16,0.2866,0.2918
1988-09-19,0.2901,0.2883
1988-09-20,0.2883,0.2866
1988-09-21,0.2883,0.2952
1988-09-22,0.297,0.3039
1988-09-23,0.3004,0.3021
1988-09-26,0.3021,0.2952
1988-09-27,0.2935,0.2996
1988-09-28,0.3004,0.3004
1988-09-29,0.3021,0.3039
1988-09-30,0.3039,0.2987
1988-10-03,0.297,0.2935
1988-10-04,0.2918,0.2866
1988-10-05,0.2849,0.2823
1988-10-06,0.2797,0.2745
1988-10-07,0.2693,0.2745
1988-10-10,0.2728,0.2659
1988-10-11,0.2642,0.2693
1988-10-12,0.2659,0.2676
1988-10-13,0.2659,0.2693
1988-10-14,0.2728,0.2676
1988-10-17,0.2659,0.2659
1988-10-18,0.2693,0.2719
1988-10-19,0.2745,0.2762
1988-10-20,0.2762,0.2866
1988-10-21,0.2849,0.2832
1988-10-24,0.2849,0.2762
1988-10-25,0.278,0.2754
1988-10-26,0.2762,0.2711
1988-10-27,0.2676,0.2693
1988-10-28,0.2693,0.2659
1988-10-31,0.2676,0.2667
1988-11-01,0.2659,0.2624
1988-11-02,0.2642,0.2573
1988-11-03,0.2573,0.2564
1988-11-04,0.2538,0.2607
1988-11-07,0.2573,0.259
1988-11-08,0.259,0.2659
1988-11-09,0.2642,0.2711
1988-11-10,0.2728,0.2728
1988-11-11,0.2693,0.2659
1988-11-14,0.2676,0.2685
1988-11-15,0.2693,0.2693
1988-11-16,0.2693,0.2624
1988-11-17,0.2624,0.2642
1988-11-18,0.2659,0.2624
1988-11-21,0.2597,0.2536
1988-11-22,0.2527,0.2501
1988-11-23,0.2475,0.2553
1988-11-25,0.251,0.2527
1988-11-28,0.2527,0.2527
1988-11-29,0.2527,0.2545
1988-11-30,0.2545,0.2605
1988-12-01,0.2614,0.2683
1988-12-02,0.2649,0.2718
1988-12-05,0.2735,0.2735
1988-12-06,0.2718,0.2735
1988-12-07,0.27,0.2726
1988-12-08,0.2718,0.2709
1988-12-09,0.2718,0.2709
1988-12-12,0.2718,0.2666
1988-12-13,0.2666,0.2683
1988-12-14,0.2666,0.2752
1988-12-15,0.277,0.2735
1988-12-16,0.2735,0.2778
1988-12-19,0.2787,0.2822
1988-12-20,0.2839,0.2839
1988-12-21,0.2839,0.2891
1988-12-22,0.2891,0.2839
1988-12-23,0.2839,0.2848
1988-12-27,0.2839,0.2804
1988-12-28,0.2804,0.2787
1988-12-29,0.2787,0.2804
1988-12-30,0.2804,0.2787
1989-01-03,0.2787,0.2796
1989-01-04,0.2822,0.2908
1989-01-05,0.2908,0.2926
1989-01-06,0.2926,0.2952
1989-01-09,0.2977,0.2977
1989-01-10,0.2943,0.2952
1989-01-11,0.2926,0.2917
1989-01-12,0.2926,0.296
1989-01-13,0.296,0.2995
1989-01-16,0.2995,0.3029
1989-01-17,0.2995,0.2796
1989-01-18,0.2822,0.2752
1989-01-19,0.2804,0.2804
1989-01-20,0.2804,0.2839
1989-01-23,0.2822,0.2839
1989-01-24,0.2839,0.2882
1989-01-25,0.2891,0.2874
1989-01-26,0.2822,0.2891
1989-01-27,0.2649,0.2605
1989-01-30,0.2605,0.2588
1989-01-31,0.2579,0.2614
1989-02-01,0.2614,0.2718
1989-02-02,0.2735,0.2752
1989-02-03,0.277,0.2718
1989-02-06,0.2735,0.2666
1989-02-07,0.2649,0.27
1989-02-08,0.27,0.2649
1989-02-09,0.2649,0.2649
1989-02-10,0.2649,0.2579
1989-02-13,0.2545,0.2562
1989-02-14,0.2553,0.2475
1989-02-15,0.2475,0.251
1989-02-16,0.251,0.2519
1989-02-17,0.2517,0.2552
1989-02-21,0.256,0.2604
1989-02-22,0.2586,0.2552
1989-02-23,0.2534,0.2552
1989-02-24,0.2569,0.25
1989-02-27,0.25,0.2534
1989-02-28,0.2534,0.2517
1989-03-01,0.2517,0.25
1989-03-02,0.2482,0.243
1989-03-03,0.2448,0.2413
1989-03-06,0.243,0.2465
1989-03-07,0.2465,0.2482
1989-03-08,0.2474,0.2448
1989-03-09,0.2448,0.2395
1989-03-10,0.2395,0.243
1989-03-13,0.243,0.243
1989-03-14,0.243,0.2448
1989-03-15,0.2448,0.243
1989-03-16,0.243,0.2448
1989-03-17,0.2395,0.2422
1989-03-20,0.243,0.2422
1989-03-21,0.2465,0.2422
1989-03-22,0.2378,0.2352
1989-03-23,0.2361,0.2387
1989-03-27,0.2378,0.2343
1989-03-28,0.2361,0.2361
1989-03-29,0.2361,0.2378
1989-03-30,0.2378,0.2413
1989-03-31,0.243,0.2474
1989-04-03,0.2465,0.243
1989-04-04,0.2395,0.2395
1989-04-05,0.2395,0.243
1989-04-06,0.2413,0.25
1989-04-07,0.25,0.2595
1989-04-10,0.2586,0.2569
1989-04-11,0.2604,0.2621
1989-04-12,0.2656,0.2673
1989-04-13,0.2691,0.2673
1989-04-14,0.2708,0.2691
1989-04-17,0.2673,0.2725
1989-04-18,0.2743,0.2786
1989-04-19,0.2777,0.2838
1989-04-20,0.2829,0.2829
1989-04-21,0.2812,0.2786
1989-04-24,0.2777,0.2786
1989-04-25,0.2777,0.2777
1989-04-26,0.2777,0.276
1989-04-27,0.2743,0.2734
1989-04-28,0.2725,0.2708
1989-05-01,0.2673,0.2708
1989-05-02,0.2708,0.2769
1989-05-03,0.276,0.2795
1989-05-04,0.2795,0.2847
1989-05-05,0.2951,0.2882
1989-05-08,0.2882,0.2934
1989-05-09,0.2916,0.2951
1989-05-10,0.2986,0.3003
1989-05-11,0.3003,0.3046
1989-05-12,0.309,0.3125
1989-05-15,0.3107,0.3194
1989-05-16,0.3194,0.3151
1989-05-17,0.3142,0.3142
1989-05-18,0.3142,0.3107
1989-05-19,0.3107,0.3177
1989-05-22,0.3184,0.3201
1989-05-23,0.3201,0.3166
1989-05-24,0.3149,0.3323
1989-05-25,0.3288,0.3358
1989-05-26,0.3358,0.3375
1989-05-30,0.3358,0.3305
1989-05-31,0.3305,0.3323
1989-06-01,0.3323,0.3392
1989-06-02,0.3375,0.341
1989-06-05,0.3392,0.3271
1989-06-06,0.3253,0.3253
1989-06-07,0.3253,0.3358
1989-06-08,0.3375,0.3314
1989-06-09,0.3288,0.3271
1989-06-12,0.3253,0.3305
1989-06-13,0.3305,0.3375
1989-06-14,0.341,0.3453
1989-06-15,0.3445,0.3305
1989-06-16,0.3114,0.3097
1989-06-19,0.3097,0.3062
1989-06-20,0.3062,0.2992
1989-06-21,0.2992,0.2957
1989-06-22,0.2957,0.301
1989-06-23,0.301,0.3053
1989-06-26,0.3062,0.3027
1989-06-27,0.3044,0.2966
1989-06-28,0.294,0.2905
1989-06-29,0.2853,0.2827
1989-06-30,0.2818,0.287
1989-07-03,0.2905,0.2836
1989-07-05,0.2818,0.2818
1989-07-06,0.2836,0.287
1989-07-07,0.287,0.287
1989-07-10,0.2853,0.2818
1989-07-11,0.2836,0.2766
1989-07-12,0.2766,0.2783
1989-07-13,0.2783,0.2827
1989-07-14,0.2836,0.2836
1989-07-17,0.2836,0.2836
1989-07-18,0.2836,0.2731
1989-07-19,0.2749,0.2818
1989-07-20,0.2836,0.2783
1989-07-21,0.2766,0.2783
1989-07-24,0.2766,0.2731
1989-07-25,0.2731,0.2696
1989-07-26,0.2662,0.2662
1989-07-27,0.2662,0.2731
1989-07-28,0.2731,0.274
1989-07-31,0.2731,0.2766
1989-08-01,0.2766,0.2775
1989-08-02,0.2766,0.2818
1989-08-03,0.2818,0.287
1989-08-04,0.287,0.2975
1989-08-07,0.2992,0.3044
1989-08-08,0.3027,0.3071
1989-08-09,0.3062,0.3062
1989-08-10,0.3062,0.301
1989-08-11,0.3062,0.2914
1989-08-14,0.2888,0.2836
1989-08-15,0.2836,0.2879
1989-08-16,0.2888,0.281
1989-08-17,0.2801,0.2853
1989-08-18,0.2905,0.294
1989-08-21,0.2947,0.2947
1989-08-22,0.293,0.2991
1989-08-23,0.2999,0.3052
1989-08-24,0.3052,0.3078
1989-08-25,0.3069,0.3121
1989-08-28,0.3104,0.3121
1989-08-29,0.3121,0.3078
1989-08-30,0.3069,0.3104
1989-08-31,0.3104,0.3104
1989-09-01,0.3104,0.3113
1989-09-05,0.3104,0.3121
1989-09-06,0.3121,0.3121
1989-09-07,0.3121,0.3121
1989-09-08,0.3121,0.3139
1989-09-11,0.3121,0.3191
1989-09-12,0.3174,0.3209
1989-09-13,0.3226,0.3139
1989-09-14,0.3139,0.3121
1989-09-15,0.3139,0.3139
1989-09-18,0.3104,0.3069
1989-09-19,0.3087,0.3017
1989-09-20,0.3069,0.3113
1989-09-21,0.3139,0.3121
1989-09-22,0.3121,0.313
1989-09-25,0.3121,0.3156
1989-09-26,0.3139,0.3156
1989-09-27,0.3087,0.3121
1989-09-28,0.3139,0.3174
1989-09-29,0.3156,0.3104
1989-10-02,0.3104,0.3095
1989-10-03,0.3087,0.3043
1989-10-04,0.3052,0.3087
1989-10-05,0.3104,0.3174
1989-10-06,0.3226,0.3357
1989-10-09,0.3348,0.3453
1989-10-10,0.347,0.3453
1989-10-11,0.34,0.3409
1989-10-12,0.3418,0.34
1989-10-13,0.34,0.3191
1989-10-16,0.3121,0.3261
1989-10-17,0.3209,0.3296
1989-10-18,0.3243,0.3366
1989-10-19,0.3366,0.34
1989-10-20,0.3331,0.3348
1989-10-23,0.3348,0.3261
1989-10-24,0.3226,0.3322
1989-10-25,0.3331,0.3243
1989-10-26,0.3174,0.3156
1989-10-27,0.3156,0.3156
1989-10-30,0.3174,0.3191
1989-10-31,0.3191,0.3243
1989-11-01,0.3226,0.3217
1989-11-02,0.3139,0.3069
1989-11-03,0.3069,0.3017
1989-11-06,0.3034,0.3017
1989-11-07,0.3017,0.3069
1989-11-08,0.3087,0.3139
1989-11-09,0.3139,0.3209
1989-11-10,0.3191,0.3261
1989-11-13,0.3243,0.3243
1989-11-14,0.3243,0.3121
1989-11-15,0.3139,0.3087
1989-11-16,0.3104,0.3121
1989-11-17,0.3112,0.3129
1989-11-20,0.3147,0.3164
1989-11-21,0.3164,0.3164
1989-11-22,0.3182,0.3129
1989-11-24,0.3129,0.3129
1989-11-27,0.3129,0.3077
1989-11-28,0.3059,0.3085
1989-11-29,0.3042,0.3077
1989-11-30,0.3059,0.3094
1989-12-01,0.3112,0.3077
1989-12-04,0.3059,0.3164
1989-12-05,0.3164,0.3147
1989-12-06,0.3147,0.2989
1989-12-07,0.2954,0.2989
1989-12-08,0.2972,0.2919
1989-12-11,0.2867,0.2744
1989-12-12,0.2744,0.2517
1989-12-13,0.2517,0.2517
1989-12-14,0.25,0.2439
1989-12-15,0.243,0.236
1989-12-18,0.236,0.243
1989-12-19,0.2412,0.2447
1989-12-20,0.25,0.25
1989-12-21,0.25,0.2535
1989-12-22,0.2535,0.2552
1989-12-26,0.257,0.2482
1989-12-27,0.2482,0.2456
1989-12-28,0.2447,0.2421
1989-12-29,0.243,0.2465
1990-01-02,0.2465,0.2605
1990-01-03,0.2657,0.2622
1990-01-04,0.2675,0.2631
1990-01-05,0.264,0.264
1990-01-08,0.2622,0.2657
1990-01-09,0.2657,0.2631
1990-01-10,0.2631,0.2517
1990-01-11,0.2535,0.2412
1990-01-12,0.2395,0.2412
1990-01-15,0.2412,0.2395
1990-01-16,0.2342,0.2439
1990-01-17,0.243,0.2325
1990-01-18,0.2307,0.2264
1990-01-19,0.236,0.2395
1990-01-22,0.2377,0.2325
1990-01-23,0.236,0.236
1990-01-24,0.2273,0.2377
1990-01-25,0.2395,0.2386
1990-01-26,0.2377,0.229
1990-01-29,0.2307,0.2325
1990-01-30,0.2325,0.2377
1990-01-31,0.2412,0.2377
1990-02-01,0.2412,0.2351
1990-02-02,0.2325,0.2395
1990-02-05,0.2395,0.2447
1990-02-06,0.243,0.243
1990-02-07,0.2307,0.2325
1990-02-08,0.2325,0.2307
1990-02-09,0.2342,0.2395
1990-02-12,0.2395,0.2377
1990-02-13,0.2377,0.2412
1990-02-14,0.2412,0.2395
1990-02-15,0.236,0.2395
1990-02-16,0.2403,0.2368
1990-02-20,0.235,0.235
1990-02-21,0.2297,0.2385
1990-02-22,0.2385,0.2315
1990-02-23,0.2297,0.2332
1990-02-26,0.2315,0.2385
1990-02-27,0.2385,0.235
1990-02-28,0.235,0.2385
1990-03-01,0.235,0.2403
1990-03-02,0.235,0.2368
1990-03-05,0.235,0.242
1990-03-06,0.2455,0.2473
1990-03-07,0.2455,0.2482
1990-03-08,0.2508,0.2578
1990-03-09,0.2578,0.2587
1990-03-12,0.2613,0.2569
1990-03-13,0.256,0.2587
1990-03-14,0.2578,0.2596
1990-03-15,0.256,0.2578
1990-03-16,0.2806,0.2823
1990-03-19,0.2841,0.2973
1990-03-20,0.2964,0.2902
1990-03-21,0.2894,0.292
1990-03-22,0.2929,0.2859
1990-03-23,0.2894,0.2964
1990-03-26,0.2981,0.2964
1990-03-27,0.2946,0.2946
1990-03-28,0.2946,0.2894
1990-03-29,0.2876,0.2885
1990-03-30,0.2806,0.2823
1990-04-02,0.2806,0.2823
1990-04-03,0.2841,0.2929
1990-04-04,0.2911,0.2894
1990-04-05,0.2876,0.2823
1990-04-06,0.2823,0.2797
1990-04-09,0.2788,0.2885
1990-04-10,0.2894,0.2894
1990-04-11,0.2911,0.2981
1990-04-12,0.3016,0.3034
1990-04-16,0.3051,0.3069
1990-04-17,0.3034,0.3034
1990-04-18,0.3034,0.3034
1990-04-19,0.2929,0.2823
1990-04-20,0.2867,0.2823
1990-04-23,0.2823,0.2788
1990-04-24,0.2806,0.2718
1990-04-25,0.2718,0.2718
1990-04-26,0.2736,0.2727
1990-04-27,0.2736,0.2745
1990-04-30,0.2753,0.2762
1990-05-01,0.2788,0.278
1990-05-02,0.2788,0.2788
1990-05-03,0.2788,0.2806
1990-05-04,0.2806,0.2806
1990-05-07,0.2788,0.2911
1990-05-08,0.2876,0.2929
1990-05-09,0.292,0.2937
1990-05-10,0.2929,0.2902
1990-05-11,0.2902,0.299
1990-05-14,0.2999,0.2929
1990-05-15,0.2902,0.2929
1990-05-16,0.2929,0.292
1990-05-17,0.2929,0.2911
1990-05-18,0.2894,0.2788
1990-05-21,0.2779,0.2779
1990-05-22,0.2823,0.291
1990-05-23,0.2902,0.2954
1990-05-24,0.2972,0.2954
1990-05-25,0.2779,0.2814
1990-05-29,0.2814,0.2884
1990-05-30,0.2928,0.291
1990-05-31,0.2919,0.2902
1990-06-01,0.291,0.2866
1990-06-04,0.2866,0.2866
1990-06-05,0.2884,0.2779
1990-06-06,0.2743,0.2779
1990-06-07,0.2779,0.2743
1990-06-08,0.2708,0.2691
1990-06-11,0.2655,0.2743
1990-06-12,0.2752,0.2849
1990-06-13,0.284,0.2796
1990-06-14,0.2814,0.2796
1990-06-15,0.2796,0.2779
1990-06-18,0.2761,0.2761
1990-06-19,0.2743,0.2787
1990-06-20,0.2805,0.2814
1990-06-21,0.2814,0.2946
1990-06-22,0.2954,0.2919
1990-06-25,0.2919,0.2902
1990-06-26,0.2937,0.2858
1990-06-27,0.2866,0.2919
1990-06-28,0.3007,0.3025
1990-06-29,0.3025,0.3148
1990-07-02,0.313,0.3095
1990-07-03,0.3086,0.3095
1990-07-05,0.3078,0.306
1990-07-06,0.306,0.3148
1990-07-09,0.3165,0.328
1990-07-10,0.3306,0.3306
1990-07-11,0.3289,0.3306
1990-07-12,0.3289,0.3333
1990-07-13,0.3341,0.3289
1990-07-16,0.3289,0.3209
1990-07-17,0.3218,0.3113
1990-07-18,0.313,0.3139
1990-07-19,0.2866,0.2937
1990-07-20,0.2954,0.2884
1990-07-23,0.2884,0.2919
1990-07-24,0.2954,0.2963
1990-07-25,0.2954,0.2972
1990-07-26,0.2972,0.291
1990-07-27,0.2902,0.291
1990-07-30,0.2866,0.2981
1990-07-31,0.299,0.2954
1990-08-01,0.2954,0.2981
1990-08-02,0.2902,0.306
1990-08-03,0.306,0.2902
1990-08-06,0.2743,0.2779
1990-08-07,0.2831,0.2779
1990-08-08,0.2779,0.2823
1990-08-09,0.2831,0.2779
1990-08-10,0.2726,0.2726
1990-08-13,0.2673,0.2805
1990-08-14,0.2814,0.2796
1990-08-15,0.2814,0.2761
1990-08-16,0.2743,0.2708
1990-08-17,0.2708,0.2568
1990-08-20,0.2575,0.2593
1990-08-21,0.2522,0.2558
1990-08-22,0.2611,0.2478
1990-08-23,0.2417,0.2434
1990-08-24,0.2487,0.2505
1990-08-27,0.2593,0.2663
1990-08-28,0.2646,0.269
1990-08-29,0.2681,0.2628
1990-08-30,0.2628,0.2558
1990-08-31,0.254,0.2611
1990-09-04,0.2575,0.2611
1990-09-05,0.2628,0.254
1990-09-06,0.2505,0.2522
1990-09-07,0.2505,0.2566
1990-09-10,0.2611,0.2522
1990-09-11,0.254,0.2399
1990-09-12,0.2434,0.2399
1990-09-13,0.2434,0.2381
1990-09-14,0.2364,0.2399
1990-09-17,0.2399,0.2381
1990-09-18,0.2381,0.2355
1990-09-19,0.2346,0.2293
1990-09-20,0.2275,0.2231
1990-09-21,0.2258,0.2223
1990-09-24,0.2223,0.2134
1990-09-25,0.2152,0.2117
1990-09-26,0.2117,0.2099
1990-09-27,0.2117,0.1993
1990-09-28,0.2011,0.2046
1990-10-01,0.2081,0.2152
1990-10-02,0.2187,0.209
1990-10-03,0.2099,0.1905
1990-10-04,0.1887,0.1976
1990-10-05,0.1905,0.1976
1990-10-08,0.2028,0.2055
1990-10-09,0.2011,0.1976
1990-10-10,0.1923,0.187
1990-10-11,0.1887,0.1958
1990-10-12,0.1993,0.1993
1990-10-15,0.2011,0.1958
1990-10-16,0.194,0.1764
1990-10-17,0.1782,0.187
1990-10-18,0.187,0.2011
1990-10-19,0.2205,0.2214
1990-10-22,0.2223,0.2196
1990-10-23,0.2187,0.2187
1990-10-24,0.217,0.2152
1990-10-25,0.2134,0.2117
1990-10-26,0.2099,0.2117
1990-10-29,0.2134,0.2108
1990-10-30,0.2099,0.2143
1990-10-31,0.2152,0.217
1990-11-01,0.2152,0.2152
1990-11-02,0.2152,0.224
1990-11-05,0.2275,0.2346
1990-11-06,0.2364,0.2364
1990-11-07,0.2364,0.2346
1990-11-08,0.2328,0.2434
1990-11-09,0.2469,0.2505
1990-11-12,0.2505,0.2558
1990-11-13,0.2558,0.254
1990-11-14,0.2522,0.2611
1990-11-15,0.2593,0.254
1990-11-16,0.2531,0.2487
1990-11-19,0.2513,0.2575
1990-11-20,0.2584,0.2513
1990-11-21,0.2495,0.2557
1990-11-23,0.2566,0.2575
1990-11-26,0.2549,0.2602
1990-11-27,0.2619,0.2655
1990-11-28,0.2672,0.2602
1990-11-29,0.2619,0.2602
1990-11-30,0.2566,0.2602
1990-12-03,0.2637,0.2699
1990-12-04,0.2655,0.2725
1990-12-05,0.2725,0.2841
1990-12-06,0.292,0.292
1990-12-07,0.2902,0.3009
1990-12-10,0.2991,0.2956
1990-12-11,0.292,0.2832
1990-12-12,0.2814,0.2805
1990-12-13,0.2796,0.2885
1990-12-14,0.2849,0.2823
1990-12-17,0.2761,0.2841
1990-12-18,0.2902,0.2991
1990-12-19,0.3009,0.2964
1990-12-20,0.292,0.3115
1990-12-21,0.3133,0.3186
1990-12-24,0.3168,0.3115
1990-12-26,0.3115,0.3097
1990-12-27,0.3062,0.3079
1990-12-28,0.3062,0.3044
1990-12-31,0.3044,0.3044
1991-01-02,0.3026,0.3079
1991-01-03,0.3079,0.3044
1991-01-04,0.3044,0.3062
1991-01-07,0.3044,0.3062
1991-01-08,0.3097,0.3062
1991-01-09,0.3133,0.3203
1991-01-10,0.3239,0.3336
1991-01-11,0.3327,0.3327
1991-01-14,0.3256,0.3274
1991-01-15,0.3292,0.331
1991-01-16,0.3327,0.3522
1991-01-17,0.3717,0.3628
1991-01-18,0.3451,0.3557
1991-01-21,0.3522,0.3593
1991-01-22,0.361,0.3628
1991-01-23,0.3628,0.3663
1991-01-24,0.3646,0.369
1991-01-25,0.3681,0.3787
1991-01-28,0.377,0.3858
1991-01-29,0.384,0.3805
1991-01-30,0.377,0.3929
1991-01-31,0.3929,0.3929
1991-02-01,0.3929,0.3947
1991-02-04,0.3947,0.3911
1991-02-05,0.3911,0.4088
1991-02-06,0.4088,0.4026
1991-02-07,0.4035,0.4088
1991-02-08,0.4071,0.4239
1991-02-11,0.4248,0.4345
1991-02-12,0.4318,0.4248
1991-02-13,0.4248,0.4248
1991-02-14,0.4248,0.4044
1991-02-15,0.4061,0.4088
1991-02-19,0.4079,0.4256
1991-02-20,0.4221,0.4327
1991-02-21,0.4345,0.4186
1991-02-22,0.4186,0.4239
1991-02-25,0.4274,0.4115
1991-02-26,0.4079,0.4132
1991-02-27,0.4132,0.4132
1991-02-28,0.4132,0.4061
1991-03-01,0.4044,0.4097
1991-03-04,0.4115,0.4141
1991-03-05,0.4186,0.4478
1991-03-06,0.454,0.4469
1991-03-07,0.4505,0.4771
1991-03-08,0.4806,0.4611
1991-03-11,0.4576,0.4505
1991-03-12,0.4469,0.446
1991-03-13,0.4452,0.47
1991-03-14,0.4735,0.4629
1991-03-15,0.4664,0.47
1991-03-18,0.4664,0.4806
1991-03-19,0.4718,0.493
1991-03-20,0.4913,0.4806
1991-03-21,0.4842,0.4593
1991-03-22,0.454,0.4487
1991-03-25,0.4505,0.4576
1991-03-26,0.4593,0.4966
1991-03-27,0.4966,0.4913
1991-03-28,0.4913,0.4824
1991-04-01,0.4824,0.4859
1991-04-02,0.4895,0.5161
1991-04-03,0.5143,0.4966
1991-04-04,0.4966,0.5072
1991-04-05,0.509,0.4922
1991-04-08,0.4913,0.4966
1991-04-09,0.4948,0.4877
1991-04-10,0.4859,0.4744
1991-04-11,0.4806,0.5037
1991-04-12,0.5072,0.509
1991-04-15,0.4381,0.4416
1991-04-16,0.4487,0.4558
1991-04-17,0.4611,0.4487
1991-04-18,0.4452,0.4327
1991-04-19,0.4327,0.423
1991-04-22,0.4221,0.4363
1991-04-23,0.4416,0.4363
1991-04-24,0.4381,0.431
1991-04-25,0.4239,0.415
1991-04-26,0.415,0.4159
1991-04-29,0.415,0.4132
1991-04-30,0.4097,0.3902
1991-05-01,0.3405,0.3352
1991-05-02,0.3387,0.3476
1991-05-03,0.3476,0.3476
1991-05-06,0.3441,0.3565
1991-05-07,0.3618,0.3591
1991-05-08,0.36,0.3529
1991-05-09,0.3547,0.36
1991-05-10,0.3653,0.3636
1991-05-13,0.3707,0.3742
1991-05-14,0.3742,0.3795
1991-05-15,0.3653,0.3583
1991-05-16,0.3618,0.3476
1991-05-17,0.3458,0.3334
1991-05-20,0.3361,0.3147
1991-05-21,0.3218,0.3218
1991-05-22,0.3254,0.3289
1991-05-23,0.3307,0.3209
1991-05-24,0.3236,0.3263
1991-05-28,0.3272,0.3272
1991-05-29,0.3289,0.3343
1991-05-30,0.3343,0.3387
1991-05-31,0.3378,0.3343
1991-06-03,0.3343,0.3503
1991-06-04,0.3521,0.3494
1991-06-05,0.3503,0.3414
1991-06-06,0.3432,0.3316
1991-06-07,0.3289,0.3281
1991-06-10,0.3272,0.3272
1991-06-11,0.3201,0.3174
1991-06-12,0.3129,0.3014
1991-06-13,0.3023,0.2996
1991-06-14,0.304,0.2925
1991-06-17,0.2916,0.2987
1991-06-18,0.3005,0.2996
1991-06-19,0.2969,0.2969
1991-06-20,0.2934,0.2987
1991-06-21,0.2987,0.2987
1991-06-24,0.2969,0.2969
1991-06-25,0.2987,0.3014
1991-06-26,0.304,0.3058
1991-06-27,0.3023,0.3023
1991-06-28,0.3005,0.2952
1991-07-01,0.3005,0.3023
1991-07-02,0.3005,0.3005
1991-07-03,0.3005,0.3067
1991-07-05,0.3058,0.3245
1991-07-08,0.3218,0.3325
1991-07-09,0.3361,0.3334
1991-07-10,0.3378,0.3361
1991-07-11,0.3343,0.3325
1991-07-12,0.3361,0.3325
1991-07-15,0.3325,0.3236
1991-07-16,0.3236,0.3112
1991-07-17,0.3094,0.3023
1991-07-18,0.3129,0.3192
1991-07-19,0.3218,0.3272
1991-07-22,0.3254,0.3272
1991-07-23,0.3289,0.3201
1991-07-24,0.3218,0.3201
1991-07-25,0.3218,0.3218
1991-07-26,0.3254,0.3192
1991-07-29,0.3218,0.3236
1991-07-30,0.3236,0.3307
1991-07-31,0.3307,0.3289
1991-08-01,0.3272,0.3494
1991-08-02,0.3538,0.3556
1991-08-05,0.3538,0.3449
1991-08-06,0.3467,0.3521
1991-08-07,0.3521,0.3583
1991-08-08,0.3609,0.3592
1991-08-09,0.3592,0.3609
1991-08-12,0.3609,0.3681
1991-08-13,0.3698,0.3805
1991-08-14,0.3894,0.3903
1991-08-15,0.3912,0.3787
1991-08-16,0.3752,0.3787
1991-08-19,0.3529,0.36
1991-08-20,0.3671,0.3635
1991-08-21,0.3742,0.3831
1991-08-22,0.3849,0.3867
1991-08-23,0.3849,0.3778
1991-08-26,0.3778,0.3778
1991-08-27,0.3778,0.3849
1991-08-28,0.3849,0.3796
1991-08-29,0.3796,0.3778
1991-08-30,0.3778,0.3778
1991-09-03,0.376,0.3742
1991-09-04,0.376,0.3671
1991-09-05,0.3671,0.3635
1991-09-06,0.3635,0.3671
1991-09-09,0.3689,0.3796
1991-09-10,0.376,0.3573
1991-09-11,0.3618,0.36
1991-09-12,0.3653,0.3609
1991-09-13,0.3564,0.3466
1991-09-16,0.3511,0.3368
1991-09-17,0.335,0.3493
1991-09-18,0.3475,0.3573
1991-09-19,0.3582,0.3546
1991-09-20,0.3546,0.3609
1991-09-23,0.3564,0.3529
1991-09-24,0.3529,0.3582
1991-09-25,0.3582,0.36
1991-09-26,0.3582,0.3564
1991-09-27,0.3564,0.3493
1991-09-30,0.3511,0.3529
1991-10-01,0.3511,0.3618
1991-10-02,0.3689,0.3546
1991-10-03,0.3564,0.3404
1991-10-04,0.3422,0.3439
1991-10-07,0.3422,0.3431
1991-10-08,0.3431,0.3439
1991-10-09,0.3439,0.3422
1991-10-10,0.3475,0.3404
1991-10-11,0.3431,0.3457
1991-10-14,0.3493,0.3555
1991-10-15,0.36,0.3742
1991-10-16,0.3742,0.3814
1991-10-17,0.3778,0.3733
1991-10-18,0.3929,0.3921
1991-10-21,0.3938,0.3903
1991-10-22,0.3956,0.3885
1991-10-23,0.3921,0.3787
1991-10-24,0.3778,0.3716
1991-10-25,0.3689,0.3653
1991-10-28,0.3671,0.3671
1991-10-29,0.3671,0.3689
1991-10-30,0.3707,0.3546
1991-10-31,0.3618,0.3671
1991-11-01,0.3653,0.3635
1991-11-04,0.3618,0.3546
1991-11-05,0.3546,0.3475
1991-11-06,0.3493,0.3422
1991-11-07,0.3457,0.3546
1991-11-08,0.3653,0.3796
1991-11-11,0.3814,0.3831
1991-11-12,0.3867,0.3885
1991-11-13,0.3849,0.3858
1991-11-14,0.3867,0.3903
1991-11-15,0.3885,0.3564
1991-11-18,0.3573,0.3725
1991-11-19,0.3698,0.3662
1991-11-20,0.3662,0.3608
1991-11-21,0.3608,0.3644
1991-11-22,0.3644,0.3662
1991-11-25,0.3644,0.3662
1991-11-26,0.368,0.368
1991-11-27,0.3662,0.3644
1991-11-29,0.3608,0.3626
1991-12-02,0.3626,0.3698
1991-12-03,0.3716,0.3608
1991-12-04,0.3626,0.3608
1991-12-05,0.3608,0.3573
1991-12-06,0.3537,0.3483
1991-12-09,0.3501,0.351
1991-12-10,0.3501,0.351
1991-12-11,0.3519,0.3501
1991-12-12,0.3528,0.3528
1991-12-13,0.3555,0.36
1991-12-16,0.36,0.3608
1991-12-17,0.3608,0.3608
1991-12-18,0.3591,0.3698
1991-12-19,0.3662,0.3626
1991-12-20,0.3662,0.3591
1991-12-23,0.3608,0.368
1991-12-24,0.3716,0.3733
1991-12-26,0.3769,0.3921
1991-12-27,0.3912,0.393
1991-12-30,0.393,0.4055
1991-12-31,0.41,0.4028
1992-01-02,0.3984,0.4252
1992-01-03,0.4287,0.4216
1992-01-06,0.4198,0.4144
1992-01-07,0.4109,0.4225
1992-01-08,0.418,0.4323
1992-01-09,0.4323,0.4448
1992-01-10,0.4394,0.4448
1992-01-13,0.4448,0.443
1992-01-14,0.4448,0.4609
1992-01-15,0.4609,0.4537
1992-01-16,0.4555,0.4484
1992-01-17,0.4841,0.4627
1992-01-20,0.4609,0.4573
1992-01-21,0.4591,0.4368
1992-01-22,0.4394,0.4537
1992-01-23,0.4591,0.4609
1992-01-24,0.4609,0.4618
1992-01-27,0.4627,0.4609
1992-01-28,0.4627,0.4662
1992-01-29,0.4627,0.4519
1992-01-30,0.4537,0.4555
1992-01-31,0.4573,0.4627
1992-02-03,0.4627,0.4698
1992-02-04,0.4698,0.4698
1992-02-05,0.4734,0.4725
1992-02-06,0.4698,0.4582
1992-02-07,0.4591,0.4573
1992-02-10,0.4573,0.4511
1992-02-11,0.4502,0.4493
1992-02-12,0.4555,0.4662
1992-02-13,0.4662,0.4591
1992-02-14,0.4564,0.4591
1992-02-18,0.46,0.4492
1992-02-19,0.4492,0.4438
1992-02-20,0.4474,0.4626
1992-02-21,0.4635,0.4653
1992-02-24,0.4743,0.4734
1992-02-25,0.4743,0.4904
1992-02-26,0.4886,0.5002
1992-02-27,0.5011,0.4904
1992-02-28,0.4904,0.4832
1992-03-02,0.485,0.4814
1992-03-03,0.485,0.4752
1992-03-04,0.4743,0.4653
1992-03-05,0.4617,0.4546
1992-03-06,0.4546,0.4582
1992-03-09,0.4564,0.4564
1992-03-10,0.4582,0.4564
1992-03-11,0.4564,0.4528
1992-03-12,0.4528,0.4492
1992-03-13,0.4528,0.4519
1992-03-16,0.4492,0.4537
1992-03-17,0.4546,0.4501
1992-03-18,0.4528,0.4564
1992-03-19,0.4564,0.451
1992-03-20,0.451,0.4528
1992-03-23,0.451,0.451
1992-03-24,0.4546,0.4653
1992-03-25,0.4653,0.4617
1992-03-26,0.4635,0.4582
1992-03-27,0.4573,0.4367
1992-03-30,0.4385,0.4161
1992-03-31,0.417,0.417
1992-04-01,0.4098,0.4224
1992-04-02,0.4224,0.4206
1992-04-03,0.4206,0.4224
1992-04-06,0.4224,0.4349
1992-04-07,0.4367,0.4098
1992-04-08,0.4081,0.4
1992-04-09,0.4009,0.4098
1992-04-10,0.4098,0.3973
1992-04-13,0.3973,0.4045
1992-04-14,0.4134,0.4206
1992-04-15,0.4152,0.4331
1992-04-16,0.4313,0.4224
1992-04-20,0.4224,0.4063
1992-04-21,0.4081,0.4027
1992-04-22,0.4027,0.4125
1992-04-23,0.4116,0.4081
1992-04-24,0.4081,0.4045
1992-04-27,0.4009,0.3991
1992-04-28,0.3955,0.3884
1992-04-29,0.3884,0.4081
1992-04-30,0.4098,0.4304
1992-05-01,0.4295,0.4242
1992-05-04,0.4259,0.4331
1992-05-05,0.4331,0.4331
1992-05-06,0.4349,0.4421
1992-05-07,0.4403,0.4349
1992-05-08,0.4403,0.4438
1992-05-11,0.4438,0.4456
1992-05-12,0.4456,0.4456
1992-05-13,0.4474,0.4492
1992-05-14,0.4492,0.4394
1992-05-15,0.4367,0.434
1992-05-18,0.4403,0.4322
1992-05-19,0.4349,0.4251
1992-05-20,0.4277,0.4295
1992-05-21,0.4313,0.4233
1992-05-22,0.4224,0.4259
1992-05-26,0.4259,0.4242
1992-05-27,0.4242,0.4313
1992-05-28,0.4295,0.4259
1992-05-29,0.4277,0.4277
1992-06-01,0.4107,0.4125
1992-06-02,0.4125,0.4053
1992-06-03,0.4053,0.3883
1992-06-04,0.3891,0.3909
1992-06-05,0.3927,0.3936
1992-06-08,0.3945,0.3891
1992-06-09,0.3891,0.3874
1992-06-10,0.3874,0.3856
1992-06-11,0.3856,0.3865
1992-06-12,0.3909,0.3918
1992-06-15,0.3874,0.3775
1992-06-16,0.3712,0.3533
1992-06-17,0.3515,0.3407
1992-06-18,0.3407,0.3246
1992-06-19,0.33,0.321
1992-06-22,0.3156,0.3174
1992-06-23,0.3228,0.3246
1992-06-24,0.3264,0.33
1992-06-25,0.3336,0.3273
1992-06-26,0.3282,0.3246
1992-06-29,0.3282,0.3353
1992-06-30,0.3353,0.3443
1992-07-01,0.3443,0.3515
1992-07-02,0.3515,0.3318
1992-07-06,0.3336,0.3318
1992-07-07,0.3318,0.3174
1992-07-08,0.3156,0.3282
1992-07-09,0.33,0.3291
1992-07-10,0.33,0.3282
1992-07-13,0.3282,0.3371
1992-07-14,0.3371,0.3407
1992-07-15,0.3407,0.3443
1992-07-16,0.3425,0.3497
1992-07-17,0.3228,0.3228
1992-07-20,0.321,0.321
1992-07-21,0.3264,0.3282
1992-07-22,0.3246,0.3174
1992-07-23,0.3192,0.321
1992-07-24,0.3192,0.3291
1992-07-27,0.3282,0.3246
1992-07-28,0.3264,0.3336
1992-07-29,0.3345,0.3389
1992-07-30,0.3389,0.3389
1992-07-31,0.3389,0.3353
1992-08-03,0.3353,0.3282
1992-08-04,0.3228,0.3264
1992-08-05,0.3264,0.321
1992-08-06,0.3174,0.3156
1992-08-07,0.3013,0.3111
1992-08-10,0.3102,0.3165
1992-08-11,0.3192,0.312
1992-08-12,0.3138,0.3165
1992-08-13,0.3192,0.321
1992-08-14,0.3228,0.321
1992-08-17,0.3183,0.3219
1992-08-18,0.3201,0.3219
1992-08-19,0.321,0.3201
1992-08-20,0.3219,0.3219
1992-08-21,0.3219,0.321
1992-08-24,0.3183,0.3111
1992-08-25,0.3111,0.3192
1992-08-26,0.3183,0.3183
1992-08-27,0.3219,0.3201
1992-08-28,0.3183,0.3237
1992-08-31,0.3237,0.3309
1992-09-01,0.3327,0.3345
1992-09-02,0.3345,0.3488
1992-09-03,0.3524,0.3434
1992-09-04,0.347,0.3398
1992-09-08,0.3362,0.3434
1992-09-09,0.3452,0.3524
1992-09-10,0.3452,0.3542
1992-09-11,0.3524,0.3425
1992-09-14,0.3524,0.356
1992-09-15,0.3542,0.347
1992-09-16,0.3434,0.338
1992-09-17,0.3398,0.3309
1992-09-18,0.3291,0.3345
1992-09-21,0.3362,0.3345
1992-09-22,0.3362,0.3291
1992-09-23,0.3309,0.3416
1992-09-24,0.3398,0.3327
1992-09-25,0.3327,0.3273
1992-09-28,0.3237,0.3219
1992-09-29,0.3201,0.3228
1992-09-30,0.3237,0.3246
1992-10-01,0.3219,0.3183
1992-10-02,0.3201,0.3147
1992-10-05,0.3111,0.3129
1992-10-06,0.3147,0.3219
1992-10-07,0.3237,0.3147
1992-10-08,0.3165,0.3129
1992-10-09,0.3129,0.312
1992-10-12,0.3111,0.3165
1992-10-13,0.3219,0.3264
1992-10-14,0.3255,0.3309
1992-10-15,0.3291,0.3273
1992-10-16,0.3362,0.3524
1992-10-19,0.3524,0.3524
1992-10-20,0.3524,0.3533
1992-10-21,0.3542,0.3488
1992-10-22,0.3488,0.3506
1992-10-23,0.3542,0.3506
1992-10-26,0.3506,0.3704
1992-10-27,0.3704,0.3704
1992-10-28,0.3686,0.3758
1992-10-29,0.3758,0.383
1992-10-30,0.3848,0.3776
1992-11-02,0.3776,0.3758
1992-11-03,0.3776,0.374
1992-11-04,0.374,0.3776
1992-11-05,0.3776,0.3956
1992-11-06,0.3938,0.401
1992-11-09,0.4028,0.3974
1992-11-10,0.3956,0.4046
1992-11-11,0.4064,0.4082
1992-11-12,0.41,0.4091
1992-11-13,0.41,0.4046
1992-11-16,0.4046,0.4127
1992-11-17,0.4118,0.3974
1992-11-18,0.4028,0.4154
1992-11-19,0.4154,0.419
1992-11-20,0.4208,0.4136
1992-11-23,0.4064,0.4082
1992-11-24,0.41,0.4136
1992-11-25,0.41,0.4064
1992-11-27,0.4064,0.4064
1992-11-30,0.4054,0.4144
1992-12-01,0.4126,0.4199
1992-12-02,0.4199,0.4126
1992-12-03,0.4072,0.4144
1992-12-04,0.4126,0.4099
1992-12-07,0.409,0.4163
1992-12-08,0.4163,0.419
1992-12-09,0.4163,0.4153
1992-12-10,0.4126,0.4126
1992-12-11,0.4126,0.4144
1992-12-14,0.4144,0.4126
1992-12-15,0.409,0.4063
1992-12-16,0.4054,0.3964
1992-12-17,0.3982,0.4099
1992-12-18,0.4144,0.4199
1992-12-21,0.4199,0.4298
1992-12-22,0.4307,0.437
1992-12-23,0.4343,0.4307
1992-12-24,0.4325,0.4253
1992-12-28,0.4271,0.4289
1992-12-29,0.4289,0.4298
1992-12-30,0.4307,0.4235
1992-12-31,0.4235,0.4307
1993-01-04,0.4289,0.4199
1993-01-05,0.4181,0.4271
1993-01-06,0.4379,0.4451
1993-01-07,0.4451,0.4397
1993-01-08,0.4379,0.4487
1993-01-11,0.4469,0.4622
1993-01-12,0.4523,0.4433
1993-01-13,0.4433,0.4577
1993-01-14,0.4613,0.4685
1993-01-15,0.4397,0.4343
1993-01-18,0.4289,0.4289
1993-01-19,0.4307,0.4307
1993-01-20,0.4307,0.4325
1993-01-21,0.4307,0.4325
1993-01-22,0.4343,0.4289
1993-01-25,0.4271,0.4325
1993-01-26,0.4361,0.4379
1993-01-27,0.4397,0.4343
1993-01-28,0.4325,0.4316
1993-01-29,0.4343,0.4289
1993-02-01,0.4271,0.4415
1993-02-02,0.4379,0.4343
1993-02-03,0.4397,0.4325
1993-02-04,0.4325,0.4289
1993-02-05,0.4271,0.4126
1993-02-08,0.4108,0.4072
1993-02-09,0.4108,0.4099
1993-02-10,0.4108,0.4018
1993-02-11,0.4018,0.3973
1993-02-12,0.3973,0.3892
1993-02-16,0.3865,0.3828
1993-02-17,0.3847,0.3892
1993-02-18,0.3973,0.3973
1993-02-19,0.3991,0.3973
1993-02-22,0.3973,0.3982
1993-02-23,0.3973,0.3919
1993-02-24,0.3765,0.3874
1993-02-25,0.3847,0.3955
1993-02-26,0.3919,0.3828
1993-03-01,0.3828,0.3847
1993-03-02,0.3828,0.3919
1993-03-03,0.3901,0.3946
1993-03-04,0.3937,0.3973
1993-03-05,0.3955,0.3973
1993-03-08,0.3973,0.4081
1993-03-09,0.4081,0.4099
1993-03-10,0.4099,0.4099
1993-03-11,0.4117,0.4108
1993-03-12,0.4099,0.4063
1993-03-15,0.4045,0.4117
1993-03-16,0.4135,0.4081
1993-03-17,0.4081,0.3982
1993-03-18,0.3973,0.3937
1993-03-19,0.3973,0.3883
1993-03-22,0.3865,0.3847
1993-03-23,0.3847,0.381
1993-03-24,0.381,0.3883
1993-03-25,0.3883,0.3955
1993-03-26,0.3955,0.3847
1993-03-29,0.3774,0.3684
1993-03-30,0.3693,0.3774
1993-03-31,0.3792,0.372
1993-04-01,0.3702,0.3738
1993-04-02,0.3648,0.3621
1993-04-05,0.3612,0.3612
1993-04-06,0.3612,0.3521
1993-04-07,0.354,0.3648
1993-04-08,0.3612,0.3594
1993-04-12,0.3576,0.3612
1993-04-13,0.3648,0.3503
1993-04-14,0.3485,0.3521
1993-04-15,0.3485,0.3413
1993-04-16,0.3485,0.3476
1993-04-19,0.3503,0.3503
1993-04-20,0.3521,0.3612
1993-04-21,0.363,0.3585
1993-04-22,0.3558,0.3612
1993-04-23,0.3594,0.3558
1993-04-26,0.3558,0.354
1993-04-27,0.3521,0.363
1993-04-28,0.3594,0.3711
1993-04-29,0.372,0.3666
1993-04-30,0.3666,0.3702
1993-05-03,0.3702,0.3747
1993-05-04,0.3774,0.3856
1993-05-05,0.3828,0.3937
1993-05-06,0.3937,0.3883
1993-05-07,0.3865,0.3955
1993-05-10,0.3973,0.3973
1993-05-11,0.3973,0.3937
1993-05-12,0.3919,0.3847
1993-05-13,0.3865,0.4009
1993-05-14,0.3991,0.4009
1993-05-17,0.4009,0.4027
1993-05-18,0.4009,0.4009
1993-05-19,0.3955,0.4135
1993-05-20,0.4135,0.4244
1993-05-21,0.4244,0.4154
1993-05-24,0.4099,0.4163
1993-05-25,0.4099,0.4072
1993-05-26,0.4045,0.4172
1993-05-27,0.4172,0.4154
1993-05-28,0.4126,0.4099
1993-06-01,0.409,0.4126
1993-06-02,0.4108,0.4126
1993-06-03,0.4126,0.4081
1993-06-04,0.4036,0.3972
1993-06-07,0.3945,0.3674
1993-06-08,0.3529,0.3583
1993-06-09,0.3257,0.3203
1993-06-10,0.3149,0.3221
1993-06-11,0.3257,0.3167
1993-06-14,0.3185,0.323
1993-06-15,0.3275,0.304
1993-06-16,0.3058,0.3058
1993-06-17,0.3076,0.2986
1993-06-18,0.3013,0.2968
1993-06-21,0.2932,0.2868
1993-06-22,0.2959,0.2995
1993-06-23,0.3022,0.2932
1993-06-24,0.2932,0.3022
1993-06-25,0.2923,0.2895
1993-06-28,0.2932,0.2904
1993-06-29,0.2914,0.2823
1993-06-30,0.2805,0.2859
1993-07-01,0.2823,0.2751
1993-07-02,0.2769,0.2787
1993-07-06,0.2769,0.2733
1993-07-07,0.2714,0.2642
1993-07-08,0.2642,0.2642
1993-07-09,0.2678,0.266
1993-07-12,0.266,0.2751
1993-07-13,0.2805,0.2696
1993-07-14,0.266,0.2696
1993-07-15,0.2696,0.2588
1993-07-16,0.2063,0.1991
1993-07-19,0.2027,0.1855
1993-07-20,0.19,0.1945
1993-07-21,0.1882,0.19
1993-07-22,0.1882,0.1918
1993-07-23,0.1954,0.19
1993-07-26,0.1936,0.1945
1993-07-27,0.1936,0.1918
1993-07-28,0.19,0.1945
1993-07-29,0.1954,0.1973
1993-07-30,0.1991,0.2009
1993-08-02,0.2045,0.2063
1993-08-03,0.2099,0.2099
1993-08-04,0.2117,0.219
1993-08-05,0.2226,0.2135
1993-08-06,0.2117,0.2117
1993-08-09,0.2117,0.2153
1993-08-10,0.2135,0.2063
1993-08-11,0.2063,0.1991
1993-08-12,0.1991,0.1918
1993-08-13,0.1918,0.1982
1993-08-16,0.1999,0.1999
1993-08-17,0.2018,0.2063
1993-08-18,0.2108,0.2072
1993-08-19,0.209,0.1999
1993-08-20,0.2018,0.2036
1993-08-23,0.2036,0.2063
1993-08-24,0.2054,0.2036
1993-08-25,0.2036,0.1981
1993-08-26,0.1981,0.1954
1993-08-27,0.1963,0.1927
1993-08-30,0.1927,0.189
1993-08-31,0.1927,0.1927
1993-09-01,0.1927,0.1899
1993-09-02,0.189,0.1872
1993-09-03,0.189,0.1872
1993-09-07,0.189,0.1908
1993-09-08,0.1908,0.1945
1993-09-09,0.1945,0.189
1993-09-10,0.1908,0.1908
1993-09-13,0.1908,0.1836
1993-09-14,0.1763,0.1763
1993-09-15,0.1781,0.1781
1993-09-16,0.1763,0.1799
1993-09-17,0.1772,0.1836
1993-09-20,0.1836,0.1809
1993-09-21,0.1799,0.1781
1993-09-22,0.1763,0.1854
1993-09-23,0.1854,0.1799
1993-09-24,0.1818,0.1818
1993-09-27,0.1818,0.1799
1993-09-28,0.1799,0.1799
1993-09-29,0.1763,0.1736
1993-09-30,0.1745,0.1699
1993-10-01,0.1654,0.1654
1993-10-04,0.1645,0.1654
1993-10-05,0.1672,0.1709
1993-10-06,0.1727,0.1718
1993-10-07,0.1709,0.1672
1993-10-08,0.169,0.1645
1993-10-11,0.1654,0.1727
1993-10-12,0.1745,0.1745
1993-10-13,0.1763,0.1745
1993-10-14,0.1745,0.1727
1993-10-15,0.2018,0.2054
1993-10-18,0.2036,0.2063
1993-10-19,0.2054,0.2018
1993-10-20,0.2036,0.2018
1993-10-21,0.1999,0.2199
1993-10-22,0.2217,0.2199
1993-10-25,0.2199,0.2181
1993-10-26,0.2163,0.2163
1993-10-27,0.2181,0.2308
1993-10-28,0.2308,0.2254
1993-10-29,0.2254,0.2236
1993-11-01,0.2236,0.229
1993-11-02,0.2272,0.2381
1993-11-03,0.2399,0.2299
1993-11-04,0.229,0.2345
1993-11-05,0.2317,0.2317
1993-11-08,0.2327,0.2236
1993-11-09,0.2254,0.219
1993-11-10,0.2199,0.2236
1993-11-11,0.2236,0.2281
1993-11-12,0.229,0.2308
1993-11-15,0.229,0.2327
1993-11-16,0.2327,0.2472
1993-11-17,0.2472,0.2436
1993-11-18,0.2436,0.2436
1993-11-19,0.2408,0.2408
1993-11-22,0.239,0.2371
1993-11-23,0.2371,0.2408
1993-11-24,0.239,0.2408
1993-11-26,0.239,0.2381
1993-11-29,0.2353,0.2317
1993-11-30,0.2317,0.2298
1993-12-01,0.2335,0.2298
1993-12-02,0.2317,0.2317
1993-12-03,0.2317,0.2298
1993-12-06,0.2298,0.2353
1993-12-07,0.2335,0.2353
1993-12-08,0.2335,0.2326
1993-12-09,0.2317,0.2189
1993-12-10,0.2207,0.2061
1993-12-13,0.2061,0.2152
1993-12-14,0.2134,0.2125
1993-12-15,0.2116,0.2171
1993-12-16,0.2152,0.2143
1993-12-17,0.2152,0.2152
1993-12-20,0.2134,0.208
1993-12-21,0.208,0.2007
1993-12-22,0.1988,0.2043
1993-12-23,0.1988,0.1988
1993-12-27,0.2025,0.208
1993-12-28,0.2098,0.2125
1993-12-29,0.2134,0.208
1993-12-30,0.208,0.2171
1993-12-31,0.2171,0.2134
1994-01-03,0.2152,0.218
1994-01-04,0.2207,0.2298
1994-01-05,0.2317,0.2463
1994-01-06,0.2463,0.239
1994-01-07,0.2335,0.2417
1994-01-10,0.2408,0.2453
1994-01-11,0.2444,0.2326
1994-01-12,0.2353,0.2225
1994-01-13,0.2189,0.2235
1994-01-14,0.2244,0.2262
1994-01-17,0.2262,0.2216
1994-01-18,0.2207,0.2143
1994-01-19,0.2134,0.2134
1994-01-20,0.2152,0.218
1994-01-21,0.2426,0.2435
1994-01-24,0.2426,0.2554
1994-01-25,0.2536,0.2472
1994-01-26,0.2463,0.2444
1994-01-27,0.2444,0.249
1994-01-28,0.2499,0.2481
1994-01-31,0.2444,0.239
1994-02-01,0.2408,0.2426
1994-02-02,0.2426,0.2408
1994-02-03,0.2408,0.2444
1994-02-04,0.2444,0.2444
1994-02-07,0.2453,0.2673
1994-02-08,0.2636,0.2618
1994-02-09,0.2618,0.2655
1994-02-10,0.2655,0.2673
1994-02-11,0.2655,0.2709
1994-02-14,0.2709,0.2709
1994-02-15,0.2691,0.2719
1994-02-16,0.2746,0.2691
1994-02-17,0.2728,0.2709
1994-02-18,0.2673,0.2655
1994-02-22,0.2655,0.2728
1994-02-23,0.2728,0.2728
1994-02-24,0.2709,0.2682
1994-02-25,0.2709,0.2636
1994-02-28,0.2655,0.2673
1994-03-01,0.2691,0.2655
1994-03-02,0.2581,0.2609
1994-03-03,0.2618,0.2618
1994-03-04,0.2636,0.2691
1994-03-07,0.2709,0.2774
1994-03-08,0.2783,0.2709
1994-03-09,0.2682,0.2746
1994-03-10,0.2728,0.2728
1994-03-11,0.2709,0.2728
1994-03-14,0.2819,0.2792
1994-03-15,0.2801,0.2755
1994-03-16,0.2746,0.2691
1994-03-17,0.2691,0.2673
1994-03-18,0.2691,0.2664
1994-03-21,0.2664,0.26
1994-03-22,0.2581,0.2563
1994-03-23,0.2581,0.2572
1994-03-24,0.2572,0.2536
1994-03-25,0.2545,0.2398
1994-03-28,0.2417,0.2435
1994-03-29,0.2435,0.2398
1994-03-30,0.238,0.238
1994-03-31,0.238,0.2435
1994-04-04,0.2362,0.2435
1994-04-05,0.2471,0.2453
1994-04-06,0.249,0.2453
1994-04-07,0.2453,0.2444
1994-04-08,0.2471,0.2453
1994-04-11,0.2453,0.2453
1994-04-12,0.2444,0.2343
1994-04-13,0.2362,0.2325
1994-04-14,0.2233,0.2307
1994-04-15,0.2288,0.2215
1994-04-18,0.2233,0.2169
1994-04-19,0.2179,0.2124
1994-04-20,0.2142,0.2069
1994-04-21,0.2087,0.2169
1994-04-22,0.2288,0.2179
1994-04-25,0.2179,0.227
1994-04-26,0.2307,0.2288
1994-04-28,0.227,0.2215
1994-04-29,0.2197,0.2197
1994-05-02,0.2197,0.227
1994-05-03,0.227,0.2215
1994-05-04,0.227,0.2417
1994-05-05,0.2435,0.2407
1994-05-06,0.2362,0.2366
1994-05-09,0.2362,0.2288
1994-05-10,0.2325,0.227
1994-05-11,0.227,0.2215
1994-05-12,0.2233,0.2174
1994-05-13,0.2179,0.2197
1994-05-16,0.2197,0.216
1994-05-17,0.2179,0.2151
1994-05-18,0.2179,0.2243
1994-05-19,0.2252,0.2352
1994-05-20,0.2325,0.2275
1994-05-23,0.227,0.2233
1994-05-24,0.227,0.2252
1994-05-25,0.2215,0.2288
1994-05-26,0.2307,0.2233
1994-05-27,0.2224,0.2201
1994-05-31,0.2169,0.215
1994-06-01,0.2095,0.2077
1994-06-02,0.2086,0.2013
1994-06-03,0.1994,0.2031
1994-06-06,0.2022,0.2013
1994-06-07,0.2003,0.2022
1994-06-08,0.2022,0.1921
1994-06-09,0.1884,0.1985
1994-06-10,0.1994,0.1948
1994-06-13,0.1939,0.1985
1994-06-14,0.2003,0.199
1994-06-15,0.1985,0.2045
1994-06-16,0.204,0.1939
1994-06-17,0.1911,0.1948
1994-06-20,0.193,0.1994
1994-06-21,0.1976,0.1911
1994-06-22,0.193,0.193
1994-06-23,0.193,0.1847
1994-06-24,0.1847,0.1883
1994-06-27,0.1856,0.193
1994-06-28,0.193,0.1967
1994-06-29,0.1967,0.1921
1994-06-30,0.193,0.1948
1994-07-01,0.1939,0.1893
1994-07-05,0.1884,0.1948
1994-07-06,0.193,0.1921
1994-07-07,0.1902,0.1971
1994-07-08,0.1948,0.199
1994-07-11,0.1994,0.1985
1994-07-12,0.1985,0.2086
1994-07-13,0.2095,0.2183
1994-07-14,0.2178,0.2104
1994-07-15,0.2076,0.2077
1994-07-18,0.2068,0.2086
1994-07-19,0.2104,0.2036
1994-07-20,0.2013,0.1957
1994-07-21,0.1957,0.2058
1994-07-22,0.2325,0.2279
1994-07-25,0.2288,0.233
1994-07-26,0.2334,0.2307
1994-07-27,0.2297,0.2284
1994-07-28,0.2279,0.2343
1994-07-29,0.2343,0.2477
1994-08-01,0.2472,0.2454
1994-08-02,0.2463,0.2394
1994-08-03,0.2408,0.2435
1994-08-04,0.2435,0.2444
1994-08-05,0.2417,0.2444
1994-08-08,0.2435,0.2481
1994-08-09,0.2463,0.2472
1994-08-10,0.2472,0.2546
1994-08-11,0.2518,0.2523
1994-08-12,0.2527,0.2555
1994-08-15,0.2564,0.2554
1994-08-16,0.2536,0.2564
1994-08-17,0.2573,0.2582
1994-08-18,0.2564,0.2554
1994-08-19,0.2564,0.2573
1994-08-22,0.2564,0.2573
1994-08-23,0.2573,0.2582
1994-08-24,0.2564,0.2573
1994-08-25,0.2527,0.2587
1994-08-26,0.26,0.2637
1994-08-29,0.2637,0.261
1994-08-30,0.26,0.2674
1994-08-31,0.2656,0.267
1994-09-01,0.261,0.2582
1994-09-02,0.26,0.261
1994-09-06,0.26,0.2624
1994-09-07,0.2628,0.2665
1994-09-08,0.2656,0.2665
1994-09-09,0.2637,0.2637
1994-09-12,0.2628,0.2637
1994-09-13,0.2637,0.2642
1994-09-14,0.2628,0.2591
1994-09-15,0.2591,0.2656
1994-09-16,0.2647,0.2683
1994-09-19,0.2683,0.2619
1994-09-20,0.2591,0.255
1994-09-21,0.2545,0.2517
1994-09-22,0.2527,0.2499
1994-09-23,0.2499,0.2504
1994-09-26,0.2499,0.2504
1994-09-27,0.249,0.2499
1994-09-28,0.2508,0.2499
1994-09-29,0.249,0.2517
1994-09-30,0.2517,0.2485
1994-10-03,0.2481,0.2444
1994-10-04,0.2453,0.249
1994-10-05,0.2481,0.2794
1994-10-06,0.2757,0.2674
1994-10-07,0.2665,0.273
1994-10-10,0.2739,0.2868
1994-10-11,0.3052,0.2923
1994-10-12,0.2923,0.3108
1994-10-13,0.3145,0.3034
1994-10-14,0.3062,0.3034
1994-10-17,0.3015,0.2932
1994-10-18,0.2997,0.3043
1994-10-19,0.3025,0.3043
1994-10-20,0.3043,0.3025
1994-10-21,0.3006,0.3145
1994-10-24,0.3154,0.3117
1994-10-25,0.3071,0.3145
1994-10-26,0.3145,0.3191
1994-10-27,0.3191,0.3154
1994-10-28,0.3126,0.3108
1994-10-31,0.3098,0.3186
1994-11-01,0.3163,0.3181
1994-11-02,0.3181,0.3052
1994-11-03,0.308,0.3062
1994-11-04,0.3062,0.2979
1994-11-07,0.2979,0.3006
1994-11-08,0.2997,0.3117
1994-11-09,0.3154,0.3071
1994-11-10,0.308,0.3048
1994-11-11,0.3043,0.3034
1994-11-14,0.3043,0.3135
1994-11-15,0.3135,0.3052
1994-11-16,0.3006,0.302
1994-11-17,0.3015,0.2951
1994-11-18,0.296,0.296
1994-11-21,0.296,0.2821
1994-11-22,0.2793,0.2766
1994-11-23,0.2738,0.2729
1994-11-25,0.2729,0.2793
1994-11-28,0.2784,0.2798
1994-11-29,0.2812,0.283
1994-11-30,0.284,0.2756
1994-12-01,0.2738,0.2678
1994-12-02,0.2701,0.2705
1994-12-05,0.2701,0.2752
1994-12-06,0.2738,0.2779
1994-12-07,0.2775,0.271
1994-12-08,0.2729,0.2655
1994-12-09,0.2655,0.2682
1994-12-12,0.2692,0.2701
1994-12-13,0.271,0.2692
1994-12-14,0.2701,0.2803
1994-12-15,0.2812,0.2747
1994-12-16,0.2756,0.2756
1994-12-19,0.2756,0.2895
1994-12-20,0.2895,0.2849
1994-12-21,0.2803,0.284
1994-12-22,0.2849,0.2858
1994-12-23,0.2849,0.2877
1994-12-27,0.2904,0.2895
1994-12-28,0.2895,0.2895
1994-12-29,0.2904,0.2923
1994-12-30,0.2914,0.2886
1995-01-03,0.2877,0.284
1995-01-04,0.2858,0.2914
1995-01-05,0.2904,0.2877
1995-01-06,0.308,0.3108
1995-01-09,0.308,0.3049
1995-01-10,0.3052,0.3233
1995-01-11,0.3237,0.3459
1995-01-12,0.3413,0.3357
1995-01-13,0.3413,0.332
1995-01-16,0.332,0.3293
1995-01-17,0.3293,0.333
1995-01-18,0.333,0.3376
1995-01-19,0.3367,0.3394
1995-01-20,0.3478,0.3154
1995-01-23,0.3098,0.3126
1995-01-24,0.3126,0.308
1995-01-25,0.2923,0.3033
1995-01-26,0.3024,0.2923
1995-01-27,0.2951,0.2951
1995-01-30,0.2969,0.2969
1995-01-31,0.2997,0.2988
1995-02-01,0.3015,0.2969
1995-02-02,0.2969,0.308
1995-02-03,0.3108,0.2997
1995-02-06,0.3015,0.2997
1995-02-07,0.2988,0.302
1995-02-08,0.3034,0.3131
1995-02-09,0.3117,0.3228
1995-02-10,0.3228,0.3237
1995-02-13,0.3228,0.3246
1995-02-14,0.3246,0.3186
1995-02-15,0.3209,0.3158
1995-02-16,0.32,0.3204
1995-02-17,0.3181,0.3153
1995-02-21,0.3163,0.3042
1995-02-22,0.3014,0.3028
1995-02-23,0.3051,0.2982
1995-02-24,0.2977,0.2894
1995-02-27,0.2838,0.2838
1995-02-28,0.2857,0.2931
1995-03-01,0.2949,0.2968
1995-03-02,0.2977,0.2968
1995-03-03,0.2949,0.2986
1995-03-06,0.2949,0.2949
1995-03-07,0.2959,0.2843
1995-03-08,0.2875,0.2935
1995-03-09,0.2959,0.2949
1995-03-10,0.294,0.2931
1995-03-13,0.294,0.2829
1995-03-14,0.2838,0.2597
1995-03-15,0.2634,0.2597
1995-03-16,0.2615,0.2615
1995-03-17,0.2634,0.2606
1995-03-20,0.2606,0.2615
1995-03-21,0.2634,0.269
1995-03-22,0.269,0.2824
1995-03-23,0.281,0.2755
1995-03-24,0.2773,0.2801
1995-03-27,0.2792,0.2759
1995-03-28,0.269,0.2551
1995-03-29,0.2523,0.2551
1995-03-30,0.2569,0.2625
1995-03-31,0.2606,0.2615
1995-04-03,0.2634,0.2634
1995-04-04,0.2653,0.2513
1995-04-05,0.2532,0.2578
1995-04-06,0.2764,0.2727
1995-04-07,0.2745,0.2727
1995-04-10,0.2736,0.2717
1995-04-11,0.2727,0.2801
1995-04-12,0.2838,0.2894
1995-04-13,0.2912,0.2838
1995-04-17,0.2829,0.2847
1995-04-18,0.2857,0.2782
1995-04-19,0.2782,0.2699
1995-04-20,0.2755,0.2792
1995-04-21,0.2764,0.2903
1995-04-24,0.2894,0.2894
1995-04-25,0.2903,0.2801
1995-04-26,0.2792,0.2838
1995-04-27,0.2857,0.281
1995-04-28,0.2819,0.2838
1995-05-01,0.2838,0.2838
1995-05-02,0.2838,0.2829
1995-05-03,0.2838,0.2829
1995-05-04,0.2838,0.2857
1995-05-05,0.2875,0.2884
1995-05-08,0.2959,0.3005
1995-05-09,0.3014,0.3061
1995-05-10,0.3079,0.3075
1995-05-11,0.3088,0.3042
1995-05-12,0.3033,0.3237
1995-05-15,0.32,0.3237
1995-05-16,0.32,0.3246
1995-05-17,0.3246,0.3265
1995-05-18,0.3274,0.3218
1995-05-19,0.3181,0.3172
1995-05-22,0.3153,0.3274
1995-05-23,0.3274,0.3255
1995-05-24,0.3246,0.3228
1995-05-25,0.3209,0.3218
1995-05-26,0.3199,0.3176
1995-05-30,0.3171,0.3125
1995-05-31,0.3134,0.3092
1995-06-01,0.3116,0.3139
1995-06-02,0.3116,0.3134
1995-06-05,0.3153,0.3237
1995-06-06,0.3246,0.3274
1995-06-07,0.3283,0.3209
1995-06-08,0.3227,0.3195
1995-06-09,0.3246,0.3237
1995-06-12,0.3274,0.3287
1995-06-13,0.3311,0.3274
1995-06-14,0.3264,0.3246
1995-06-15,0.3246,0.3246
1995-06-16,0.3264,0.3264
1995-06-19,0.3264,0.3302
1995-06-20,0.3423,0.3525
1995-06-21,0.3543,0.3674
1995-06-22,0.3646,0.3655
1995-06-23,0.3627,0.3627
1995-06-26,0.359,0.3581
1995-06-27,0.3525,0.345
1995-06-28,0.3423,0.3469
1995-06-29,0.345,0.3516
1995-06-30,0.3516,0.3455
1995-07-03,0.346,0.3492
1995-07-05,0.3488,0.346
1995-07-06,0.346,0.3497
1995-07-07,0.3488,0.3618
1995-07-10,0.3618,0.3618
1995-07-11,0.3553,0.3506
1995-07-12,0.3516,0.3497
1995-07-13,0.3525,0.3543
1995-07-14,0.3525,0.3627
1995-07-17,0.3636,0.3646
1995-07-18,0.3646,0.3581
1995-07-19,0.3497,0.3385
1995-07-20,0.3423,0.3502
1995-07-21,0.3199,0.3255
1995-07-24,0.3274,0.3376
1995-07-25,0.3423,0.3404
1995-07-26,0.3441,0.3376
1995-07-27,0.3385,0.3483
1995-07-28,0.3478,0.3385
1995-07-31,0.3385,0.3348
1995-08-01,0.3339,0.3237
1995-08-02,0.3264,0.3302
1995-08-03,0.3283,0.3348
1995-08-04,0.3348,0.3292
1995-08-07,0.3283,0.3227
1995-08-08,0.3246,0.3162
1995-08-09,0.3171,0.3209
1995-08-10,0.3209,0.3181
1995-08-11,0.319,0.3204
1995-08-14,0.3199,0.3227
1995-08-15,0.3264,0.3278
1995-08-16,0.3283,0.332
1995-08-17,0.3329,0.3329
1995-08-18,0.3348,0.3348
1995-08-21,0.3348,0.3292
1995-08-22,0.3311,0.3339
1995-08-23,0.3348,0.3395
1995-08-24,0.3404,0.3413
1995-08-25,0.3423,0.3339
1995-08-28,0.3348,0.3208
1995-08-29,0.3208,0.3217
1995-08-30,0.3227,0.3236
1995-08-31,0.3236,0.3208
1995-09-01,0.3208,0.3203
1995-09-05,0.3245,0.3245
1995-09-06,0.3273,0.3264
1995-09-07,0.3283,0.3339
1995-09-08,0.3339,0.3339
1995-09-11,0.3348,0.3301
1995-09-12,0.332,0.3203
1995-09-13,0.3199,0.3161
1995-09-14,0.3087,0.2984
1995-09-15,0.2788,0.2677
1995-09-18,0.2714,0.2737
1995-09-19,0.2742,0.2742
1995-09-20,0.2779,0.2732
1995-09-21,0.2723,0.276
1995-09-22,0.2751,0.2765
1995-09-25,0.2854,0.2799
1995-09-26,0.2816,0.2788
1995-09-27,0.2798,0.2704
1995-09-28,0.2723,0.2816
1995-09-29,0.2835,0.2779
1995-10-02,0.2816,0.2807
1995-10-03,0.2844,0.2807
1995-10-04,0.2732,0.2714
1995-10-05,0.2704,0.2723
1995-10-06,0.2742,0.2663
1995-10-09,0.2639,0.2597
1995-10-10,0.2565,0.2588
1995-10-11,0.263,0.2602
1995-10-12,0.2611,0.2635
1995-10-13,0.2667,0.2686
1995-10-16,0.2704,0.2695
1995-10-17,0.2723,0.2732
1995-10-18,0.276,0.2788
1995-10-19,0.2676,0.2593
1995-10-20,0.263,0.2621
1995-10-23,0.2621,0.2621
1995-10-24,0.2649,0.2621
1995-10-25,0.263,0.2593
1995-10-26,0.2602,0.2602
1995-10-27,0.2602,0.2593
1995-10-30,0.2602,0.263
1995-10-31,0.263,0.2709
1995-11-01,0.2732,0.2732
1995-11-02,0.2751,0.2732
1995-11-03,0.2742,0.2723
1995-11-06,0.2723,0.2844
1995-11-07,0.2816,0.2956
1995-11-08,0.2966,0.29
1995-11-09,0.2966,0.2938
1995-11-10,0.2938,0.2966
1995-11-13,0.3003,0.305
1995-11-14,0.3059,0.3096
1995-11-15,0.3133,0.3059
1995-11-16,0.305,0.298
1995-11-17,0.2984,0.2994
1995-11-20,0.3003,0.2882
1995-11-21,0.29,0.2891
1995-11-22,0.2891,0.2891
1995-11-24,0.2909,0.3008
1995-11-27,0.304,0.2947
1995-11-28,0.2947,0.2994
1995-11-29,0.3003,0.2937
1995-11-30,0.2909,0.2853
1995-12-01,0.2844,0.2816
1995-12-04,0.3003,0.2956
1995-12-05,0.2881,0.2956
1995-12-06,0.2975,0.29
1995-12-07,0.29,0.2886
1995-12-08,0.29,0.2947
1995-12-11,0.2956,0.2891
1995-12-12,0.2891,0.2844
1995-12-13,0.2863,0.2872
1995-12-14,0.2909,0.2863
1995-12-15,0.2657,0.2638
1995-12-18,0.2629,0.2414
1995-12-19,0.2451,0.2451
1995-12-20,0.2507,0.2442
1995-12-21,0.2451,0.2432
1995-12-22,0.2442,0.2414
1995-12-26,0.2432,0.24
1995-12-27,0.2404,0.2423
1995-12-28,0.2404,0.2395
1995-12-29,0.2395,0.2385
1996-01-02,0.2414,0.2404
1996-01-03,0.2395,0.2404
1996-01-04,0.2423,0.2362
1996-01-05,0.2367,0.2563
1996-01-08,0.2582,0.2591
1996-01-09,0.2591,0.2451
1996-01-10,0.2432,0.2563
1996-01-11,0.2442,0.2619
1996-01-12,0.2601,0.2535
1996-01-15,0.2526,0.2554
1996-01-16,0.2573,0.2587
1996-01-17,0.2573,0.2545
1996-01-18,0.246,0.239
1996-01-19,0.232,0.2236
1996-01-22,0.2226,0.2283
1996-01-23,0.2526,0.2367
1996-01-24,0.2404,0.2414
1996-01-25,0.2376,0.2264
1996-01-26,0.2273,0.2292
1996-01-29,0.217,0.218
1996-01-30,0.2021,0.2044
1996-01-31,0.2077,0.2067
1996-02-01,0.2058,0.2124
1996-02-02,0.2161,0.2189
1996-02-05,0.2222,0.2189
1996-02-06,0.2189,0.2217
1996-02-07,0.2226,0.2114
1996-02-08,0.2058,0.2086
1996-02-09,0.2086,0.2077
1996-02-12,0.2105,0.2124
1996-02-13,0.2095,0.2105
1996-02-14,0.2114,0.2067
1996-02-15,0.2067,0.2095
1996-02-16,0.2105,0.2058
1996-02-20,0.2095,0.217
1996-02-21,0.2198,0.2217
1996-02-22,0.2245,0.2236
1996-02-23,0.2236,0.2236
1996-02-26,0.2245,0.2208
1996-02-27,0.2236,0.2142
1996-02-28,0.2161,0.2077
1996-02-29,0.2058,0.2058
1996-03-01,0.2067,0.2011
1996-03-04,0.2039,0.1965
1996-03-05,0.1983,0.1993
1996-03-06,0.2002,0.196
1996-03-07,0.1965,0.1932
1996-03-08,0.1927,0.1946
1996-03-11,0.1965,0.1936
1996-03-12,0.1946,0.1932
1996-03-13,0.1936,0.1927
1996-03-14,0.1936,0.1918
1996-03-15,0.1946,0.1936
1996-03-18,0.1941,0.1955
1996-03-19,0.1974,0.1927
1996-03-20,0.1927,0.189
1996-03-21,0.1908,0.188
1996-03-22,0.189,0.1899
1996-03-25,0.1908,0.1796
1996-03-26,0.1796,0.1787
1996-03-27,0.174,0.189
1996-03-28,0.1852,0.181
1996-03-29,0.1815,0.1838
1996-04-01,0.188,0.1908
1996-04-02,0.1918,0.1871
1996-04-03,0.188,0.1838
1996-04-04,0.1843,0.1805
1996-04-08,0.1787,0.1824
1996-04-09,0.1862,0.1946
1996-04-10,0.1955,0.1946
1996-04-11,0.1955,0.1927
1996-04-12,0.1936,0.1908
1996-04-15,0.1908,0.1927
1996-04-16,0.1936,0.1936
1996-04-17,0.1936,0.189
1996-04-18,0.1899,0.1852
1996-04-19,0.1843,0.1876
1996-04-22,0.189,0.188
1996-04-23,0.188,0.1852
1996-04-24,0.1843,0.1815
1996-04-25,0.1824,0.1862
1996-04-26,0.1871,0.1852
1996-04-29,0.1871,0.1852
1996-04-30,0.1862,0.1824
1996-05-01,0.1824,0.1824
1996-05-02,0.1834,0.1777
1996-05-03,0.1805,0.1787
1996-05-06,0.1862,0.1918
1996-05-07,0.1974,0.2011
1996-05-08,0.2039,0.2002
1996-05-09,0.1974,0.1955
1996-05-10,0.1965,0.2039
1996-05-13,0.203,0.2025
1996-05-14,0.2077,0.2058
1996-05-15,0.2086,0.2133
1996-05-16,0.2114,0.2124
1996-05-17,0.2124,0.2067
1996-05-20,0.2086,0.2091
1996-05-21,0.2095,0.203
1996-05-22,0.2049,0.195
1996-05-23,0.1955,0.1965
1996-05-24,0.1965,0.2002
1996-05-28,0.2002,0.1974
1996-05-29,0.1965,0.1862
1996-05-30,0.1862,0.1908
1996-05-31,0.1918,0.1955
1996-06-03,0.1936,0.1852
1996-06-04,0.1796,0.181
1996-06-05,0.1899,0.188
1996-06-06,0.1871,0.1815
1996-06-07,0.1796,0.1824
1996-06-10,0.1824,0.1805
1996-06-11,0.1815,0.1796
1996-06-12,0.1834,0.1815
1996-06-13,0.1824,0.1843
1996-06-14,0.1852,0.1791
1996-06-17,0.1805,0.1768
1996-06-18,0.1768,0.1703
1996-06-19,0.1731,0.1731
1996-06-20,0.1749,0.1703
1996-06-21,0.1712,0.1693
1996-06-24,0.1693,0.1665
1996-06-25,0.1656,0.1544
1996-06-26,0.1544,0.1487
1996-06-27,0.1497,0.1544
1996-06-28,0.1562,0.1572
1996-07-01,0.1581,0.1609
1996-07-02,0.16,0.1572
1996-07-03,0.1525,0.145
1996-07-05,0.145,0.1459
1996-07-08,0.1469,0.1431
1996-07-09,0.1459,0.1422
1996-07-10,0.1431,0.1403
1996-07-11,0.1403,0.1338
1996-07-12,0.1375,0.1352
1996-07-15,0.1356,0.1286
1996-07-16,0.13,0.1263
1996-07-17,0.13,0.1263
1996-07-18,0.1609,0.1562
1996-07-19,0.1562,0.1553
1996-07-22,0.1562,0.1515
1996-07-23,0.1534,0.1534
1996-07-24,0.1497,0.1558
1996-07-25,0.1581,0.1572
1996-07-26,0.1609,0.1646
1996-07-29,0.1646,0.1665
1996-07-30,0.1693,0.16
1996-07-31,0.159,0.1646
1996-08-01,0.1646,0.159
1996-08-02,0.1618,0.1618
1996-08-05,0.1618,0.1572
1996-08-06,0.1572,0.1609
1996-08-07,0.1628,0.1675
1996-08-08,0.1675,0.1656
1996-08-09,0.1665,0.1731
1996-08-12,0.1749,0.1721
1996-08-13,0.1712,0.1684
1996-08-14,0.1693,0.1703
1996-08-15,0.1693,0.1665
1996-08-16,0.1693,0.1684
1996-08-19,0.1675,0.1768
1996-08-20,0.1787,0.1759
1996-08-21,0.1759,0.1721
1996-08-22,0.1721,0.174
1996-08-23,0.1721,0.1787
1996-08-26,0.1787,0.1805
1996-08-27,0.1805,0.186
1996-08-28,0.1862,0.1862
1996-08-29,0.1862,0.1834
1996-08-30,0.1852,0.1815
1996-09-03,0.1805,0.1805
1996-09-04,0.1787,0.1805
1996-09-05,0.1759,0.1712
1996-09-06,0.1731,0.1721
1996-09-09,0.1693,0.1646
1996-09-10,0.1656,0.1609
1996-09-11,0.1609,0.1581
1996-09-12,0.1572,0.1525
1996-09-13,0.1525,0.1572
1996-09-16,0.1609,0.1675
1996-09-17,0.1712,0.1721
1996-09-18,0.1721,0.1759
1996-09-19,0.1768,0.1749
1996-09-20,0.1749,0.1712
1996-09-23,0.1712,0.1675
1996-09-24,0.1675,0.1684
1996-09-25,0.1684,0.1675
1996-09-26,0.1675,0.1675
1996-09-27,0.1665,0.167
1996-09-30,0.1656,0.166
1996-10-01,0.1646,0.1843
1996-10-02,0.1768,0.1768
1996-10-03,0.1768,0.1675
1996-10-04,0.1712,0.1707
1996-10-07,0.1721,0.1731
1996-10-08,0.1759,0.174
1996-10-09,0.1749,0.1721
1996-10-10,0.1787,0.181
1996-10-11,0.1824,0.1815
1996-10-14,0.1834,0.189
1996-10-15,0.1927,0.189
1996-10-16,0.189,0.1927
1996-10-17,0.2058,0.1974
1996-10-18,0.1983,0.1988
1996-10-21,0.1983,0.1918
1996-10-22,0.1918,0.1862
1996-10-23,0.1852,0.1852
1996-10-24,0.1871,0.1852
1996-10-25,0.1862,0.1834
1996-10-28,0.188,0.1834
1996-10-29,0.1843,0.174
1996-10-30,0.1759,0.1712
1996-10-31,0.174,0.1721
1996-11-01,0.1749,0.1815
1996-11-04,0.1824,0.1824
1996-11-05,0.1834,0.1908
1996-11-06,0.1918,0.1908
1996-11-07,0.1899,0.1936
1996-11-08,0.1936,0.1965
1996-11-11,0.1974,0.1946
1996-11-12,0.1955,0.189
1996-11-13,0.1899,0.1913
1996-11-14,0.1908,0.1918
1996-11-15,0.1936,0.1871
1996-11-18,0.1871,0.1852
1996-11-19,0.1862,0.1862
1996-11-20,0.1862,0.1871
1996-11-21,0.1862,0.1834
1996-11-22,0.1834,0.189
1996-11-25,0.1899,0.1871
1996-11-26,0.1862,0.1815
1996-11-27,0.1805,0.1834
1996-11-29,0.1834,0.1805
1996-12-02,0.1805,0.188
1996-12-03,0.189,0.188
1996-12-04,0.188,0.1871
1996-12-05,0.1871,0.1871
1996-12-06,0.1824,0.188
1996-12-09,0.189,0.1871
1996-12-10,0.1862,0.1834
1996-12-11,0.1777,0.1796
1996-12-12,0.1805,0.1787
1996-12-13,0.1777,0.174
1996-12-16,0.1759,0.1693
1996-12-17,0.1675,0.1684
1996-12-18,0.1703,0.1731
1996-12-19,0.1721,0.1665
1996-12-20,0.1684,0.1759
1996-12-23,0.1796,0.174
1996-12-24,0.174,0.1731
1996-12-26,0.174,0.1721
1996-12-27,0.1712,0.1731
1996-12-30,0.1731,0.1628
1996-12-31,0.16,0.1562
1997-01-02,0.1581,0.1572
1997-01-03,0.1581,0.1628
1997-01-06,0.1319,0.1338
1997-01-07,0.1356,0.131
1997-01-08,0.1366,0.1319
1997-01-09,0.1328,0.1328
1997-01-10,0.1319,0.1366
1997-01-13,0.1385,0.1356
1997-01-14,0.1375,0.1338
1997-01-15,0.1347,0.1291
1997-01-16,0.1282,0.1254
1997-01-17,0.1254,0.1254
1997-01-20,0.1263,0.1268
1997-01-21,0.1272,0.1291
1997-01-22,0.13,0.1286
1997-01-23,0.1291,0.1291
1997-01-24,0.1291,0.1263
1997-01-27,0.1282,0.1244
1997-01-28,0.1272,0.1244
1997-01-29,0.1244,0.1244
1997-01-30,0.1254,0.1254
1997-01-31,0.1244,0.1244
1997-02-03,0.1263,0.1221
1997-02-04,0.1216,0.1151
1997-02-05,0.1141,0.1141
1997-02-06,0.1141,0.1197
1997-02-07,0.1235,0.1183
1997-02-10,0.1207,0.1169
1997-02-11,0.1188,0.1174
1997-02-12,0.1179,0.1179
1997-02-13,0.1179,0.1207
1997-02-14,0.1216,0.1221
1997-02-18,0.1244,0.1338
1997-02-19,0.1338,0.1319
1997-02-20,0.1319,0.1272
1997-02-21,0.1263,0.1225
1997-02-24,0.1216,0.1244
1997-02-25,0.1272,0.1263
1997-02-26,0.1272,0.1282
1997-02-27,0.1272,0.1272
1997-02-28,0.1263,0.1216
1997-03-03,0.1235,0.1207
1997-03-04,0.1216,0.1235
1997-03-05,0.1244,0.1272
1997-03-06,0.1272,0.1244
1997-03-07,0.1254,0.1235
1997-03-10,0.1244,0.1244
1997-03-11,0.1244,0.1225
1997-03-12,0.1216,0.1216
1997-03-13,0.1225,0.1225
1997-03-14,0.1225,0.124
1997-03-17,0.1216,0.1235
1997-03-18,0.1225,0.1216
1997-03-19,0.1225,0.1207
1997-03-20,0.1197,0.1291
1997-03-21,0.131,0.1244
1997-03-24,0.1235,0.1235
1997-03-25,0.1244,0.1235
1997-03-26,0.1225,0.1254
1997-03-27,0.131,0.1394
1997-03-31,0.1394,0.1366
1997-04-01,0.1319,0.131
1997-04-02,0.1338,0.1347
1997-04-03,0.1385,0.1413
1997-04-04,0.1431,0.1441
1997-04-07,0.1478,0.1459
1997-04-08,0.1469,0.1431
1997-04-09,0.1441,0.1422
1997-04-10,0.1422,0.1413
1997-04-11,0.1413,0.1366
1997-04-14,0.1375,0.1403
1997-04-15,0.1431,0.138
1997-04-16,0.1394,0.1389
1997-04-17,0.1366,0.1422
1997-04-18,0.1431,0.1375
1997-04-21,0.1394,0.1347
1997-04-22,0.1356,0.1385
1997-04-23,0.1375,0.1356
1997-04-24,0.1385,0.1338
1997-04-25,0.1319,0.131
1997-04-28,0.1328,0.1319
1997-04-29,0.1347,0.1324
1997-04-30,0.1272,0.1272
1997-05-01,0.1263,0.1272
1997-05-02,0.1272,0.1272
1997-05-05,0.1272,0.1272
1997-05-06,0.1272,0.1263
1997-05-07,0.1263,0.1235
1997-05-08,0.1244,0.1272
1997-05-09,0.1272,0.1277
1997-05-12,0.1291,0.1314
1997-05-13,0.131,0.1314
1997-05-14,0.1338,0.1324
1997-05-15,0.1328,0.1328
1997-05-16,0.131,0.1291
1997-05-19,0.131,0.1272
1997-05-20,0.1272,0.1291
1997-05-21,0.1282,0.1263
1997-05-22,0.1254,0.1244
1997-05-23,0.1244,0.1263
1997-05-27,0.1254,0.1291
1997-05-28,0.13,0.1272
1997-05-29,0.1282,0.1244
1997-05-30,0.1235,0.1244
1997-06-02,0.1272,0.1268
1997-06-03,0.1254,0.1249
1997-06-04,0.1244,0.1244
1997-06-05,0.1244,0.1249
1997-06-06,0.1244,0.1254
1997-06-09,0.1249,0.1244
1997-06-10,0.1254,0.1216
1997-06-11,0.1221,0.1221
1997-06-12,0.1225,0.1202
1997-06-13,0.1202,0.1183
1997-06-16,0.1188,0.116
1997-06-17,0.1165,0.1223
1997-06-18,0.1207,0.1193
1997-06-19,0.1197,0.1179
1997-06-20,0.1174,0.1165
1997-06-23,0.116,0.1151
1997-06-24,0.1155,0.1146
1997-06-25,0.1146,0.1132
1997-06-26,0.1132,0.1099
1997-06-27,0.1099,0.1099
1997-06-30,0.1104,0.1066
1997-07-01,0.1043,0.0987
1997-07-02,0.0992,0.0978
1997-07-03,0.0982,0.1024
1997-07-07,0.1043,0.1034
1997-07-08,0.1038,0.1029
1997-07-09,0.1034,0.1024
1997-07-10,0.0964,0.0992
1997-07-11,0.1001,0.1137
1997-07-14,0.1141,0.1169
1997-07-15,0.1179,0.1193
1997-07-16,0.1183,0.123
1997-07-17,0.1272,0.131
1997-07-18,0.1338,0.1298
1997-07-21,0.1314,0.1209
1997-07-22,0.1225,0.124
1997-07-23,0.1254,0.1207
1997-07-24,0.1207,0.1183
1997-07-25,0.1188,0.1216
1997-07-28,0.123,0.123
1997-07-29,0.123,0.1235
1997-07-30,0.1268,0.13
1997-07-31,0.13,0.131
1997-08-01,0.1319,0.1436
1997-08-04,0.1436,0.1478
1997-08-05,0.1492,0.1478
1997-08-06,0.189,0.1969
1997-08-07,0.2152,0.2184
1997-08-08,0.2081,0.2007
1997-08-11,0.1969,0.1838
1997-08-12,0.1801,0.1651
1997-08-13,0.1665,0.1768
1997-08-14,0.1768,0.1721
1997-08-15,0.1731,0.174
1997-08-18,0.1745,0.1768
1997-08-19,0.1773,0.1829
1997-08-20,0.1829,0.1843
1997-08-21,0.1834,0.1796
1997-08-22,0.1754,0.1768
1997-08-25,0.1768,0.1726
1997-08-26,0.1693,0.1665
1997-08-27,0.1675,0.1698
1997-08-28,0.1656,0.1646
1997-08-29,0.1632,0.1628
1997-09-02,0.1646,0.1675
1997-09-03,0.1675,0.1684
1997-09-04,0.1689,0.1684
1997-09-05,0.1693,0.166
1997-09-08,0.1665,0.1609
1997-09-09,0.1595,0.1632
1997-09-10,0.1628,0.1717
1997-09-11,0.1712,0.1675
1997-09-12,0.166,0.1651
1997-09-15,0.1637,0.1609
1997-09-16,0.1651,0.1642
1997-09-17,0.1646,0.1632
1997-09-18,0.1609,0.167
1997-09-19,0.166,0.1642
1997-09-22,0.1656,0.1707
1997-09-23,0.1665,0.1628
1997-09-24,0.1623,0.1609
1997-09-25,0.1595,0.1581
1997-09-26,0.1609,0.1595
1997-09-29,0.1623,0.1651
1997-09-30,0.1646,0.1623
1997-10-01,0.1623,0.1611
1997-10-02,0.1604,0.1642
1997-10-03,0.1646,0.1656
1997-10-06,0.166,0.1642
1997-10-07,0.1637,0.1632
1997-10-08,0.1628,0.1609
1997-10-09,0.159,0.1628
1997-10-10,0.1609,0.1698
1997-10-13,0.1703,0.1698
1997-10-14,0.1698,0.1698
1997-10-15,0.1656,0.1782
1997-10-16,0.1581,0.1609
1997-10-17,0.1581,0.1506
1997-10-20,0.1506,0.1399
1997-10-21,0.1413,0.1427
1997-10-22,0.1427,0.1389
1997-10-23,0.1347,0.1328
1997-10-24,0.1356,0.124
1997-10-27,0.1254,0.1254
1997-10-28,0.1197,0.1356
1997-10-29,0.138,0.131
1997-10-30,0.1277,0.1235
1997-10-31,0.13,0.1275
1997-11-03,0.1314,0.13
1997-11-04,0.1328,0.1342
1997-11-05,0.1366,0.1375
1997-11-06,0.1413,0.1422
1997-11-07,0.1413,0.1478
1997-11-10,0.1572,0.1399
1997-11-11,0.1422,0.1375
1997-11-12,0.1352,0.1319
1997-11-13,0.1347,0.1347
1997-11-14,0.1366,0.138
1997-11-17,0.1413,0.1385
1997-11-18,0.1385,0.1352
1997-11-19,0.1338,0.1366
1997-11-20,0.1361,0.1385
1997-11-21,0.1394,0.1361
1997-11-24,0.1314,0.1319
1997-11-25,0.1324,0.13
1997-11-26,0.13,0.131
1997-11-28,0.1319,0.1328
1997-12-01,0.1324,0.1328
1997-12-02,0.13,0.1188
1997-12-03,0.1202,0.1179
1997-12-04,0.1197,0.1169
1997-12-05,0.1165,0.1183
1997-12-08,0.1165,0.1165
1997-12-09,0.116,0.1141
1997-12-10,0.1127,0.1104
1997-12-11,0.108,0.109
1997-12-12,0.1104,0.1057
1997-12-15,0.1057,0.1043
1997-12-16,0.1048,0.1071
1997-12-17,0.1071,0.1043
1997-12-18,0.1048,0.1034
1997-12-19,0.1015,0.1024
1997-12-22,0.1038,0.0996
1997-12-23,0.0982,0.0968
1997-12-24,0.0973,0.0982
1997-12-26,0.0978,0.0996
1997-12-29,0.0996,0.0982
1997-12-30,0.0973,0.0987
1997-12-31,0.0982,0.0982
1998-01-02,0.102,0.1216
1998-01-05,0.1235,0.1188
1998-01-06,0.1193,0.1417
1998-01-07,0.1408,0.131
1998-01-08,0.1305,0.1361
1998-01-09,0.1356,0.1361
1998-01-12,0.1305,0.1366
1998-01-13,0.1394,0.1459
1998-01-14,0.1487,0.1478
1998-01-15,0.1436,0.1436
1998-01-16,0.1455,0.1408
1998-01-20,0.1427,0.1427
1998-01-21,0.1403,0.1415
1998-01-22,0.1399,0.1441
1998-01-23,0.145,0.1459
1998-01-26,0.1455,0.1455
1998-01-27,0.1436,0.1431
1998-01-28,0.1436,0.1436
1998-01-29,0.1417,0.1385
1998-01-30,0.137,0.137
1998-02-02,0.1385,0.1324
1998-02-03,0.1324,0.137
1998-02-04,0.1352,0.1366
1998-02-05,0.1366,0.137
1998-02-06,0.1375,0.1385
1998-02-09,0.1375,0.1436
1998-02-10,0.1431,0.1455
1998-02-11,0.1459,0.1422
1998-02-12,0.1431,0.145
1998-02-13,0.1436,0.1459
1998-02-17,0.1459,0.1469
1998-02-18,0.1464,0.1539
1998-02-19,0.1562,0.153
1998-02-20,0.1534,0.1497
1998-02-23,0.1506,0.159
1998-02-24,0.1595,0.1595
1998-02-25,0.1595,0.167
1998-02-26,0.167,0.1759
1998-02-27,0.1745,0.1768
1998-03-02,0.1763,0.1703
1998-03-03,0.1637,0.1731
1998-03-04,0.1712,0.1829
1998-03-05,0.174,0.1801
1998-03-06,0.1787,0.1829
1998-03-09,0.1777,0.1703
1998-03-10,0.1721,0.1801
1998-03-11,0.188,0.1955
1998-03-12,0.1955,0.2021
1998-03-13,0.2039,0.203
1998-03-16,0.203,0.1997
1998-03-17,0.1983,0.1972
1998-03-18,0.1946,0.2016
1998-03-19,0.2011,0.2002
1998-03-20,0.1997,0.1974
1998-03-23,0.1941,0.1955
1998-03-24,0.1974,0.2095
1998-03-25,0.2067,0.2032
1998-03-26,0.2002,0.1988
1998-03-27,0.1993,0.2016
1998-03-30,0.2002,0.2053
1998-03-31,0.2053,0.2058
1998-04-01,0.2053,0.2058
1998-04-02,0.2044,0.2044
1998-04-03,0.203,0.2025
1998-04-06,0.2021,0.1965
1998-04-07,0.1932,0.1908
1998-04-08,0.189,0.1871
1998-04-09,0.1876,0.1918
1998-04-13,0.1918,0.1979
1998-04-14,0.1974,0.2016
1998-04-15,0.2035,0.2053
1998-04-16,0.2189,0.2142
1998-04-17,0.2138,0.2091
1998-04-20,0.2067,0.217
1998-04-21,0.2175,0.217
1998-04-22,0.2152,0.2058
1998-04-23,0.2053,0.2072
1998-04-24,0.2077,0.2091
1998-04-27,0.2002,0.2077
1998-04-28,0.2086,0.2016
1998-04-29,0.2016,0.2021
1998-04-30,0.2049,0.2049
1998-05-01,0.2058,0.2095
1998-05-04,0.2161,0.2175
1998-05-05,0.2189,0.2222
1998-05-06,0.2236,0.2269
1998-05-07,0.2287,0.2259
1998-05-08,0.225,0.2278
1998-05-11,0.2311,0.2315
1998-05-12,0.2287,0.2255
1998-05-13,0.225,0.2278
1998-05-14,0.2273,0.225
1998-05-15,0.225,0.2212
1998-05-18,0.2198,0.2133
1998-05-19,0.2166,0.2198
1998-05-20,0.2217,0.2212
1998-05-21,0.2212,0.2161
1998-05-22,0.2152,0.2086
1998-05-26,0.21,0.1997
1998-05-27,0.1922,0.2002
1998-05-28,0.2002,0.2053
1998-05-29,0.2058,0.1993
1998-06-01,0.1983,0.1965
1998-06-02,0.1979,0.2011
1998-06-03,0.203,0.1969
1998-06-04,0.1993,0.2007
1998-06-05,0.2011,0.2011
1998-06-08,0.2021,0.2039
1998-06-09,0.2049,0.2114
1998-06-10,0.2095,0.21
1998-06-11,0.211,0.2081
1998-06-12,0.2067,0.2105
1998-06-15,0.2039,0.2058
1998-06-16,0.2072,0.2095
1998-06-17,0.2095,0.2105
1998-06-18,0.2077,0.2044
1998-06-19,0.2049,0.2025
1998-06-22,0.2021,0.2049
1998-06-23,0.2053,0.2081
1998-06-24,0.2077,0.2114
1998-06-25,0.2138,0.2138
1998-06-26,0.2133,0.211
1998-06-29,0.2114,0.2147
1998-06-30,0.2142,0.2147
1998-07-01,0.2161,0.224
1998-07-02,0.2222,0.217
1998-07-06,0.2208,0.2273
1998-07-07,0.2273,0.2283
1998-07-08,0.2301,0.2437
1998-07-09,0.2465,0.2371
1998-07-10,0.2409,0.24
1998-07-13,0.239,0.254
1998-07-14,0.254,0.2502
1998-07-15,0.2521,0.2577
1998-07-16,0.2835,0.2806
1998-07-17,0.2788,0.276
1998-07-20,0.2736,0.2713
1998-07-21,0.2704,0.2666
1998-07-22,0.2615,0.2619
1998-07-23,0.2605,0.2615
1998-07-24,0.2647,0.2596
1998-07-27,0.2563,0.2577
1998-07-28,0.2549,0.2516
1998-07-29,0.2526,0.2629
1998-07-30,0.268,0.2732
1998-07-31,0.2741,0.2591
1998-08-03,0.2563,0.2629
1998-08-04,0.2657,0.2559
1998-08-05,0.2526,0.2694
1998-08-06,0.2624,0.276
1998-08-07,0.2783,0.2732
1998-08-10,0.2718,0.2839
1998-08-11,0.2825,0.2919
1998-08-12,0.2975,0.2998
1998-08-13,0.2989,0.2951
1998-08-14,0.3045,0.3031
1998-08-17,0.3068,0.3139
1998-08-18,0.3176,0.3185
1998-08-19,0.3255,0.3068
1998-08-20,0.3068,0.304
1998-08-21,0.2994,0.3218
1998-08-24,0.3251,0.3082
1998-08-25,0.3171,0.3054
1998-08-26,0.2984,0.3022
1998-08-27,0.2937,0.2806
1998-08-28,0.2778,0.2559
1998-08-31,0.2601,0.2334
1998-09-01,0.2348,0.2554
1998-09-02,0.2657,0.2661
1998-09-03,0.2619,0.2591
1998-09-04,0.2657,0.2629
1998-09-08,0.2844,0.2863
1998-09-09,0.2849,0.2797
1998-09-10,0.2713,0.2853
1998-09-11,0.2881,0.2816
1998-09-14,0.2863,0.2783
1998-09-15,0.275,0.2858
1998-09-16,0.2891,0.2792
1998-09-17,0.2699,0.2694
1998-09-18,0.2699,0.275
1998-09-21,0.2671,0.2764
1998-09-22,0.2778,0.2769
1998-09-23,0.2788,0.2867
1998-09-24,0.2835,0.2881
1998-09-25,0.2858,0.29
1998-09-28,0.2975,0.2923
1998-09-29,0.2923,0.2956
1998-09-30,0.29,0.2853
1998-10-01,0.275,0.2671
1998-10-02,0.2657,0.2624
1998-10-05,0.2545,0.2409
1998-10-06,0.2521,0.2437
1998-10-07,0.2423,0.239
1998-10-08,0.232,0.2306
1998-10-09,0.2376,0.2629
1998-10-12,0.2806,0.2802
1998-10-13,0.2849,0.29
1998-10-14,0.2975,0.2797
1998-10-15,0.2713,0.2741
1998-10-16,0.2778,0.2746
1998-10-19,0.2746,0.2806
1998-10-20,0.2839,0.2699
1998-10-21,0.275,0.2778
1998-10-22,0.276,0.275
1998-10-23,0.275,0.2657
1998-10-26,0.2699,0.2802
1998-10-27,0.2844,0.2638
1998-10-28,0.2638,0.2755
1998-10-29,0.2727,0.2727
1998-10-30,0.2755,0.2778
1998-11-02,0.2806,0.2816
1998-11-03,0.2797,0.283
1998-11-04,0.2886,0.2895
1998-11-05,0.2872,0.2858
1998-11-06,0.2835,0.2849
1998-11-09,0.282,0.2741
1998-11-10,0.2708,0.2629
1998-11-11,0.2675,0.2512
1998-11-12,0.2479,0.2545
1998-11-13,0.2615,0.2671
1998-11-16,0.269,0.2694
1998-11-17,0.2675,0.2605
1998-11-18,0.2633,0.2652
1998-11-19,0.2657,0.2675
1998-11-20,0.2727,0.2643
1998-11-23,0.2661,0.2713
1998-11-24,0.2704,0.269
1998-11-25,0.2685,0.2629
1998-11-27,0.2624,0.2624
1998-11-30,0.2587,0.239
1998-12-01,0.2395,0.2554
1998-12-02,0.2554,0.2694
1998-12-03,0.2718,0.2521
1998-12-04,0.2568,0.2451
1998-12-07,0.2498,0.2526
1998-12-08,0.254,0.24
1998-12-09,0.2446,0.2395
1998-12-10,0.2446,0.2395
1998-12-11,0.2414,0.2526
1998-12-14,0.246,0.2432
1998-12-15,0.2451,0.2512
1998-12-16,0.2526,0.2456
1998-12-17,0.2465,0.2502
1998-12-18,0.2498,0.2633
1998-12-21,0.2647,0.2624
1998-12-22,0.2722,0.2844
1998-12-23,0.2891,0.298
1998-12-24,0.2984,0.2937
1998-12-28,0.2919,0.3059
1998-12-29,0.3078,0.3054
1998-12-30,0.3003,0.2998
1998-12-31,0.3031,0.3064
1999-01-04,0.3153,0.3087
1999-01-05,0.3139,0.3241
1999-01-06,0.3302,0.3125
1999-01-07,0.3162,0.3368
1999-01-08,0.3485,0.3368
1999-01-11,0.3424,0.3433
1999-01-12,0.3466,0.3452
1999-01-13,0.3209,0.348
1999-01-14,0.3405,0.3096
1999-01-15,0.3129,0.3092
1999-01-19,0.3139,0.3059
1999-01-20,0.3073,0.3036
1999-01-21,0.3026,0.2905
1999-01-22,0.282,0.29
1999-01-25,0.2937,0.2947
1999-01-26,0.2989,0.3031
1999-01-27,0.3068,0.3003
1999-01-28,0.3059,0.3059
1999-01-29,0.3082,0.3082
1999-02-01,0.312,0.3064
1999-02-02,0.3022,0.2933
1999-02-03,0.2919,0.3008
1999-02-04,0.3008,0.2835
1999-02-05,0.2863,0.2718
1999-02-08,0.2746,0.2825
1999-02-09,0.2839,0.2783
1999-02-10,0.276,0.2867
1999-02-11,0.29,0.2965
1999-02-12,0.2928,0.282
1999-02-16,0.2909,0.2867
1999-02-17,0.2853,0.2769
1999-02-18,0.2811,0.2694
1999-02-19,0.2713,0.2783
1999-02-22,0.2797,0.2877
1999-02-23,0.2886,0.2877
1999-02-24,0.2905,0.2802
1999-02-25,0.2792,0.2764
1999-02-26,0.2732,0.2605
1999-03-01,0.2605,0.2526
1999-03-02,0.2554,0.2591
1999-03-03,0.2601,0.2559
1999-03-04,0.2582,0.2502
1999-03-05,0.2568,0.2484
1999-03-08,0.2488,0.2573
1999-03-09,0.2568,0.2554
1999-03-10,0.2559,0.2437
1999-03-11,0.2414,0.2409
1999-03-12,0.2418,0.2484
1999-03-15,0.2493,0.2549
1999-03-16,0.2619,0.2657
1999-03-17,0.269,0.2549
1999-03-18,0.2573,0.2657
1999-03-19,0.269,0.2507
1999-03-22,0.2545,0.2624
1999-03-23,0.2577,0.247
1999-03-24,0.2488,0.2521
1999-03-25,0.2573,0.253
1999-03-26,0.2526,0.2488
1999-03-29,0.2507,0.2647
1999-03-30,0.2619,0.2685
1999-03-31,0.2722,0.269
1999-04-01,0.2699,0.2699
1999-04-05,0.2694,0.2774
1999-04-06,0.2755,0.2844
1999-04-07,0.2849,0.2778
1999-04-08,0.276,0.276
1999-04-09,0.2713,0.275
1999-04-12,0.2619,0.2713
1999-04-13,0.2718,0.2591
1999-04-14,0.2638,0.2659
1999-04-15,0.2647,0.2675
1999-04-16,0.2685,0.2652
1999-04-19,0.2671,0.2535
1999-04-20,0.2535,0.2549
1999-04-21,0.2545,0.2573
1999-04-22,0.2624,0.2722
1999-04-23,0.2713,0.2933
1999-04-26,0.2956,0.3064
1999-04-27,0.3218,0.3424
1999-04-28,0.334,0.3298
1999-04-29,0.3237,0.3218
1999-04-30,0.3293,0.3443
1999-05-03,0.3447,0.3709
1999-05-04,0.3611,0.348
1999-05-05,0.3466,0.3517
1999-05-06,0.3485,0.333
1999-05-07,0.334,0.3433
1999-05-10,0.3499,0.3386
1999-05-11,0.3358,0.3349
1999-05-12,0.3358,0.348
1999-05-13,0.3475,0.3457
1999-05-14,0.3377,0.3321
1999-05-17,0.3274,0.3321
1999-05-18,0.3354,0.3386
1999-05-19,0.3405,0.3382
1999-05-20,0.34,0.3181
1999-05-21,0.3218,0.3288
1999-05-24,0.3265,0.3139
1999-05-25,0.311,0.3106
1999-05-26,0.3125,0.3298
1999-05-27,0.3232,0.3255
1999-05-28,0.3241,0.3298
1999-06-01,0.3368,0.3354
1999-06-02,0.333,0.3485
1999-06-03,0.3508,0.355
1999-06-04,0.3564,0.3602
1999-06-07,0.3602,0.3662
1999-06-08,0.3648,0.3569
1999-06-09,0.355,0.3625
1999-06-10,0.3583,0.3602
1999-06-11,0.3602,0.3475
1999-06-14,0.348,0.34
1999-06-15,0.3382,0.3447
1999-06-16,0.3471,0.3588
1999-06-17,0.3564,0.3471
1999-06-18,0.3396,0.3527
1999-06-21,0.3517,0.348
1999-06-22,0.3466,0.3396
1999-06-23,0.3372,0.327
1999-06-24,0.3265,0.3167
1999-06-25,0.3181,0.3157
1999-06-28,0.3176,0.3185
1999-06-29,0.3197,0.3396
1999-06-30,0.3419,0.3466
1999-07-01,0.3466,0.3391
1999-07-02,0.3407,0.3466
1999-07-06,0.3438,0.3545
1999-07-07,0.3545,0.3733
1999-07-08,0.3826,0.4079
1999-07-09,0.4079,0.4163
1999-07-12,0.4154,0.4079
1999-07-13,0.4004,0.4018
1999-07-14,0.4079,0.4186
1999-07-15,0.4182,0.3985
1999-07-16,0.4013,0.3971
1999-07-19,0.4037,0.4074
1999-07-20,0.4083,0.3957
1999-07-21,0.4046,0.4046
1999-07-22,0.4013,0.392
1999-07-23,0.3952,0.399
1999-07-26,0.3957,0.3812
1999-07-27,0.3938,0.4018
1999-07-28,0.4032,0.4069
1999-07-29,0.3995,0.4032
1999-07-30,0.4079,0.4168
1999-08-02,0.4163,0.4172
1999-08-03,0.4247,0.4135
1999-08-04,0.413,0.4027
1999-08-05,0.4004,0.4097
1999-08-06,0.4046,0.4051
1999-08-09,0.4067,0.4074
1999-08-10,0.4041,0.4144
1999-08-11,0.4191,0.4467
1999-08-12,0.442,0.449
1999-08-13,0.4537,0.4495
1999-08-16,0.4476,0.4528
1999-08-17,0.4514,0.4514
1999-08-18,0.4495,0.45
1999-08-19,0.4476,0.4397
1999-08-20,0.4434,0.443
1999-08-23,0.4444,0.4546
1999-08-24,0.4518,0.4518
1999-08-25,0.4542,0.4593
1999-08-26,0.4575,0.4649
1999-08-27,0.4696,0.4846
1999-08-30,0.4865,0.4645
1999-08-31,0.4684,0.4883
1999-09-01,0.5014,0.5136
1999-09-02,0.5061,0.5281
1999-09-03,0.5384,0.5501
1999-09-07,0.5519,0.5716
1999-09-08,0.5702,0.5575
1999-09-09,0.565,0.5655
1999-09-10,0.5688,0.5795
1999-09-13,0.5767,0.5613
1999-09-14,0.5592,0.5823
1999-09-15,0.5903,0.5641
1999-09-16,0.5692,0.5749
1999-09-17,0.5786,0.5758
1999-09-20,0.5763,0.5917
1999-09-21,0.5477,0.5183
1999-09-22,0.522,0.5262
1999-09-23,0.5323,0.4738
1999-09-24,0.4743,0.486
1999-09-27,0.4967,0.4589
1999-09-28,0.4603,0.4462
1999-09-29,0.4509,0.442
1999-09-30,0.4458,0.4738
1999-10-01,0.4649,0.4619
1999-10-04,0.4668,0.4832
1999-10-05,0.4911,0.5084
1999-10-06,0.5192,0.5028
1999-10-07,0.5122,0.4967
1999-10-08,0.4953,0.4907
1999-10-11,0.4939,0.4991
1999-10-12,0.508,0.5066
1999-10-13,0.4986,0.4792
1999-10-14,0.5183,0.5477
1999-10-15,0.5323,0.558
1999-10-18,0.5529,0.5482
1999-10-19,0.536,0.5126
1999-10-20,0.5239,0.5622
1999-10-21,0.543,0.5697
1999-10-22,0.5772,0.5533
1999-10-25,0.5557,0.5575
1999-10-26,0.5608,0.5618
1999-10-27,0.5566,0.5716
1999-10-28,0.5767,0.5828
1999-10-29,0.5898,0.5996
1999-11-01,0.5987,0.5809
1999-11-02,0.5837,0.6006
1999-11-03,0.6109,0.6099
1999-11-04,0.6141,0.6258
1999-11-05,0.6333,0.6609
1999-11-08,0.6567,0.7213
1999-11-09,0.7063,0.6707
1999-11-10,0.6604,0.6843
1999-11-11,0.6855,0.6904
1999-11-12,0.688,0.6782
1999-11-15,0.6707,0.6693
1999-11-16,0.6735,0.6824
1999-11-17,0.6787,0.6754
1999-11-18,0.6815,0.6707
1999-11-19,0.6698,0.6918
1999-11-22,0.6866,0.6782
1999-11-23,0.6866,0.6946
1999-11-24,0.696,0.7086
1999-11-26,0.7091,0.7114
1999-11-29,0.7054,0.7077
1999-11-30,0.7344,0.7325
1999-12-01,0.7559,0.7713
1999-12-02,0.7718,0.8246
1999-12-03,0.8396,0.8606
1999-12-06,0.8574,0.8681
1999-12-07,0.8723,0.8817
1999-12-08,0.87,0.8237
1999-12-09,0.8307,0.7877
1999-12-10,0.7881,0.7708
1999-12-13,0.7663,0.7409
1999-12-14,0.7362,0.71
1999-12-15,0.6979,0.7259
1999-12-16,0.7334,0.7358
1999-12-17,0.7549,0.7484
1999-12-20,0.7451,0.7334
1999-12-21,0.7348,0.7671
1999-12-22,0.7699,0.7479
1999-12-23,0.762,0.7746
1999-12-27,0.7811,0.7432
1999-12-28,0.7418,0.7348
1999-12-29,0.7245,0.7535
1999-12-30,0.7648,0.7507
1999-12-31,0.7554,0.7694
2000-01-03,0.7849,0.8377
2000-01-04,0.8101,0.7671
2000-01-05,0.7764,0.7783
2000-01-06,0.7942,0.711
2000-01-07,0.7222,0.7446
2000-01-10,0.7634,0.7315
2000-01-11,0.718,0.6941
2000-01-12,0.711,0.6525
2000-01-13,0.7071,0.7241
2000-01-14,0.7484,0.7517
2000-01-18,0.7559,0.7779
2000-01-19,0.7905,0.7975
2000-01-20,0.8644,0.8494
2000-01-21,0.855,0.833
2000-01-24,0.8115,0.7952
2000-01-25,0.7858,0.8401
2000-01-26,0.8232,0.8246
2000-01-27,0.8143,0.8232
2000-01-28,0.8097,0.7605
2000-01-31,0.7559,0.7764
2000-02-01,0.7783,0.7503
2000-02-02,0.754,0.7395
2000-02-03,0.7507,0.7732
2000-02-04,0.7779,0.8083
2000-02-07,0.8083,0.8536
2000-02-08,0.8532,0.8597
2000-02-09,0.8541,0.8429
2000-02-10,0.8447,0.8494
2000-02-11,0.8504,0.8139
2000-02-14,0.8181,0.8667
2000-02-15,0.8625,0.8906
2000-02-16,0.8812,0.8541
2000-02-17,0.862,0.8597
2000-02-18,0.8578,0.8326
2000-02-22,0.8242,0.8518
2000-02-23,0.8474,0.87
2000-02-24,0.878,0.8622
2000-02-25,0.8592,0.826
2000-02-28,0.8242,0.8475
2000-02-29,0.8499,0.8578
2000-03-01,0.8873,0.9752
2000-03-02,0.9504,0.913
2000-03-03,0.9345,0.9579
2000-03-06,0.943,0.9406
2000-03-07,0.9462,0.9196
2000-03-08,0.9196,0.913
2000-03-09,0.9046,0.9149
2000-03-10,0.9107,0.9411
2000-03-13,0.914,0.9079
2000-03-14,0.9072,0.855
2000-03-15,0.8653,0.87
2000-03-16,0.8779,0.9098
2000-03-17,0.899,0.9355
2000-03-20,0.9243,0.9205
2000-03-21,0.9172,1.0099
2000-03-22,0.9937,1.0791
2000-03-23,1.0627,1.0576
2000-03-24,1.066,1.0379
2000-03-27,1.03,1.0445
2000-03-28,1.0272,1.0412
2000-03-29,1.0431,1.0173
2000-03-30,0.9996,0.9411
2000-03-31,0.9537,1.0164
2000-04-03,1.0141,0.9977
2000-04-04,0.9925,0.9528
2000-04-05,0.9465,0.9757
2000-04-06,0.9776,0.9369
2000-04-07,0.9523,0.986
2000-04-10,0.9855,0.9355
2000-04-11,0.9243,0.8939
2000-04-12,0.8906,0.8176
2000-04-13,0.8345,0.8518
2000-04-14,0.8181,0.8373
2000-04-17,0.8195,0.9271
2000-04-18,0.9243,0.9495
2000-04-19,0.9444,0.9065
2000-04-20,0.9257,0.8896
2000-04-24,0.8606,0.9018
2000-04-25,0.914,0.9603
2000-04-26,0.9476,0.9079
2000-04-27,0.877,0.9486
2000-04-28,0.9514,0.9285
2000-05-01,0.9345,0.9303
2000-05-02,0.9224,0.8822
2000-05-03,0.8901,0.8611
2000-05-04,0.8616,0.8284
2000-05-05,0.8293,0.8466
2000-05-08,0.8389,0.8242
2000-05-09,0.8256,0.7891
2000-05-10,0.7788,0.7432
2000-05-11,0.7587,0.7694
2000-05-12,0.7933,0.8055
2000-05-15,0.8087,0.7559
2000-05-16,0.7822,0.7909
2000-05-17,0.7755,0.7587
2000-05-18,0.7708,0.754
2000-05-19,0.7428,0.7035
2000-05-22,0.7016,0.6731
2000-05-23,0.6773,0.6422
2000-05-24,0.645,0.6562
2000-05-25,0.6623,0.6531
2000-05-26,0.6586,0.6464
2000-05-30,0.6558,0.6553
2000-05-31,0.6502,0.6286
2000-06-01,0.6118,0.667
2000-06-02,0.7016,0.6927
2000-06-05,0.6983,0.6834
2000-06-06,0.6883,0.6951
2000-06-07,0.7007,0.7227
2000-06-08,0.7306,0.7096
2000-06-09,0.7241,0.7166
2000-06-12,0.7213,0.6824
2000-06-13,0.6824,0.7072
2000-06-14,0.7086,0.6768
2000-06-15,0.6829,0.6913
2000-06-16,0.6997,0.6824
2000-06-19,0.6778,0.7231
2000-06-20,0.7372,0.7577
2000-06-21,0.7559,0.8326
2000-06-22,0.8344,0.8045
2000-06-23,0.805,0.7736
2000-06-26,0.7858,0.8101
2000-06-27,0.805,0.7746
2000-06-28,0.798,0.8148
2000-06-29,0.7942,0.7671
2000-06-30,0.7905,0.7839
2000-07-03,0.7802,0.798
2000-07-05,0.797,0.7727
2000-07-06,0.7858,0.7755
2000-07-07,0.7872,0.8148
2000-07-10,0.8097,0.855
2000-07-11,0.8532,0.8522
2000-07-12,0.87,0.8812
2000-07-13,0.8756,0.8457
2000-07-14,0.855,0.8634
2000-07-17,0.8719,0.8728
2000-07-18,0.8756,0.8569
2000-07-19,0.826,0.7886
2000-07-20,0.8232,0.8251
2000-07-21,0.8136,0.8017
2000-07-24,0.7867,0.7287
2000-07-25,0.7531,0.7493
2000-07-26,0.746,0.7493
2000-07-27,0.7484,0.7783
2000-07-28,0.7825,0.7231
2000-07-31,0.7358,0.7605
2000-08-01,0.7531,0.7381
2000-08-02,0.7334,0.7072
2000-08-03,0.682,0.7185
2000-08-04,0.7404,0.7091
2000-08-07,0.7166,0.7175
2000-08-08,0.7175,0.6997
2000-08-09,0.7203,0.711
2000-08-10,0.7185,0.7119
2000-08-11,0.7011,0.7138
2000-08-14,0.7124,0.7044
2000-08-15,0.7072,0.6988
2000-08-16,0.7016,0.7259
2000-08-17,0.7241,0.7699
2000-08-18,0.769,0.7484
2000-08-21,0.7521,0.7559
2000-08-22,0.7577,0.7736
2000-08-23,0.7704,0.8129
2000-08-24,0.8183,0.8398
2000-08-25,0.8457,0.8504
2000-08-28,0.8569,0.8691
2000-08-29,0.8663,0.8859
2000-08-30,0.8831,0.8906
2000-08-31,0.8826,0.9121
2000-09-01,0.9177,0.9495
2000-09-05,0.9378,0.9345
2000-09-06,0.9186,0.8747
2000-09-07,0.885,0.928
2000-09-08,0.9224,0.8812
2000-09-11,0.8784,0.8747
2000-09-12,0.8583,0.8644
2000-09-13,0.8494,0.8681
2000-09-14,0.8765,0.8511
2000-09-15,0.8644,0.8267
2000-09-18,0.827,0.9079
2000-09-19,0.8943,0.8971
2000-09-20,0.8892,0.9137
2000-09-21,0.8756,0.8485
2000-09-22,0.7531,0.7811
2000-09-25,0.7895,0.8008
2000-09-26,0.798,0.7699
2000-09-27,0.7746,0.7325
2000-09-28,0.7381,0.8008
2000-09-29,0.4219,0.3854
2000-10-02,0.3995,0.363
2000-10-03,0.3733,0.334
2000-10-04,0.3349,0.3536
2000-10-05,0.3517,0.3302
2000-10-06,0.3396,0.3321
2000-10-09,0.3386,0.3255
2000-10-10,0.3237,0.3125
2000-10-11,0.3012,0.2937
2000-10-12,0.304,0.2994
2000-10-13,0.3031,0.3302
2000-10-16,0.334,0.3218
2000-10-17,0.3246,0.3012
2000-10-18,0.2909,0.3012
2000-10-19,0.2867,0.2835
2000-10-20,0.2853,0.2919
2000-10-23,0.3033,0.305
2000-10-24,0.3096,0.2825
2000-10-25,0.2853,0.2769
2000-10-26,0.2816,0.2769
2000-10-27,0.2825,0.2778
2000-10-30,0.2863,0.2891
2000-10-31,0.2956,0.2928
2000-11-01,0.2909,0.3068
2000-11-02,0.3162,0.334
2000-11-03,0.3443,0.333
2000-11-06,0.3358,0.3209
2000-11-07,0.3218,0.319
2000-11-08,0.3199,0.3003
2000-11-09,0.2975,0.3022
2000-11-10,0.2898,0.2853
2000-11-13,0.2806,0.29
2000-11-14,0.2984,0.3031
2000-11-15,0.2998,0.2975
2000-11-16,0.2919,0.2844
2000-11-17,0.2872,0.2769
2000-11-20,0.2783,0.2835
2000-11-21,0.2872,0.2816
2000-11-22,0.2816,0.2769
2000-11-24,0.2823,0.2891
2000-11-27,0.2975,0.2797
2000-11-28,0.2797,0.2699
2000-11-29,0.2708,0.2629
2000-11-30,0.2498,0.247
2000-12-01,0.2545,0.2554
2000-12-04,0.2573,0.2498
2000-12-05,0.2535,0.2545
2000-12-06,0.2189,0.2142
2000-12-07,0.2161,0.2142
2000-12-08,0.2217,0.2255
2000-12-11,0.2273,0.2273
2000-12-12,0.2283,0.2301
2000-12-13,0.2329,0.2245
2000-12-14,0.225,0.2161
2000-12-15,0.218,0.2105
2000-12-18,0.218,0.2133
2000-12-19,0.2152,0.2095
2000-12-20,0.2063,0.2152
2000-12-21,0.2133,0.2105
2000-12-22,0.2114,0.2245
2000-12-26,0.2226,0.2198
2000-12-27,0.2147,0.2217
2000-12-28,0.2152,0.2217
2000-12-29,0.2198,0.2226
2001-01-02,0.2226,0.2226
2001-01-03,0.217,0.2451
2001-01-04,0.2715,0.2554
2001-01-05,0.2535,0.2451
2001-01-08,0.2535,0.2479
2001-01-09,0.2516,0.2573
2001-01-10,0.2498,0.2479
2001-01-11,0.2432,0.2694
2001-01-12,0.2675,0.2573
2001-01-16,0.261,0.2563
2001-01-17,0.2629,0.2516
2001-01-18,0.2666,0.2797
2001-01-19,0.2909,0.2919
2001-01-22,0.2853,0.2881
2001-01-23,0.2891,0.3068
2001-01-24,0.3087,0.3068
2001-01-25,0.3078,0.2984
2001-01-26,0.2919,0.2928
2001-01-29,0.2928,0.3246
2001-01-30,0.3227,0.3255
2001-01-31,0.3218,0.3237
2001-02-01,0.3096,0.3162
2001-02-02,0.3162,0.3087
2001-02-05,0.3068,0.3022
2001-02-06,0.3017,0.3162
2001-02-07,0.3092,0.3106
2001-02-08,0.3078,0.3106
2001-02-09,0.3068,0.2863
2001-02-12,0.2853,0.2947
2001-02-13,0.2984,0.2863
2001-02-14,0.2872,0.2919
2001-02-15,0.2947,0.3003
2001-02-16,0.2844,0.2844
2001-02-20,0.2872,0.2741
2001-02-21,0.2732,0.2825
2001-02-22,0.2853,0.2816
2001-02-23,0.2788,0.2816
2001-02-26,0.2853,0.2919
2001-02-27,0.2886,0.29
2001-02-28,0.29,0.2732
2001-03-01,0.2666,0.2806
2001-03-02,0.2741,0.2881
2001-03-05,0.29,0.305
2001-03-06,0.3101,0.3218
2001-03-07,0.319,0.3181
2001-03-08,0.3096,0.3115
2001-03-09,0.3087,0.3031
2001-03-12,0.2947,0.2788
2001-03-13,0.2825,0.2928
2001-03-14,0.2769,0.3059
2001-03-15,0.3125,0.2947
2001-03-16,0.2844,0.2937
2001-03-19,0.2956,0.3078
2001-03-20,0.3101,0.2947
2001-03-21,0.2961,0.3012
2001-03-22,0.305,0.3237
2001-03-23,0.3302,0.3443
2001-03-26,0.3462,0.326
2001-03-27,0.3284,0.3423
2001-03-28,0.3305,0.3318
2001-03-29,0.3258,0.3372
2001-03-30,0.3375,0.3303
2001-04-02,0.3306,0.3232
2001-04-03,0.3197,0.3029
2001-04-04,0.2958,0.2919
2001-04-05,0.3083,0.3124
2001-04-06,0.3113,0.3082
2001-04-09,0.3097,0.3074
2001-04-10,0.3128,0.3299
2001-04-11,0.344,0.3263
2001-04-12,0.3206,0.3356
2001-04-16,0.3306,0.3209
2001-04-17,0.3173,0.3053
2001-04-18,0.3229,0.3411
2001-04-19,0.3824,0.385
2001-04-20,0.3731,0.3748
2001-04-23,0.3643,0.363
2001-04-24,0.3642,0.3597
2001-04-25,0.3624,0.37
2001-04-26,0.3767,0.3696
2001-04-27,0.3772,0.3922
2001-04-30,0.3996,0.3815
2001-05-01,0.3803,0.3881
2001-05-02,0.3942,0.398
2001-05-03,0.3887,0.3736
2001-05-04,0.3628,0.3854
2001-05-07,0.3835,0.3736
2001-05-08,0.3794,0.3678
2001-05-09,0.3613,0.3589
2001-05-10,0.3624,0.3443
2001-05-11,0.3444,0.342
2001-05-14,0.3426,0.3486
2001-05-15,0.3498,0.347
2001-05-16,0.3481,0.3607
2001-05-17,0.3627,0.3525
2001-05-18,0.3496,0.3522
2001-05-21,0.3537,0.3526
2001-05-22,0.3592,0.3517
2001-05-23,0.3555,0.3477
2001-05-24,0.3486,0.3473
2001-05-25,0.3473,0.3407
2001-05-29,0.3341,0.3214
2001-05-30,0.3107,0.2961
2001-05-31,0.2964,0.2986
2001-06-01,0.3013,0.3127
2001-06-04,0.3155,0.3092
2001-06-05,0.3113,0.3134
2001-06-06,0.3133,0.3103
2001-06-07,0.31,0.3242
2001-06-08,0.3241,0.3191
2001-06-11,0.3151,0.3
2001-06-12,0.2959,0.304
2001-06-13,0.3206,0.3064
2001-06-14,0.3,0.2976
2001-06-15,0.3009,0.3059
2001-06-18,0.3055,0.3043
2001-06-19,0.3121,0.3022
2001-06-20,0.2994,0.3244
2001-06-21,0.3226,0.3366
2001-06-22,0.3365,0.3332
2001-06-25,0.3368,0.3591
2001-06-26,0.3493,0.3555
2001-06-27,0.3567,0.3493
2001-06-28,0.345,0.3523
2001-06-29,0.3541,0.348
2001-07-02,0.3538,0.3577
2001-07-03,0.3519,0.3568
2001-07-05,0.3532,0.3471
2001-07-06,0.3407,0.3297
2001-07-09,0.3306,0.3398
2001-07-10,0.3435,0.3164
2001-07-11,0.3148,0.3374
2001-07-12,0.3487,0.3646
2001-07-13,0.3612,0.3719
2001-07-16,0.3724,0.3586
2001-07-17,0.3589,0.3757
2001-07-18,0.326,0.3112
2001-07-19,0.3178,0.2988
2001-07-20,0.2949,0.2991
2001-07-23,0.3007,0.2925
2001-07-24,0.2902,0.2857
2001-07-25,0.2862,0.2765
2001-07-26,0.2766,0.2782
2001-07-27,0.2806,0.2838
2001-07-30,0.2862,0.2833
2001-07-31,0.2884,0.2812
2001-08-01,0.2845,0.2853
2001-08-02,0.2941,0.2967
2001-08-03,0.2977,0.2919
2001-08-06,0.285,0.2863
2001-08-07,0.2893,0.2881
2001-08-08,0.2883,0.2829
2001-08-09,0.2838,0.2851
2001-08-10,0.285,0.2847
2001-08-13,0.2859,0.2857
2001-08-14,0.2874,0.2803
2001-08-15,0.2808,0.276
2001-08-16,0.2735,0.2791
2001-08-17,0.2694,0.2705
2001-08-20,0.2715,0.2712
2001-08-21,0.2715,0.2682
2001-08-22,0.2685,0.2726
2001-08-23,0.2724,0.2666
2001-08-24,0.2694,0.278
2001-08-27,0.2784,0.2832
2001-08-28,0.2829,0.2754
2001-08-29,0.276,0.2669
2001-08-30,0.2655,0.2669
2001-08-31,0.2654,0.2777
2001-09-04,0.2769,0.2732
2001-09-05,0.273,0.2777
2001-09-06,0.2754,0.2652
2001-09-07,0.2619,0.2586
2001-09-10,0.2545,0.26
2001-09-17,0.2395,0.2543
2001-09-18,0.253,0.2437
2001-09-19,0.247,0.2548
2001-09-20,0.2438,0.2347
2001-09-21,0.2215,0.2354
2001-09-24,0.2411,0.2462
2001-09-25,0.2416,0.2326
2001-09-26,0.2366,0.2268
2001-09-27,0.2283,0.2321
2001-09-28,0.2351,0.2321
2001-10-01,0.2318,0.2326
2001-10-02,0.231,0.2253
2001-10-03,0.2238,0.2242
2001-10-04,0.2298,0.2377
2001-10-05,0.2305,0.2416
2001-10-08,0.233,0.2425
2001-10-09,0.2402,0.2395
2001-10-10,0.241,0.2518
2001-10-11,0.2533,0.2655
2001-10-12,0.2591,0.2696
2001-10-15,0.2687,0.2693
2001-10-16,0.2708,0.2696
2001-10-17,0.2745,0.2543
2001-10-18,0.2588,0.2694
2001-10-19,0.2685,0.2739
2001-10-22,0.2726,0.2847
2001-10-23,0.2862,0.2715
2001-10-24,0.2703,0.2836
2001-10-25,0.276,0.2872
2001-10-26,0.2823,0.2794
2001-10-29,0.278,0.2639
2001-10-30,0.2601,0.2634
2001-10-31,0.2654,0.2628
2001-11-01,0.2642,0.2782
2001-11-02,0.2772,0.278
2001-11-05,0.282,0.2854
2001-11-06,0.2838,0.2929
2001-11-07,0.2913,0.2932
2001-11-08,0.2938,0.28
2001-11-09,0.2784,0.28
2001-11-12,0.2793,0.2806
2001-11-13,0.2856,0.2899
2001-11-14,0.2932,0.2935
2001-11-15,0.2911,0.2911
2001-11-16,0.2884,0.2839
2001-11-19,0.2844,0.2994
2001-11-20,0.2967,0.2923
2001-11-21,0.2935,0.2946
2001-11-23,0.295,0.297
2001-11-26,0.2985,0.3199
2001-11-27,0.3173,0.3143
2001-11-28,0.3121,0.3073
2001-11-29,0.3083,0.3056
2001-11-30,0.3064,0.3188
2001-12-03,0.3152,0.3151
2001-12-04,0.3151,0.3353
2001-12-05,0.3347,0.3556
2001-12-06,0.3514,0.341
2001-12-07,0.3362,0.3374
2001-12-10,0.3336,0.3374
2001-12-11,0.3393,0.326
2001-12-12,0.3273,0.3217
2001-12-13,0.3217,0.3143
2001-12-14,0.3103,0.3052
2001-12-17,0.3053,0.3086
2001-12-18,0.3127,0.3145
2001-12-19,0.308,0.3236
2001-12-20,0.3203,0.3094
2001-12-21,0.3145,0.3143
2001-12-24,0.3128,0.3197
2001-12-26,0.3196,0.3217
2001-12-27,0.323,0.3303
2001-12-28,0.3288,0.3357
2001-12-31,0.3369,0.3278
2002-01-02,0.33,0.3487
2002-01-03,0.3443,0.3529
2002-01-04,0.3493,0.3546
2002-01-07,0.355,0.3428
2002-01-08,0.3405,0.3384
2002-01-09,0.3413,0.3241
2002-01-10,0.3176,0.3178
2002-01-11,0.3202,0.3151
2002-01-14,0.3145,0.3166
2002-01-15,0.3191,0.3248
2002-01-16,0.3205,0.311
2002-01-17,0.3287,0.3365
2002-01-18,0.3293,0.3318
2002-01-22,0.3333,0.3266
2002-01-23,0.3263,0.3446
2002-01-24,0.3429,0.3474
2002-01-25,0.3426,0.348
2002-01-28,0.3502,0.3483
2002-01-29,0.3476,0.3453
2002-01-30,0.3453,0.3606
2002-01-31,0.3616,0.37
2002-02-01,0.3643,0.3654
2002-02-04,0.364,0.3794
2002-02-05,0.3755,0.3809
2002-02-06,0.3832,0.3693
2002-02-07,0.369,0.3637
2002-02-08,0.3652,0.3597
2002-02-11,0.3582,0.3739
2002-02-12,0.3691,0.3699
2002-02-13,0.3702,0.3743
2002-02-14,0.3749,0.3682
2002-02-15,0.3672,0.3577
2002-02-19,0.3556,0.3386
2002-02-20,0.3408,0.3462
2002-02-21,0.3431,0.3218
2002-02-22,0.3242,0.3404
2002-02-25,0.342,0.3564
2002-02-26,0.3579,0.3543
2002-02-27,0.3583,0.3287
2002-02-28,0.3315,0.3248
2002-03-01,0.3282,0.351
2002-03-04,0.3481,0.3636
2002-03-05,0.3615,0.3522
2002-03-06,0.3514,0.3603
2002-03-07,0.3601,0.3649
2002-03-08,0.3703,0.3691
2002-03-11,0.3682,0.3751
2002-03-12,0.3669,0.37
2002-03-13,0.3648,0.3666
2002-03-14,0.3637,0.3657
2002-03-15,0.3661,0.3734
2002-03-18,0.3734,0.3703
2002-03-19,0.3696,0.3719
2002-03-20,0.3691,0.373
2002-03-21,0.3571,0.3633
2002-03-22,0.3625,0.3606
2002-03-25,0.3603,0.3495
2002-03-26,0.3473,0.3511
2002-03-27,0.3495,0.3513
2002-03-28,0.3547,0.3543
2002-04-01,0.3499,0.3661
2002-04-02,0.3592,0.3603
2002-04-03,0.36,0.3555
2002-04-04,0.3543,0.3727
2002-04-05,0.3734,0.3703
2002-04-08,0.3616,0.3676
2002-04-09,0.3681,0.3607
2002-04-10,0.3624,0.3691
2002-04-11,0.3746,0.3721
2002-04-12,0.3743,0.3751
2002-04-15,0.3751,0.3742
2002-04-16,0.3764,0.3853
2002-04-17,0.3881,0.3908
2002-04-18,0.3817,0.3803
2002-04-19,0.3815,0.3739
2002-04-22,0.3718,0.3672
2002-04-23,0.3673,0.363
2002-04-24,0.3637,0.3558
2002-04-25,0.3526,0.361
2002-04-26,0.3634,0.3444
2002-04-29,0.3467,0.3586
2002-04-30,0.3576,0.3633
2002-05-01,0.3636,0.3589
2002-05-02,0.3564,0.3546
2002-05-03,0.3528,0.3519
2002-05-06,0.3495,0.339
2002-05-07,0.3434,0.3363
2002-05-08,0.3473,0.3648
2002-05-09,0.363,0.3621
2002-05-10,0.3636,0.349
2002-05-13,0.352,0.3583
2002-05-14,0.366,0.3833
2002-05-15,0.3797,0.3784
2002-05-16,0.3751,0.3773
2002-05-17,0.3815,0.3743
2002-05-20,0.3678,0.3703
2002-05-21,0.3716,0.3511
2002-05-22,0.3498,0.364
2002-05-23,0.366,0.3769
2002-05-24,0.374,0.3615
2002-05-28,0.3546,0.3589
2002-05-29,0.358,0.3589
2002-05-30,0.3558,0.3622
2002-05-31,0.3606,0.3487
2002-06-03,0.3501,0.3429
2002-06-04,0.3425,0.341
2002-06-05,0.3417,0.3401
2002-06-06,0.3437,0.3317
2002-06-07,0.3257,0.3203
2002-06-10,0.3215,0.3215
2002-06-11,0.3239,0.3062
2002-06-12,0.3055,0.3007
2002-06-13,0.2997,0.2925
2002-06-14,0.288,0.3009
2002-06-17,0.3029,0.3074
2002-06-18,0.3056,0.3016
2002-06-19,0.26,0.2562
2002-06-20,0.257,0.2561
2002-06-21,0.254,0.2522
2002-06-24,0.251,0.2585
2002-06-25,0.2604,0.2565
2002-06-26,0.2515,0.2477
2002-06-27,0.2513,0.2553
2002-06-28,0.2559,0.2652
2002-07-01,0.2651,0.2553
2002-07-02,0.2549,0.2536
2002-07-03,0.2516,0.2627
2002-07-05,0.2651,0.2805
2002-07-08,0.2772,0.2696
2002-07-09,0.2708,0.2624
2002-07-10,0.2651,0.2592
2002-07-11,0.2583,0.2739
2002-07-12,0.2777,0.2621
2002-07-15,0.2609,0.2729
2002-07-16,0.2717,0.2673
2002-07-17,0.2414,0.2339
2002-07-18,0.232,0.2244
2002-07-19,0.22,0.2239
2002-07-22,0.2208,0.2233
2002-07-23,0.223,0.2166
2002-07-24,0.2145,0.2275
2002-07-25,0.2235,0.2149
2002-07-26,0.2164,0.2146
2002-07-29,0.2167,0.2248
2002-07-30,0.2223,0.231
2002-07-31,0.2305,0.2284
2002-08-01,0.2262,0.2215
2002-08-02,0.2206,0.2163
2002-08-05,0.2172,0.2094
2002-08-06,0.2127,0.2206
2002-08-07,0.2259,0.225
2002-08-08,0.2211,0.229
2002-08-09,0.2283,0.2245
2002-08-12,0.223,0.2244
2002-08-13,0.223,0.2184
2002-08-14,0.2196,0.2271
2002-08-15,0.2283,0.2336
2002-08-16,0.2313,0.2366
2002-08-19,0.2362,0.2392
2002-08-20,0.239,0.2381
2002-08-21,0.2396,0.2413
2002-08-22,0.2425,0.239
2002-08-23,0.238,0.2354
2002-08-26,0.2387,0.2324
2002-08-27,0.2351,0.2223
2002-08-28,0.2215,0.22
2002-08-29,0.2193,0.22
2002-08-30,0.2205,0.2208
2002-09-03,0.2169,0.2103
2002-09-04,0.2125,0.2167
2002-09-05,0.2128,0.2122
2002-09-06,0.2172,0.2152
2002-09-09,0.2137,0.2151
2002-09-10,0.2157,0.2145
2002-09-11,0.2146,0.2139
2002-09-12,0.2125,0.2116
2002-09-13,0.2115,0.2121
2002-09-16,0.2116,0.217
2002-09-17,0.2181,0.2215
2002-09-18,0.2199,0.2248
2002-09-19,0.2208,0.2182
2002-09-20,0.2188,0.2226
2002-09-23,0.2209,0.2223
2002-09-24,0.2155,0.2191
2002-09-25,0.2199,0.2235
2002-09-26,0.226,0.22
2002-09-27,0.2169,0.2203
2002-09-30,0.2155,0.217
2002-10-01,0.2184,0.2172
2002-10-02,0.2145,0.2121
2002-10-03,0.2122,0.214
2002-10-04,0.2149,0.21
2002-10-07,0.2091,0.2061
2002-10-08,0.2081,0.2048
2002-10-09,0.2027,0.2034
2002-10-10,0.204,0.2112
2002-10-11,0.2133,0.2172
2002-10-14,0.2178,0.2211
2002-10-15,0.2278,0.2269
2002-10-16,0.2224,0.2179
2002-10-17,0.2127,0.2112
2002-10-18,0.2095,0.2146
2002-10-21,0.2134,0.2179
2002-10-22,0.2166,0.22
2002-10-23,0.219,0.2227
2002-10-24,0.2248,0.2199
2002-10-25,0.2199,0.2308
2002-10-28,0.2327,0.2336
2002-10-29,0.233,0.2311
2002-10-30,0.2318,0.2392
2002-10-31,0.2393,0.2405
2002-11-01,0.2386,0.2449
2002-11-04,0.247,0.2528
2002-11-05,0.2507,0.253
2002-11-06,0.2556,0.2577
2002-11-07,0.2536,0.2395
2002-11-08,0.2396,0.2371
2002-11-11,0.2356,0.2269
2002-11-12,0.2293,0.2341
2002-11-13,0.232,0.2333
2002-11-14,0.238,0.244
2002-11-15,0.2429,0.2387
2002-11-18,0.2423,0.2342
2002-11-19,0.2327,0.2286
2002-11-20,0.229,0.2324
2002-11-21,0.238,0.2447
2002-11-22,0.2408,0.2396
2002-11-25,0.2399,0.239
2002-11-26,0.2372,0.2307
2002-11-27,0.2335,0.2353
2002-11-29,0.2363,0.232
2002-12-02,0.238,0.2272
2002-12-03,0.2275,0.2269
2002-12-04,0.2272,0.2241
2002-12-05,0.225,0.219
2002-12-06,0.2193,0.2238
2002-12-09,0.2236,0.2208
2002-12-10,0.2208,0.2287
2002-12-11,0.229,0.2318
2002-12-12,0.2321,0.2274
2002-12-13,0.2266,0.2214
2002-12-16,0.2217,0.2223
2002-12-17,0.2223,0.2257
2002-12-18,0.2215,0.2181
2002-12-19,0.2175,0.2125
2002-12-20,0.2139,0.2116
2002-12-23,0.2119,0.2169
2002-12-24,0.2161,0.2149
2002-12-26,0.2158,0.2155
2002-12-27,0.2142,0.2104
2002-12-30,0.2107,0.2106
2002-12-31,0.2095,0.2145
2003-01-02,0.2149,0.2215
2003-01-03,0.2215,0.223
2003-01-06,0.225,0.223
2003-01-07,0.2214,0.2223
2003-01-08,0.2182,0.2178
2003-01-09,0.2188,0.2197
2003-01-10,0.2182,0.2203
2003-01-13,0.223,0.219
2003-01-14,0.2199,0.2187
2003-01-15,0.2184,0.216
2003-01-16,0.2127,0.2188
2003-01-17,0.2179,0.211
2003-01-21,0.2127,0.2098
2003-01-22,0.2092,0.2078
2003-01-23,0.2103,0.2121
2003-01-24,0.2131,0.2066
2003-01-27,0.2048,0.2115
2003-01-28,0.2131,0.2182
2003-01-29,0.2178,0.2235
2003-01-30,0.2242,0.2143
2003-01-31,0.2124,0.2149
2003-02-03,0.2157,0.2194
2003-02-04,0.2163,0.2185
2003-02-05,0.2202,0.2163
2003-02-06,0.2149,0.216
2003-02-07,0.2178,0.2118
2003-02-10,0.2134,0.2148
2003-02-11,0.217,0.2148
2003-02-12,0.2136,0.2154
2003-02-13,0.2157,0.2176
2003-02-14,0.2187,0.2196
2003-02-18,0.2208,0.2286
2003-02-19,0.2256,0.2223
2003-02-20,0.2223,0.2211
2003-02-21,0.2218,0.2245
2003-02-24,0.2224,0.2206
2003-02-25,0.2197,0.2248
2003-02-26,0.2244,0.217
2003-02-27,0.2181,0.2224
2003-02-28,0.2224,0.2247
2003-03-03,0.2247,0.2193
2003-03-04,0.2206,0.2179
2003-03-05,0.2187,0.2188
2003-03-06,0.2182,0.2179
2003-03-07,0.2166,0.2175
2003-03-10,0.2172,0.2151
2003-03-11,0.2149,0.213
2003-03-12,0.2121,0.2128
2003-03-13,0.2166,0.2203
2003-03-14,0.2197,0.2212
2003-03-17,0.2229,0.2247
2003-03-18,0.2245,0.2245
2003-03-19,0.2256,0.2238
2003-03-20,0.2235,0.2232
2003-03-21,0.2259,0.2245
2003-03-24,0.2196,0.2151
2003-03-25,0.2157,0.2178
2003-03-26,0.2178,0.2157
2003-03-27,0.2143,0.2169
2003-03-28,0.2155,0.2181
2003-03-31,0.2145,0.2116
2003-04-01,0.2125,0.2119
2003-04-02,0.2149,0.2185
2003-04-03,0.2179,0.2164
2003-04-04,0.2173,0.2157
2003-04-07,0.2223,0.2169
2003-04-08,0.2172,0.2163
2003-04-09,0.2173,0.2124
2003-04-10,0.2125,0.2151
2003-04-11,0.2103,0.1976
2003-04-14,0.2052,0.2033
2003-04-15,0.2034,0.2004
2003-04-16,0.1944,0.1982
2003-04-17,0.1976,0.1964
2003-04-21,0.1965,0.1967
2003-04-22,0.1973,0.2022
2003-04-23,0.2025,0.2033
2003-04-24,0.2024,0.2012
2003-04-25,0.2015,0.1998
2003-04-28,0.2018,0.2075
2003-04-29,0.2092,0.2104
2003-04-30,0.2085,0.2128
2003-05-01,0.2133,0.2149
2003-05-02,0.2164,0.2163
2003-05-05,0.2211,0.2408
2003-05-06,0.2413,0.2619
2003-05-07,0.2594,0.2642
2003-05-08,0.2649,0.2694
2003-05-09,0.2744,0.2739
2003-05-12,0.2717,0.2778
2003-05-13,0.2759,0.2794
2003-05-14,0.2818,0.2777
2003-05-15,0.2784,0.2803
2003-05-16,0.2782,0.2814
2003-05-19,0.2774,0.2709
2003-05-20,0.2709,0.2663
2003-05-21,0.2663,0.2672
2003-05-22,0.2678,0.273
2003-05-23,0.2726,0.2742
2003-05-27,0.2688,0.2826
2003-05-28,0.2769,0.2736
2003-05-29,0.2738,0.2709
2003-05-30,0.2712,0.2687
2003-06-02,0.2709,0.2612
2003-06-03,0.261,0.2591
2003-06-04,0.2589,0.2634
2003-06-05,0.2612,0.264
2003-06-06,0.2655,0.2567
2003-06-09,0.2536,0.2513
2003-06-10,0.2528,0.2571
2003-06-11,0.2567,0.2612
2003-06-12,0.2627,0.266
2003-06-13,0.2657,0.2607
2003-06-16,0.2634,0.2735
2003-06-17,0.2756,0.2723
2003-06-18,0.2762,0.2862
2003-06-19,0.2898,0.2865
2003-06-20,0.2896,0.2874
2003-06-23,0.2889,0.2853
2003-06-24,0.2914,0.2811
2003-06-25,0.2823,0.2857
2003-06-26,0.2799,0.2887
2003-06-27,0.2889,0.2803
2003-06-30,0.2796,0.2853
2003-07-01,0.2824,0.2857
2003-07-02,0.2848,0.2884
2003-07-03,0.2844,0.2863
2003-07-07,0.2884,0.2974
2003-07-08,0.2922,0.3053
2003-07-09,0.3025,0.2977
2003-07-10,0.2976,0.2931
2003-07-11,0.2943,0.2971
2003-07-14,0.2995,0.2979
2003-07-15,0.2997,0.2935
2003-07-16,0.2989,0.2974
2003-07-17,0.3022,0.3128
2003-07-18,0.3128,0.3122
2003-07-21,0.3097,0.3085
2003-07-22,0.3124,0.3113
2003-07-23,0.3136,0.3112
2003-07-24,0.3149,0.307
2003-07-25,0.3055,0.3224
2003-07-28,0.3218,0.3142
2003-07-29,0.3142,0.3101
2003-07-30,0.3109,0.3035
2003-07-31,0.3104,0.3155
2003-08-01,0.3143,0.3103
2003-08-04,0.3073,0.3175
2003-08-05,0.3196,0.305
2003-08-06,0.3003,0.2938
2003-08-07,0.2953,0.2983
2003-08-08,0.301,0.294
2003-08-11,0.2967,0.2943
2003-08-12,0.2958,0.2949
2003-08-13,0.2973,0.302
2003-08-14,0.3025,0.2989
2003-08-15,0.2997,0.295
2003-08-18,0.2973,0.3044
2003-08-19,0.3049,0.3041
2003-08-20,0.302,0.3145
2003-08-21,0.3148,0.3245
2003-08-22,0.3264,0.3125
2003-08-25,0.311,0.3122
2003-08-26,0.3106,0.3151
2003-08-27,0.313,0.3215
2003-08-28,0.3193,0.3321
2003-08-29,0.3323,0.3384
2003-09-02,0.3392,0.342
2003-09-03,0.3413,0.3435
2003-09-04,0.3467,0.3417
2003-09-05,0.3402,0.3368
2003-09-08,0.3365,0.3404
2003-09-09,0.3372,0.3348
2003-09-10,0.333,0.332
2003-09-11,0.333,0.3377
2003-09-12,0.3369,0.3458
2003-09-15,0.3414,0.3324
2003-09-16,0.3324,0.3347
2003-09-17,0.3348,0.3311
2003-09-18,0.3308,0.3425
2003-09-19,0.3425,0.338
2003-09-22,0.332,0.3305
2003-09-23,0.3296,0.3357
2003-09-24,0.3324,0.3191
2003-09-25,0.3194,0.3058
2003-09-26,0.3038,0.3097
2003-09-29,0.3217,0.3188
2003-09-30,0.3157,0.3101
2003-10-01,0.31,0.3112
2003-10-02,0.3113,0.3079
2003-10-03,0.3142,0.3246
2003-10-06,0.3244,0.3336
2003-10-07,0.33,0.3476
2003-10-08,0.348,0.3452
2003-10-09,0.3487,0.351
2003-10-10,0.3517,0.3544
2003-10-13,0.3552,0.3645
2003-10-14,0.364,0.3675
2003-10-15,0.3719,0.3715
2003-10-16,0.3562,0.348
2003-10-17,0.3499,0.3405
2003-10-20,0.3383,0.3476
2003-10-21,0.3489,0.347
2003-10-22,0.3434,0.3407
2003-10-23,0.3402,0.3441
2003-10-24,0.3377,0.3383
2003-10-27,0.3405,0.3383
2003-10-28,0.3377,0.355
2003-10-29,0.3519,0.3546
2003-10-30,0.3591,0.3456
2003-10-31,0.3487,0.3426
2003-11-03,0.3417,0.3465
2003-11-04,0.3453,0.3429
2003-11-05,0.3416,0.3447
2003-11-06,0.3429,0.3461
2003-11-07,0.3471,0.3368
2003-11-10,0.336,0.3278
2003-11-11,0.3278,0.3224
2003-11-12,0.3215,0.3342
2003-11-13,0.3303,0.3356
2003-11-14,0.3365,0.3212
2003-11-17,0.3196,0.3163
2003-11-18,0.3175,0.3055
2003-11-19,0.3077,0.3056
2003-11-20,0.3009,0.305
2003-11-21,0.3044,0.3035
2003-11-24,0.3068,0.3166
2003-11-25,0.3178,0.3095
2003-11-26,0.3127,0.3101
2003-11-28,0.311,0.313
2003-12-01,0.3149,0.3249
2003-12-02,0.3233,0.3224
2003-12-03,0.3224,0.3148
2003-12-04,0.3134,0.3166
2003-12-05,0.3128,0.3121
2003-12-08,0.311,0.3151
2003-12-09,0.3169,0.3061
2003-12-10,0.3061,0.305
2003-12-11,0.3031,0.3175
2003-12-12,0.3191,0.3127
2003-12-15,0.3217,0.3019
2003-12-16,0.3022,0.3012
2003-12-17,0.3006,0.2976
2003-12-18,0.2979,0.3
2003-12-19,0.3022,0.2949
2003-12-22,0.2941,0.2971
2003-12-23,0.2982,0.2965
2003-12-24,0.2952,0.3055
2003-12-26,0.3046,0.311
2003-12-29,0.313,0.3166
2003-12-30,0.317,0.3185
2003-12-31,0.3196,0.3199
2004-01-02,0.3226,0.3185
2004-01-05,0.3206,0.3318
2004-01-06,0.333,0.3306
2004-01-07,0.3308,0.3381
2004-01-08,0.3419,0.3496
2004-01-09,0.3477,0.3443
2004-01-12,0.348,0.3552
2004-01-13,0.3697,0.361
2004-01-14,0.3652,0.3622
2004-01-15,0.3429,0.342
2004-01-16,0.3426,0.3401
2004-01-20,0.3393,0.3402
2004-01-21,0.3398,0.3384
2004-01-22,0.3377,0.332
2004-01-23,0.3356,0.3377
2004-01-26,0.3362,0.3444
2004-01-27,0.3449,0.3453
2004-01-28,0.3419,0.3371
2004-01-29,0.3387,0.3395
2004-01-30,0.339,0.3377
2004-02-02,0.3362,0.3341
2004-02-03,0.3338,0.3332
2004-02-04,0.3293,0.3261
2004-02-05,0.3266,0.3356
2004-02-06,0.336,0.3399
2004-02-09,0.3386,0.3393
2004-02-10,0.3386,0.344
2004-02-11,0.3456,0.3562
2004-02-12,0.3534,0.3552
2004-02-13,0.357,0.3443
2004-02-17,0.3458,0.3467
2004-02-18,0.347,0.3481
2004-02-19,0.3492,0.3363
2004-02-20,0.3368,0.3353
2004-02-23,0.3344,0.3321
2004-02-24,0.3314,0.3347
2004-02-25,0.3335,0.3414
2004-02-26,0.3425,0.3449
2004-02-27,0.3437,0.358
2004-03-01,0.3607,0.3595
2004-03-02,0.3592,0.3564
2004-03-03,0.3532,0.358
2004-03-04,0.3582,0.3766
2004-03-05,0.3734,0.4002
2004-03-08,0.3984,0.3892
2004-03-09,0.3877,0.4056
2004-03-10,0.4047,0.4143
2004-03-11,0.4082,0.4064
2004-03-12,0.4089,0.4125
2004-03-15,0.4046,0.3959
2004-03-16,0.3974,0.3865
2004-03-17,0.3886,0.392
2004-03-18,0.3883,0.3842
2004-03-19,0.3826,0.3871
2004-03-22,0.3797,0.3871
2004-03-23,0.3874,0.3785
2004-03-24,0.3782,0.3817
2004-03-25,0.3913,0.4022
2004-03-26,0.4041,0.4047
2004-03-29,0.4097,0.4177
2004-03-30,0.4152,0.4179
2004-03-31,0.4179,0.4047
2004-04-01,0.4025,0.4058
2004-04-02,0.4154,0.4116
2004-04-05,0.4113,0.4239
2004-04-06,0.4148,0.4166
2004-04-07,0.4133,0.4088
2004-04-08,0.4173,0.4121
2004-04-12,0.4116,0.4197
2004-04-13,0.4188,0.4031
2004-04-14,0.4002,0.3987
2004-04-15,0.4314,0.4386
2004-04-16,0.4363,0.4368
2004-04-19,0.4209,0.4243
2004-04-20,0.4222,0.4151
2004-04-21,0.4131,0.4151
2004-04-22,0.4125,0.4158
2004-04-23,0.4146,0.4146
2004-04-26,0.4128,0.4061
2004-04-27,0.4077,0.4032
2004-04-28,0.4014,0.3959
2004-04-29,0.3959,0.4007
2004-04-30,0.3998,0.3859
2004-05-03,0.3892,0.3902
2004-05-04,0.3887,0.3913
2004-05-05,0.3922,0.3989
2004-05-06,0.3951,0.3978
2004-05-07,0.3974,0.3992
2004-05-10,0.3932,0.3934
2004-05-11,0.3951,0.4062
2004-05-12,0.401,0.4086
2004-05-13,0.4056,0.407
2004-05-14,0.4079,0.405
2004-05-17,0.3996,0.3987
2004-05-18,0.4037,0.405
2004-05-19,0.4101,0.3962
2004-05-20,0.3986,0.3998
2004-05-21,0.4026,0.4058
2004-05-24,0.4085,0.4092
2004-05-25,0.4116,0.4252
2004-05-26,0.424,0.4267
2004-05-27,0.426,0.4216
2004-05-28,0.4203,0.42
2004-06-01,0.416,0.42
2004-06-02,0.4195,0.4329
2004-06-03,0.4299,0.4251
2004-06-04,0.4275,0.4308
2004-06-07,0.4347,0.4462
2004-06-08,0.4489,0.4543
2004-06-09,0.4504,0.452
2004-06-10,0.452,0.4601
2004-06-14,0.4588,0.4508
2004-06-15,0.4571,0.4594
2004-06-16,0.4589,0.49
2004-06-17,0.4873,0.4911
2004-06-18,0.4888,0.4926
2004-06-21,0.4957,0.4839
2004-06-22,0.4835,0.4939
2004-06-23,0.4939,0.5044
2004-06-24,0.5016,0.4966
2004-06-25,0.495,0.5044
2004-06-28,0.5116,0.4863
2004-06-29,0.48,0.4865
2004-06-30,0.4873,0.487
2004-07-01,0.4805,0.4835
2004-07-02,0.4562,0.4652
2004-07-06,0.468,0.4633
2004-07-07,0.4618,0.4549
2004-07-08,0.451,0.4511
2004-07-09,0.4531,0.4495
2004-07-12,0.4493,0.4362
2004-07-13,0.4378,0.4374
2004-07-14,0.432,0.4427
2004-07-15,0.4888,0.4929
2004-07-16,0.4909,0.482
2004-07-19,0.4791,0.4785
2004-07-20,0.4782,0.482
2004-07-21,0.4853,0.4733
2004-07-22,0.4677,0.4742
2004-07-23,0.4719,0.4595
2004-07-26,0.4618,0.4679
2004-07-27,0.476,0.4854
2004-07-28,0.4836,0.483
2004-07-29,0.486,0.4885
2004-07-30,0.4887,0.4841
2004-08-02,0.4667,0.4727
2004-08-03,0.4707,0.4683
2004-08-04,0.4668,0.4758
2004-08-05,0.4761,0.4698
2004-08-06,0.4625,0.4457
2004-08-09,0.4468,0.4535
2004-08-10,0.4549,0.4718
2004-08-11,0.4655,0.4641
2004-08-12,0.4558,0.4546
2004-08-13,0.458,0.4616
2004-08-16,0.464,0.4607
2004-08-17,0.4577,0.4621
2004-08-18,0.4567,0.4751
2004-08-19,0.4716,0.4597
2004-08-20,0.4597,0.461
2004-08-23,0.4619,0.4652
2004-08-24,0.4679,0.4782
2004-08-25,0.477,0.4947
2004-08-26,0.4945,0.5188
2004-08-27,0.5191,0.5141
2004-08-30,0.5089,0.5107
2004-08-31,0.51,0.5162
2004-09-01,0.5134,0.5367
2004-09-02,0.5314,0.5337
2004-09-03,0.524,0.5273
2004-09-07,0.5299,0.5352
2004-09-08,0.5343,0.5441
2004-09-09,0.5403,0.5343
2004-09-10,0.5337,0.5369
2004-09-13,0.537,0.5327
2004-09-14,0.5275,0.5312
2004-09-15,0.5293,0.5269
2004-09-16,0.5269,0.5441
2004-09-17,0.5471,0.5559
2004-09-20,0.552,0.5644
2004-09-21,0.565,0.5689
2004-09-22,0.5703,0.5526
2004-09-23,0.5544,0.5578
2004-09-24,0.5605,0.5581
2004-09-27,0.5531,0.5617
2004-09-28,0.5607,0.5694
2004-09-29,0.5677,0.579
2004-09-30,0.5837,0.58
2004-10-01,0.5855,0.5788
2004-10-04,0.5864,0.5806
2004-10-05,0.5772,0.5893
2004-10-06,0.5912,0.6083
2004-10-07,0.6068,0.593
2004-10-08,0.5921,0.5846
2004-10-11,0.5807,0.5776
2004-10-12,0.5763,0.5731
2004-10-13,0.5818,0.595
2004-10-14,0.6465,0.6732
2004-10-15,0.6718,0.681
2004-10-18,0.6691,0.7147
2004-10-19,0.7199,0.7098
2004-10-20,0.7062,0.7105
2004-10-21,0.7107,0.7176
2004-10-22,0.7116,0.7096
2004-10-25,0.7065,0.7117
2004-10-26,0.7102,0.718
2004-10-27,0.7261,0.7529
2004-10-28,0.7481,0.7812
2004-10-29,0.7759,0.7843
2004-11-01,0.7858,0.7851
2004-11-02,0.7843,0.8008
2004-11-03,0.8138,0.8279
2004-11-04,0.8237,0.815
2004-11-05,0.8211,0.819
2004-11-08,0.8123,0.8139
2004-11-09,0.8117,0.809
2004-11-10,0.8075,0.8195
2004-11-11,0.8225,0.8277
2004-11-12,0.8234,0.8307
2004-11-15,0.8262,0.8268
2004-11-16,0.8256,0.8223
2004-11-17,0.8261,0.8217
2004-11-18,0.8127,0.8291
2004-11-19,0.8306,0.8258
2004-11-22,0.925,0.9183
2004-11-23,0.9325,0.9171
2004-11-24,0.9234,0.9587
2004-11-26,0.9781,0.9662
2004-11-29,1.032,1.0244
2004-11-30,1.0296,1.0036
2004-12-01,1.0147,1.0147
2004-12-02,0.9898,0.976
2004-12-03,0.9659,0.9382
2004-12-06,0.9617,0.9846
2004-12-07,0.9868,0.9413
2004-12-08,0.9442,0.9472
2004-12-09,0.9401,0.9578
2004-12-10,0.9734,0.9751
2004-12-13,0.9822,0.9716
2004-12-14,0.9789,0.9772
2004-12-15,0.9765,0.9768
2004-12-16,0.9901,0.9968
2004-12-17,1.0004,0.9728
2004-12-20,0.9799,0.9388
2004-12-21,0.9513,0.9533
2004-12-22,0.9528,0.9542
2004-12-23,0.9542,0.9581
2004-12-27,0.9699,0.9454
2004-12-28,0.9475,0.9606
2004-12-29,0.9551,0.9645
2004-12-30,0.9701,0.9699
2004-12-31,0.9713,0.9639
2005-01-03,0.9696,0.9473
2005-01-04,0.9548,0.957
2005-01-05,0.9648,0.9654
2005-01-06,0.968,0.9662
2005-01-07,0.9729,1.0365
2005-01-10,1.0452,1.0322
2005-01-11,1.0215,0.9663
2005-01-12,0.9796,0.9798
2005-01-13,1.1033,1.0447
2005-01-14,1.0515,1.0507
2005-01-18,1.0455,1.0575
2005-01-19,1.0551,1.0459
2005-01-20,1.0425,1.0546
2005-01-21,1.0673,1.0551
2005-01-24,1.0624,1.0591
2005-01-25,1.0682,1.0784
2005-01-26,1.0876,1.0814
2005-01-27,1.0801,1.0873
2005-01-28,1.087,1.1073
2005-01-31,1.1163,1.151
2005-02-01,1.1533,1.1604
2005-02-02,1.1667,1.1919
2005-02-03,1.1839,1.1646
2005-02-04,1.1655,1.1801
2005-02-07,1.1814,1.1816
2005-02-08,1.1835,1.2109
2005-02-09,1.213,1.1786
2005-02-10,1.1783,1.1729
2005-02-11,1.1953,1.2155
2005-02-14,1.2383,1.2667
2005-02-15,1.2971,1.3233
2005-02-16,1.3194,1.349
2005-02-17,1.3568,1.3143
2005-02-18,1.3133,1.2993
2005-02-22,1.2917,1.2766
2005-02-23,1.298,1.3206
2005-02-24,1.3243,1.3311
2005-02-25,1.3414,1.332
2005-02-28,1.3375,1.3429
2005-03-01,1.3468,1.3321
2005-03-02,1.3246,1.3208
2005-03-03,1.3282,1.251
2005-03-04,1.28,1.2815
2005-03-07,1.2812,1.2797
2005-03-08,1.2543,1.2133
2005-03-09,1.1866,1.178
2005-03-10,1.1833,1.1923
2005-03-11,1.2037,1.2055
2005-03-14,1.213,1.207
2005-03-15,1.2166,1.2262
2005-03-16,1.2336,1.2327
2005-03-17,1.2432,1.2648
2005-03-18,1.2971,1.286
2005-03-21,1.2959,1.3082
2005-03-22,1.3085,1.2821
2005-03-23,1.2708,1.2738
2005-03-24,1.2845,1.2723
2005-03-28,1.2797,1.2732
2005-03-29,1.2741,1.2498
2005-03-30,1.2594,1.2812
2005-03-31,1.2708,1.2474
2005-04-01,1.26,1.2241
2005-04-04,1.2271,1.23
2005-04-05,1.2339,1.254
2005-04-06,1.2693,1.2672
2005-04-07,1.2672,1.304
2005-04-08,1.3082,1.3094
2005-04-11,1.3216,1.2549
2005-04-12,1.272,1.277
2005-04-13,1.2857,1.2285
2005-04-14,1.1618,1.1154
2005-04-15,1.0962,1.0582
2005-04-18,1.0477,1.0663
2005-04-19,1.0956,1.1103
2005-04-20,1.1274,1.063
2005-04-21,1.0896,1.113
2005-04-22,1.1028,1.0627
2005-04-25,1.0923,1.107
2005-04-26,1.101,1.0834
2005-04-27,1.0744,1.0762
2005-04-28,1.0864,1.0639
2005-04-29,1.0822,1.0795
2005-05-02,1.084,1.0905
2005-05-03,1.0896,1.084
2005-05-04,1.081,1.1121
2005-05-05,1.1151,1.098
2005-05-06,1.1043,1.1148
2005-05-09,1.116,1.1067
2005-05-10,1.1001,1.0902
2005-05-11,1.0537,1.066
2005-05-12,1.0603,1.0217
2005-05-13,1.0238,1.0409
2005-05-16,1.0346,1.0642
2005-05-17,1.0519,1.0585
2005-05-18,1.0612,1.0729
2005-05-19,1.0711,1.1241
2005-05-20,1.1151,1.1241
2005-05-23,1.1331,1.1902
2005-05-24,1.181,1.1884
2005-05-25,1.1824,1.1908
2005-05-26,1.1956,1.2196
2005-05-27,1.2166,1.2142
2005-05-31,1.2172,1.1902
2005-06-01,1.1941,1.2064
2005-06-02,1.1989,1.1986
2005-06-03,1.1423,1.1447
2005-06-06,1.1474,1.1352
2005-06-07,1.1256,1.0938
2005-06-08,1.0965,1.1052
2005-06-09,1.1076,1.1271
2005-06-10,1.1196,1.072
2005-06-13,1.0744,1.0747
2005-06-14,1.0753,1.0777
2005-06-15,1.1037,1.1115
2005-06-16,1.1133,1.1369
2005-06-17,1.1516,1.1468
2005-06-20,1.1331,1.1259
2005-06-21,1.1292,1.1334
2005-06-22,1.1453,1.154
2005-06-23,1.1624,1.1642
2005-06-24,1.1702,1.1304
2005-06-27,1.1028,1.1106
2005-06-28,1.1223,1.1169
2005-06-29,1.1145,1.0888
2005-06-30,1.0959,1.1019
2005-07-01,1.1025,1.0926
2005-07-05,1.0941,1.1369
2005-07-06,1.1289,1.1193
2005-07-07,1.1019,1.1265
2005-07-08,1.1337,1.145
2005-07-11,1.1486,1.1405
2005-07-12,1.1444,1.1447
2005-07-13,1.1462,1.148
2005-07-14,1.2211,1.2199
2005-07-15,1.2265,1.2438
2005-07-18,1.2396,1.242
2005-07-19,1.2429,1.2929
2005-07-20,1.283,1.3061
2005-07-21,1.3082,1.2959
2005-07-22,1.3004,1.3172
2005-07-25,1.3169,1.3115
2005-07-26,1.3175,1.3061
2005-07-27,1.3121,1.3169
2005-07-28,1.3127,1.3112
2005-07-29,1.304,1.2767
2005-08-01,1.2744,1.2797
2005-08-02,1.2839,1.2929
2005-08-03,1.2929,1.2938
2005-08-04,1.2839,1.2785
2005-08-05,1.272,1.2869
2005-08-08,1.2872,1.2767
2005-08-09,1.2851,1.3118
2005-08-10,1.3172,1.2986
2005-08-11,1.2989,1.3172
2005-08-12,1.301,1.38
2005-08-15,1.3914,1.4273
2005-08-16,1.4186,1.3845
2005-08-17,1.389,1.4115
2005-08-18,1.4043,1.386
2005-08-19,1.3854,1.3719
2005-08-22,1.3815,1.3731
2005-08-23,1.3725,1.3692
2005-08-24,1.3651,1.3701
2005-08-25,1.3806,1.3788
2005-08-26,1.3806,1.3692
2005-08-29,1.3552,1.3722
2005-08-30,1.3767,1.3941
2005-08-31,1.4028,1.4037
2005-09-01,1.407,1.3848
2005-09-02,1.386,1.3836
2005-09-06,1.398,1.4608
2005-09-07,1.4683,1.4573
2005-09-08,1.4773,1.4902
2005-09-09,1.4989,1.536
2005-09-12,1.5297,1.5387
2005-09-13,1.5273,1.5213
2005-09-14,1.5285,1.4851
2005-09-15,1.4968,1.4929
2005-09-16,1.5037,1.533
2005-09-19,1.5282,1.5758
2005-09-20,1.5863,1.5923
2005-09-21,1.5854,1.5599
2005-09-22,1.553,1.5536
2005-09-23,1.5596,1.5926
2005-09-26,1.6174,1.6117
2005-09-27,1.6141,1.5997
2005-09-28,1.5887,1.5291
2005-09-29,1.5336,1.5668
2005-09-30,1.5665,1.6048
2005-10-03,1.6213,1.6297
2005-10-04,1.645,1.609
2005-10-05,1.6264,1.58
2005-10-06,1.5926,1.5477
2005-10-07,1.5483,1.5357
2005-10-10,1.5495,1.5078
2005-10-11,1.5336,1.5444
2005-10-12,1.4564,1.4743
2005-10-13,1.48,1.6087
2005-10-14,1.6174,1.6165
2005-10-17,1.6159,1.5997
2005-10-18,1.5941,1.5629
2005-10-19,1.5587,1.6447
2005-10-20,1.6306,1.6806
2005-10-21,1.7015,1.6662
2005-10-24,1.6539,1.7
2005-10-25,1.6884,1.6794
2005-10-26,1.6848,1.7072
2005-10-27,1.706,1.6587
2005-10-28,1.6776,1.6306
2005-10-31,1.6524,1.724
2005-11-01,1.7135,1.7213
2005-11-02,1.7279,1.7946
2005-11-03,1.8039,1.8515
2005-11-04,1.8066,1.8306
2005-11-07,1.8216,1.803
2005-11-08,1.7946,1.7931
2005-11-09,1.7961,1.7994
2005-11-10,1.8153,1.8314
2005-11-11,1.8422,1.8422
2005-11-14,1.8422,1.8395
2005-11-15,1.844,1.8644
2005-11-16,1.8904,1.9443
2005-11-17,1.9635,1.9314
2005-11-18,1.9551,1.9326
2005-11-21,1.9404,1.9446
2005-11-22,1.941,1.9913
2005-11-23,2.0021,2.009
2005-11-25,2.0254,2.0757
2005-11-28,2.117,2.0853
2005-11-29,2.0952,2.0386
2005-11-30,2.0485,2.0302
2005-12-01,2.064,2.1434
2005-12-02,2.1634,2.1742
2005-12-05,2.1539,2.15
2005-12-06,2.2131,2.2167
2005-12-07,2.2221,2.2137
2005-12-08,2.1913,2.2176
2005-12-09,2.2215,2.2251
2005-12-12,2.2413,2.2425
2005-12-13,2.2407,2.2446
2005-12-14,2.1712,2.1557
2005-12-15,2.1757,2.1607
2005-12-16,2.1595,2.1287
2005-12-19,2.1287,2.1368
2005-12-20,2.1443,2.1586
2005-12-21,2.1733,2.2003
2005-12-22,2.2125,2.2158
2005-12-23,2.2203,2.1958
2005-12-27,2.2152,2.2221
2005-12-28,2.2293,2.2023
2005-12-29,2.2086,2.1389
2005-12-30,2.1227,2.1521
2006-01-03,2.1667,2.2377
2006-01-04,2.249,2.2443
2006-01-05,2.2401,2.2266
2006-01-06,2.2526,2.2841
2006-01-09,2.2969,2.2766
2006-01-10,2.2826,2.4206
2006-01-11,2.5098,2.5116
2006-01-12,2.5436,2.5233
2006-01-13,2.5442,2.5622
2006-01-17,2.5655,2.5358
2006-01-18,2.487,2.4694
2006-01-19,2.4323,2.3661
2006-01-20,2.3733,2.2778
2006-01-23,2.2781,2.3251
2006-01-24,2.3577,2.2763
2006-01-25,2.3167,2.2212
2006-01-26,2.2311,2.1652
2006-01-27,2.1838,2.1562
2006-01-30,2.1305,2.2452
2006-01-31,2.2601,2.2604
2006-02-01,2.2437,2.2577
2006-02-02,2.2482,2.1583
2006-02-03,2.1625,2.1509
2006-02-06,2.1559,2.0147
2006-02-07,2.0437,2.0236
2006-02-08,2.0503,2.0599
2006-02-09,2.0685,1.9443
2006-02-10,1.9512,2.015
2006-02-13,1.9946,1.9371
2006-02-14,1.9488,2.0248
2006-02-15,2.0105,2.0721
2006-02-16,2.0928,2.1125
2006-02-17,2.1045,2.1042
2006-02-21,2.1131,2.0679
2006-02-22,2.0655,2.135
2006-02-23,2.1491,2.1479
2006-02-24,2.1595,2.1392
2006-02-27,2.1551,2.1251
2006-02-28,2.1428,2.0503
2006-03-01,2.0608,2.0685
2006-03-02,2.0652,2.0838
2006-03-03,2.0775,2.0272
2006-03-06,2.0263,1.9602
2006-03-07,1.9686,1.985
2006-03-08,1.9844,1.9656
2006-03-09,1.9751,1.9138
2006-03-10,1.9174,1.8916
2006-03-13,1.9473,1.9662
2006-03-14,1.9689,2.0153
2006-03-15,2.0269,1.9826
2006-03-16,2.0012,1.9251
2006-03-17,1.9383,1.9356
2006-03-20,1.9524,1.9156
2006-03-21,1.8503,1.8503
2006-03-22,1.8608,1.8461
2006-03-23,1.8506,1.8009
2006-03-24,1.8036,1.7949
2006-03-27,1.8066,1.7815
2006-03-28,1.785,1.7575
2006-03-29,1.7701,1.8659
2006-03-30,1.8805,1.8784
2006-03-31,1.8934,1.8776
2006-04-03,1.906,1.8755
2006-04-04,1.859,1.8312
2006-04-05,1.9371,2.012
2006-04-06,2.0446,2.1326
2006-04-07,2.1233,2.0892
2006-04-10,2.1042,2.0557
2006-04-11,2.0652,2.0353
2006-04-12,2.0359,1.997
2006-04-13,1.9859,1.9898
2006-04-17,1.991,1.9401
2006-04-18,1.947,1.9823
2006-04-19,2.0003,1.9653
2006-04-20,2.0808,2.0245
2006-04-21,2.0413,2.0069
2006-04-24,2.0012,1.9683
2006-04-25,1.9745,1.9808
2006-04-26,1.9952,2.0401
2006-04-27,2.0275,2.0763
2006-04-28,2.0769,2.1072
2006-05-01,2.1185,2.0835
2006-05-02,2.1,2.144
2006-05-03,2.1503,2.1296
2006-05-04,2.132,2.1293
2006-05-05,2.1512,2.1521
2006-05-08,2.185,2.1521
2006-05-09,2.15,2.1263
2006-05-10,2.1341,2.1134
2006-05-11,2.1191,2.0401
2006-05-12,2.0311,2.0266
2006-05-15,2.0167,2.0293
2006-05-16,2.0386,1.9452
2006-05-17,1.9371,1.9536
2006-05-18,1.9662,1.8913
2006-05-19,1.8937,1.9311
2006-05-22,1.912,1.8973
2006-05-23,1.9416,1.8904
2006-05-24,1.8856,1.8961
2006-05-25,1.9237,1.9257
2006-05-26,1.9251,1.9024
2006-05-30,1.8946,1.8326
2006-05-31,1.8488,1.7892
2006-06-01,1.7916,1.8611
2006-06-02,1.8856,1.8458
2006-06-05,1.8306,1.7961
2006-06-06,1.8027,1.7877
2006-06-07,1.7991,1.753
2006-06-08,1.7494,1.8189
2006-06-09,1.8314,1.7734
2006-06-12,1.7782,1.7063
2006-06-13,1.7246,1.7461
2006-06-14,1.7446,1.7246
2006-06-15,1.7153,1.7776
2006-06-16,1.765,1.7231
2006-06-19,1.7312,1.7123
2006-06-20,1.7246,1.7204
2006-06-21,1.7285,1.7321
2006-06-22,1.7422,1.7836
2006-06-23,1.7877,1.7611
2006-06-26,1.7713,1.7659
2006-06-27,1.7689,1.7192
2006-06-28,1.715,1.677
2006-06-29,1.6991,1.7653
2006-06-30,1.724,1.7144
2006-07-03,1.7219,1.7348
2006-07-05,1.7108,1.7063
2006-07-06,1.709,1.6695
2006-07-07,1.6608,1.6584
2006-07-10,1.6674,1.6464
2006-07-11,1.6497,1.6659
2006-07-12,1.6515,1.5854
2006-07-13,1.5575,1.5641
2006-07-14,1.5716,1.5168
2006-07-17,1.5486,1.5677
2006-07-18,1.5914,1.5836
2006-07-19,1.5854,1.6195
2006-07-20,1.8249,1.8111
2006-07-21,1.7907,1.8177
2006-07-24,1.8338,1.8386
2006-07-25,1.8494,1.8539
2006-07-26,1.856,1.912
2006-07-27,1.9308,1.8979
2006-07-28,1.9141,1.9635
2006-07-31,2.0006,2.0344
2006-08-01,2.0123,2.0111
2006-08-02,2.0251,2.0404
2006-08-03,2.0329,2.0832
2006-08-04,2.0072,2.0446
2006-08-07,2.0272,2.012
2006-08-08,2.0084,1.9392
2006-08-09,1.9587,1.9036
2006-08-10,1.8934,1.918
2006-08-11,1.8928,1.9054
2006-08-14,1.9174,1.9141
2006-08-15,1.956,1.9892
2006-08-16,2.0087,2.035
2006-08-17,2.0356,2.0233
2006-08-18,2.0269,2.0329
2006-08-21,2.0147,1.9925
2006-08-22,1.9961,2.0242
2006-08-23,2.0356,2.015
2006-08-24,2.0323,2.0299
2006-08-25,2.0159,2.0581
2006-08-28,2.0506,2.0051
2006-08-29,2.0054,1.9901
2006-08-30,2.0159,2.0045
2006-08-31,2.0141,2.0311
2006-09-01,2.05,2.047
2006-09-05,2.0646,2.1398
2006-09-06,2.1278,2.0964
2006-09-07,2.1134,2.1793
2006-09-08,2.1964,2.1709
2006-09-11,2.1682,2.1703
2006-09-12,2.1796,2.1742
2006-09-13,2.1808,2.2212
2006-09-14,2.2068,2.2203
2006-09-15,2.2332,2.2182
2006-09-18,2.2092,2.2119
2006-09-19,2.2182,2.2083
2006-09-20,2.2266,2.2529
2006-09-21,2.2526,2.2347
2006-09-22,2.2242,2.1853
2006-09-25,2.2095,2.2676
2006-09-26,2.2805,2.3233
2006-09-27,2.3101,2.2874
2006-09-28,2.3056,2.3053
2006-09-29,2.3083,2.3044
2006-10-02,2.2482,2.241
2006-10-03,2.2287,2.2176
2006-10-04,2.2182,2.2565
2006-10-05,2.2311,2.2401
2006-10-06,2.2278,2.2218
2006-10-09,2.2092,2.2341
2006-10-10,2.2314,2.2095
2006-10-11,2.1979,2.1922
2006-10-12,2.2035,2.2529
2006-10-13,2.264,2.2458
2006-10-16,2.2508,2.2571
2006-10-17,2.2464,2.2239
2006-10-18,2.2377,2.2311
2006-10-19,2.3727,2.3646
2006-10-20,2.364,2.3933
2006-10-23,2.3945,2.4385
2006-10-24,2.4311,2.4263
2006-10-25,2.4352,2.4451
2006-10-26,2.4517,2.4604
2006-10-27,2.4472,2.4071
2006-10-30,2.3945,2.4074
2006-10-31,2.4382,2.4272
2006-11-01,2.4278,2.3697
2006-11-02,2.3625,2.3643
2006-11-03,2.3757,2.3436
2006-11-06,2.3634,2.3862
2006-11-07,2.4083,2.4101
2006-11-08,2.3954,2.4682
2006-11-09,2.4816,2.4948
2006-11-10,2.5011,2.4882
2006-11-13,2.4912,2.5251
2006-11-14,2.5385,2.5445
2006-11-15,2.546,2.5161
2006-11-16,2.5406,2.5628
2006-11-17,2.5487,2.57
2006-11-20,2.5565,2.5885
2006-11-21,2.617,2.6523
2006-11-22,2.664,2.7035
2006-11-24,2.6801,2.743
2006-11-27,2.7693,2.6804
2006-11-28,2.705,2.7484
2006-11-29,2.784,2.7481
2006-11-30,2.7603,2.7439
2006-12-01,2.7481,2.7337
2006-12-04,2.7505,2.7277
2006-12-05,2.7436,2.7322
2006-12-06,2.7133,2.6891
2006-12-07,2.6951,2.6056
2006-12-08,2.6113,2.6421
2006-12-11,2.6613,2.6568
2006-12-12,2.6526,2.5786
2006-12-13,2.6328,2.6657
2006-12-14,2.6657,2.6508
2006-12-15,2.6649,2.6259
2006-12-18,2.6232,2.5586
2006-12-19,2.5364,2.5837
2006-12-20,2.5885,2.5373
2006-12-21,2.5355,2.4816
2006-12-22,2.4984,2.4607
2006-12-26,2.4592,2.44
2006-12-27,2.3395,2.4403
2006-12-28,2.4014,2.4209
2006-12-29,2.5131,2.5397
2007-01-03,2.5831,2.5086
2007-01-04,2.5161,2.5643
2007-01-05,2.5676,2.546
2007-01-08,2.5732,2.5586
2007-01-09,2.5879,2.7711
2007-01-10,2.8364,2.9037
2007-01-11,2.872,2.8678
2007-01-12,2.8316,2.8325
2007-01-16,2.8642,2.9067
2007-01-17,2.9205,2.8424
2007-01-18,2.7571,2.6663
2007-01-19,2.6532,2.6493
2007-01-22,2.6684,2.5981
2007-01-23,2.5664,2.5655
2007-01-24,2.5948,2.5954
2007-01-25,2.6077,2.5819
2007-01-26,2.6077,2.5559
2007-01-29,2.5834,2.5727
2007-01-30,2.5873,2.561
2007-01-31,2.5403,2.5664
2007-02-01,2.5813,2.5367
2007-02-02,2.5182,2.537
2007-02-05,2.5236,2.5128
2007-02-06,2.528,2.5191
2007-02-07,2.5289,2.5789
2007-02-08,2.5574,2.5798
2007-02-09,2.5709,2.4927
2007-02-12,2.5274,2.5409
2007-02-13,2.5493,2.5355
2007-02-14,2.5334,2.5535
2007-02-15,2.5577,2.5508
2007-02-16,2.552,2.5394
2007-02-20,2.534,2.5715
2007-02-21,2.5738,2.6702
2007-02-22,2.7181,2.6795
2007-02-23,2.669,2.6663
2007-02-26,2.6894,2.6496
2007-02-27,2.5834,2.5125
2007-02-28,2.4846,2.5328
2007-03-01,2.5155,2.6062
2007-03-02,2.5975,2.5568
2007-03-05,2.5712,2.584
2007-03-06,2.6283,2.64
2007-03-07,2.6358,2.6259
2007-03-08,2.652,2.6343
2007-03-09,2.6583,2.6334
2007-03-12,2.6364,2.6903
2007-03-13,2.6765,2.6463
2007-03-14,2.6523,2.6942
2007-03-15,2.693,2.6813
2007-03-16,2.6804,2.6819
2007-03-19,2.7014,2.728
2007-03-20,2.7346,2.7385
2007-03-21,2.7538,2.81
2007-03-22,2.8058,2.8127
2007-03-23,2.7945,2.7996
2007-03-26,2.8136,2.8693
2007-03-27,2.8651,2.8576
2007-03-28,2.8403,2.7912
2007-03-29,2.8196,2.8064
2007-03-30,2.8223,2.7813
2007-04-02,2.8181,2.8035
2007-04-03,2.8181,2.8289
2007-04-04,2.8421,2.822
2007-04-05,2.8175,2.8343
2007-04-09,2.8502,2.8035
2007-04-10,2.8041,2.8214
2007-04-11,2.8109,2.7717
2007-04-12,2.7553,2.7597
2007-04-13,2.7211,2.7014
2007-04-16,2.7113,2.737
2007-04-17,2.7541,2.7047
2007-04-18,2.699,2.7062
2007-04-19,2.6999,2.7023
2007-04-20,2.7208,2.7232
2007-04-23,2.7418,2.7993
2007-04-24,2.8127,2.7912
2007-04-25,2.8208,2.8543
2007-04-26,3.0408,2.9588
2007-04-27,2.9391,2.9911
2007-04-30,2.9962,2.9876
2007-05-01,2.9813,2.9777
2007-05-02,2.9831,3.0052
2007-05-03,3.0154,3.0055
2007-05-04,3.0175,3.0178
2007-05-07,3.0259,3.1109
2007-05-08,3.0974,3.145
2007-05-09,3.1405,3.1995
2007-05-10,3.192,3.2133
2007-05-11,3.2252,3.2552
2007-05-14,3.2815,3.2737
2007-05-15,3.28,3.2187
2007-05-16,3.2489,3.2133
2007-05-17,3.2076,3.2761
2007-05-18,3.2998,3.2935
2007-05-21,3.3022,3.3522
2007-05-22,3.3674,3.3989
2007-05-23,3.4132,3.3794
2007-05-24,3.377,3.3136
2007-05-25,3.3528,3.4013
2007-05-29,3.4261,3.4231
2007-05-30,3.4216,3.5554
2007-05-31,3.5943,3.6279
2007-06-01,3.6252,3.5444
2007-06-04,3.5512,3.6321
2007-06-05,3.6345,3.6722
2007-06-06,3.6611,3.7012
2007-06-07,3.7416,3.7141
2007-06-08,3.7665,3.7267
2007-06-11,3.7719,3.5979
2007-06-12,3.5728,3.6036
2007-06-13,3.6267,3.5174
2007-06-14,3.5084,3.5548
2007-06-15,3.6108,3.6072
2007-06-18,3.6904,3.7446
2007-06-19,3.7326,3.7018
2007-06-20,3.7081,3.6387
2007-06-21,3.6431,3.709
2007-06-22,3.7075,3.6821
2007-06-25,3.7177,3.6623
2007-06-26,3.7114,3.5818
2007-06-27,3.6105,3.6488
2007-06-28,3.6629,3.609
2007-06-29,3.6512,3.6533
2007-07-02,3.6237,3.63
2007-07-03,3.6521,3.8069
2007-07-05,3.8557,3.9739
2007-07-06,3.9853,3.9605
2007-07-09,3.9629,3.9015
2007-07-10,3.8581,3.962
2007-07-11,3.9536,3.9632
2007-07-12,4.0069,4.0134
2007-07-13,4.0422,4.123
2007-07-16,4.1428,4.1341
2007-07-17,4.1401,4.1583
2007-07-18,4.1368,4.1347
2007-07-19,4.1999,4.191
2007-07-20,4.2404,4.3032
2007-07-23,4.29,4.3017
2007-07-24,4.1574,4.038
2007-07-25,4.1116,4.1089
2007-07-26,4.3679,4.3706
2007-07-27,4.3763,4.3062
2007-07-30,4.3206,4.2338
2007-07-31,4.2799,3.9443
2007-08-01,4.0006,4.0413
2007-08-02,4.0907,4.0859
2007-08-03,4.0491,3.947
2007-08-06,3.9784,4.0488
2007-08-07,4.0395,4.0422
2007-08-08,4.094,4.0116
2007-08-09,3.9248,3.7835
2007-08-10,3.6856,3.7419
2007-08-13,3.8413,3.8254
2007-08-14,3.8404,3.7129
2007-08-15,3.6743,3.5893
2007-08-16,3.5027,3.5039
2007-08-17,3.6524,3.6539
2007-08-20,3.7108,3.6587
2007-08-21,3.6584,3.8189
2007-08-22,3.9281,3.9667
2007-08-23,3.9841,3.9236
2007-08-24,3.9075,4.0503
2007-08-27,3.9931,3.959
2007-08-28,3.9212,3.7964
2007-08-29,3.888,4.0137
2007-08-30,3.9715,4.0787
2007-08-31,4.1757,4.1455
2007-09-04,4.1892,4.3155
2007-09-05,4.3397,4.094
2007-09-06,4.058,4.0416
2007-09-07,3.9518,3.9446
2007-09-10,4.1009,4.0925
2007-09-11,4.1281,4.056
2007-09-12,4.0709,4.0967
2007-09-13,4.1559,4.1071
2007-09-14,4.0883,4.1553
2007-09-17,4.1607,4.1434
2007-09-18,4.1628,4.2185
2007-09-19,4.2814,4.214
2007-09-20,4.1954,4.2002
2007-09-21,4.2251,4.3152
2007-09-24,4.3924,4.4388
2007-09-25,4.3957,4.5855
2007-09-26,4.6241,4.5732
2007-09-27,4.6032,4.625
2007-09-28,4.5933,4.5942
2007-10-01,4.6289,4.6801
2007-10-02,4.6864,4.7433
2007-10-03,4.7232,4.7274
2007-10-04,4.7298,4.6771
2007-10-05,4.7409,4.8331
2007-10-08,4.8941,5.0265
2007-10-09,5.095,5.025
2007-10-10,5.0157,4.9929
2007-10-11,5.0738,4.8564
2007-10-12,4.8798,5.0067
2007-10-15,5.0286,4.9986
2007-10-16,4.9555,5.0764
2007-10-17,5.1695,5.1713
2007-10-18,5.1339,5.1938
2007-10-19,5.2159,5.1016
2007-10-22,5.0995,5.2195
2007-10-23,5.6446,5.5728
2007-10-24,5.5623,5.5659
2007-10-25,5.5342,5.4716
2007-10-26,5.5467,5.5291
2007-10-29,5.5515,5.5407
2007-10-30,5.5734,5.5979
2007-10-31,5.6168,5.6862
2007-11-01,5.6458,5.6111
2007-11-02,5.6641,5.624
2007-11-05,5.5467,5.5734
2007-11-06,5.5994,5.7413
2007-11-07,5.706,5.577
2007-11-08,5.588,5.2528
2007-11-09,5.1234,4.9504
2007-11-12,4.9477,4.6029
2007-11-13,4.8151,5.0878
2007-11-14,5.3034,4.9726
2007-11-15,4.981,4.9184
2007-11-16,4.9483,4.981
2007-11-19,4.9723,4.9079
2007-11-20,4.9594,5.0546
2007-11-21,4.9645,5.0429
2007-11-23,5.1489,5.1351
2007-11-26,5.1965,5.1651
2007-11-27,5.2453,5.233
2007-11-28,5.2932,5.395
2007-11-29,5.3713,5.5168
2007-11-30,5.6081,5.4548
2007-12-03,5.4441,5.3542
2007-12-04,5.3031,5.3827
2007-12-05,5.4749,5.553
2007-12-06,5.5737,5.6862
2007-12-07,5.7039,5.8165
2007-12-10,5.7952,5.8138
2007-12-11,5.8299,5.644
2007-12-12,5.7907,5.7135
2007-12-13,5.6934,5.7425
2007-12-14,5.6988,5.6994
2007-12-17,5.7093,5.5201
2007-12-18,5.5836,5.4776
2007-12-19,5.4776,5.4818
2007-12-20,5.5509,5.6042
2007-12-21,5.6913,5.8048
2007-12-24,5.8383,5.9512
2007-12-26,5.9574,5.9557
2007-12-27,5.9557,5.9443
2007-12-28,6.0047,5.982
2007-12-31,5.9721,5.9296
2008-01-02,5.9652,5.8326
2008-01-03,5.8497,5.8353
2008-01-04,5.7311,5.3899
2008-01-07,5.4258,5.3177
2008-01-08,5.3926,5.1264
2008-01-09,5.1279,5.3704
2008-01-10,5.3159,5.3291
2008-01-11,5.2686,5.1695
2008-01-14,5.3141,5.3519
2008-01-15,5.3201,5.0603
2008-01-16,4.9462,4.7789
2008-01-17,4.8349,4.8163
2008-01-18,4.8409,4.8304
2008-01-22,4.4322,4.6592
2008-01-23,4.0769,4.1631
2008-01-24,4.1907,4.0592
2008-01-25,4.1607,3.8919
2008-01-28,3.8365,3.8919
2008-01-29,3.926,3.9377
2008-01-30,3.9326,3.9569
2008-01-31,3.8751,4.0521
2008-02-01,4.0784,4.0039
2008-02-04,4.0176,3.941
2008-02-05,3.9045,3.8724
2008-02-06,3.9165,3.6521
2008-02-07,3.5914,3.6294
2008-02-08,3.6545,3.7563
2008-02-11,3.832,3.8751
2008-02-12,3.9126,3.7377
2008-02-13,3.7922,3.8736
2008-02-14,3.8736,3.8156
2008-02-15,3.7799,3.7309
2008-02-19,3.7716,3.6575
2008-02-20,3.6581,3.7066
2008-02-21,3.7734,3.6384
2008-02-22,3.6665,3.5761
2008-02-25,3.55,3.5845
2008-02-26,3.5216,3.5668
2008-02-27,3.5393,3.6809
2008-02-28,3.8078,3.8889
2008-02-29,3.8704,3.7425
2008-03-03,3.7252,3.644
2008-03-04,3.6518,3.7306
2008-03-05,3.6994,3.7267
2008-03-06,3.7303,3.6201
2008-03-07,3.6045,3.6596
2008-03-10,3.6515,3.583
2008-03-11,3.715,3.8123
2008-03-12,3.803,3.7728
2008-03-13,3.715,3.8299
2008-03-14,3.888,3.7901
2008-03-17,3.6686,3.7937
2008-03-18,3.8671,3.976
2008-03-19,3.985,3.8817
2008-03-20,3.9251,3.9895
2008-03-24,4.0116,4.1769
2008-03-25,4.1898,4.2203
2008-03-26,4.217,4.3424
2008-03-27,4.3391,4.1984
2008-03-28,4.2448,4.2811
2008-03-31,4.2888,4.2957
2008-04-01,4.3796,4.4762
2008-04-02,4.4538,4.4152
2008-04-03,4.4023,4.5385
2008-04-04,4.5559,4.5825
2008-04-07,4.6738,4.6666
2008-04-08,4.5966,4.5753
2008-04-09,4.5894,4.5334
2008-04-10,4.5241,4.6265
2008-04-11,4.5717,4.4047
2008-04-14,4.3936,4.4239
2008-04-15,4.4724,4.4418
2008-04-16,4.5418,4.6011
2008-04-17,4.6151,4.6247
2008-04-18,4.7633,4.8208
2008-04-21,4.8558,5.0339
2008-04-22,5.0112,4.7957
2008-04-23,4.9109,4.8762
2008-04-24,4.9495,5.0573
2008-04-25,5.11,5.0809
2008-04-28,5.0815,5.1561
2008-04-29,5.1223,5.2402
2008-04-30,5.2743,5.2073
2008-05-01,5.2375,5.3884
2008-05-02,5.3941,5.4165
2008-05-05,5.4459,5.53
2008-05-06,5.5279,5.5877
2008-05-07,5.5695,5.4659
2008-05-08,5.5012,5.5398
2008-05-09,5.483,5.4917
2008-05-12,5.5443,5.6326
2008-05-13,5.6461,5.6865
2008-05-14,5.7246,5.5758
2008-05-15,5.5922,5.6796
2008-05-16,5.691,5.6165
2008-05-19,5.6237,5.4961
2008-05-20,5.4429,5.565
2008-05-21,5.5581,5.3342
2008-05-22,5.3662,5.3001
2008-05-23,5.4114,5.4234
2008-05-27,5.4707,5.5809
2008-05-28,5.6102,5.5982
2008-05-29,5.5907,5.5886
2008-05-30,5.6114,5.6503
2008-06-02,5.6458,5.571
2008-06-03,5.5937,5.5491
2008-06-04,5.5087,5.5437
2008-06-05,5.5782,5.6707
2008-06-06,5.6279,5.5572
2008-06-09,5.5318,5.4366
2008-06-10,5.4036,5.5572
2008-06-11,5.5183,5.4126
2008-06-12,5.433,5.1866
2008-06-13,5.1381,5.16
2008-06-16,5.1279,5.2938
2008-06-17,5.3315,5.4312
2008-06-18,5.4219,5.351
2008-06-19,5.345,5.4153
2008-06-20,5.3689,5.2468
2008-06-23,5.2309,5.1836
2008-06-24,5.16,5.1863
2008-06-25,5.227,5.3102
2008-06-26,5.2109,5.0369
2008-06-27,4.9845,5.0917
2008-06-30,5.0947,5.0124
2008-07-01,4.9163,5.2291
2008-07-02,5.2447,5.0345
2008-07-03,5.0767,5.0926
2008-07-07,5.1836,5.2435
2008-07-08,5.2507,5.3749
2008-07-09,5.3944,5.2162
2008-07-10,5.2363,5.2875
2008-07-11,5.2528,5.1663
2008-07-14,5.3656,5.2052
2008-07-15,5.1633,5.0782
2008-07-16,5.095,5.1731
2008-07-17,5.2118,5.1432
2008-07-18,5.0447,4.9438
2008-07-21,4.9962,4.978
2008-07-22,4.4604,4.8501
2008-07-23,4.939,4.9771
2008-07-24,4.919,4.7606
2008-07-25,4.8016,4.8531
2008-07-28,4.8597,4.622
2008-07-29,4.6523,4.7023
2008-07-30,4.7232,4.7861
2008-07-31,4.716,4.7582
2008-08-01,4.7867,4.6897
2008-08-04,4.6879,4.587
2008-08-05,4.6526,4.8088
2008-08-06,4.7888,4.9151
2008-08-07,4.8708,4.8965
2008-08-08,4.9052,5.0756
2008-08-11,5.0911,5.1956
2008-08-12,5.1944,5.2905
2008-08-13,5.3279,5.3674
2008-08-14,5.3384,5.368
2008-08-15,5.3596,5.2609
2008-08-18,5.2558,5.2504
2008-08-19,5.2249,5.1947
2008-08-20,5.2318,5.2638
2008-08-21,5.2228,5.2174
2008-08-22,5.2632,5.2923
2008-08-25,5.2731,5.1654
2008-08-26,5.1716,5.198
2008-08-27,5.1881,5.2288
2008-08-28,5.2471,5.201
2008-08-29,5.1776,5.075
2008-09-02,5.1609,4.975
2008-09-03,4.9944,4.998
2008-09-04,4.9651,4.8262
2008-09-05,4.7475,4.7951
2008-09-08,4.9265,4.7274
2008-09-09,4.6957,4.5406
2008-09-10,4.5598,4.5385
2008-09-11,4.4358,4.5696
2008-09-12,4.5176,4.4586
2008-09-15,4.2517,4.2017
2008-09-16,4.0072,4.1874
2008-09-17,4.1458,3.8266
2008-09-18,3.9087,4.014
2008-09-19,4.2688,4.2182
2008-09-22,4.1892,3.923
2008-09-23,3.947,3.797
2008-09-24,3.8099,3.853
2008-09-25,3.8856,3.9494
2008-09-26,3.7392,3.8389
2008-09-29,3.5809,3.151
2008-09-30,3.2405,3.4025
2008-10-01,3.3504,3.2666
2008-10-02,3.2333,2.9965
2008-10-03,3.1133,2.9058
2008-10-06,2.7529,2.9379
2008-10-07,3.0079,2.669
2008-10-08,2.5718,2.6879
2008-10-09,2.7945,2.6565
2008-10-10,2.5655,2.8977
2008-10-13,3.1297,3.3007
2008-10-14,3.4803,3.1157
2008-10-15,3.1085,2.9322
2008-10-16,2.9867,3.0501
2008-10-17,2.9816,2.9157
2008-10-20,2.987,2.9468
2008-10-21,2.9022,2.7388
2008-10-22,2.9148,2.8998
2008-10-23,2.8891,2.9406
2008-10-24,2.7041,2.8852
2008-10-27,2.846,2.7568
2008-10-28,2.8567,2.9908
2008-10-29,3.0193,3.1297
2008-10-30,3.2399,3.324
2008-10-31,3.2151,3.2208
2008-11-03,3.1711,3.2019
2008-11-04,3.2926,3.3225
2008-11-05,3.2603,3.0923
2008-11-06,3.025,2.9666
2008-11-07,2.9708,2.9409
2008-11-10,2.9986,2.8702
2008-11-11,2.8382,2.837
2008-11-12,2.7669,2.6978
2008-11-13,2.6903,2.887
2008-11-14,2.8067,2.7014
2008-11-17,2.6487,2.6385
2008-11-18,2.6834,2.6915
2008-11-19,2.6774,2.5831
2008-11-20,2.5517,2.4095
2008-11-21,2.4526,2.4721
2008-11-24,2.5508,2.7825
2008-11-25,2.8328,2.7181
2008-11-26,2.6918,2.8439
2008-11-28,2.8349,2.7741
2008-12-01,2.7331,2.6622
2008-12-02,2.6951,2.7681
2008-12-03,2.6762,2.8708
2008-12-04,2.8268,2.7364
2008-12-05,2.7047,2.8139
2008-12-08,2.9121,2.9852
2008-12-09,2.9349,2.9953
2008-12-10,2.9298,2.94
2008-12-11,2.9142,2.8439
2008-12-12,2.778,2.9418
2008-12-15,2.8735,2.8364
2008-12-16,2.8133,2.8567
2008-12-17,2.725,2.669
2008-12-18,2.6735,2.6771
2008-12-19,2.6924,2.6942
2008-12-22,2.6948,2.5667
2008-12-23,2.6005,2.5858
2008-12-24,2.5786,2.5457
2008-12-26,2.5936,2.5688
2008-12-29,2.59,2.5927
2008-12-30,2.617,2.5831
2008-12-31,2.5735,2.555
2009-01-02,2.5709,2.7166
2009-01-05,2.7891,2.8313
2009-01-06,2.8723,2.7846
2009-01-07,2.7484,2.7244
2009-01-08,2.7071,2.775
2009-01-09,2.7903,2.7116
2009-01-12,2.708,2.6541
2009-01-13,2.6415,2.6256
2009-01-14,2.5816,2.5544
2009-01-15,2.4119,2.496
2009-01-16,2.5236,2.4646
2009-01-20,2.4526,2.3409
2009-01-21,2.3766,2.4796
2009-01-22,2.6355,2.6451
2009-01-23,2.599,2.6451
2009-01-26,2.6601,2.6834
2009-01-27,2.6999,2.716
2009-01-28,2.7577,2.8199
2009-01-29,2.7867,2.784
2009-01-30,2.772,2.6981
2009-02-02,2.6672,2.7394
2009-02-03,2.7517,2.7834
2009-02-04,2.7906,2.8005
2009-02-05,2.7771,2.8876
2009-02-06,2.9043,2.9852
2009-02-09,2.9935,3.0687
2009-02-10,3.0334,2.9286
2009-02-11,2.8849,2.8983
2009-02-12,2.8687,2.9717
2009-02-13,2.9633,2.9684
2009-02-17,2.8998,2.8298
2009-02-18,2.8454,2.825
2009-02-19,2.7951,2.7133
2009-02-20,2.6762,2.7301
2009-02-23,2.7436,2.6029
2009-02-24,2.6179,2.7017
2009-02-25,2.69,2.7289
2009-02-26,2.7541,2.6699
2009-02-27,2.6322,2.6735
2009-03-02,2.6379,2.6325
2009-03-03,2.6622,2.6454
2009-03-04,2.6996,2.7292
2009-03-05,2.708,2.6595
2009-03-06,2.6445,2.5535
2009-03-09,2.52,2.4879
2009-03-10,2.5406,2.6532
2009-03-11,2.6885,2.7744
2009-03-12,2.781,2.8843
2009-03-13,2.8828,2.8717
2009-03-16,2.8897,2.8564
2009-03-17,2.8511,2.9834
2009-03-18,2.9908,3.039
2009-03-19,3.0489,3.042
2009-03-20,3.0561,3.0411
2009-03-23,3.0747,3.2228
2009-03-24,3.1839,3.1881
2009-03-25,3.2205,3.1878
2009-03-26,3.2279,3.289
2009-03-27,3.2399,3.1986
2009-03-30,3.1286,3.128
2009-03-31,3.1567,3.1468
2009-04-01,3.116,3.2537
2009-04-02,3.2971,3.374
2009-04-03,3.4183,3.4722
2009-04-06,3.4408,3.5459
2009-04-07,3.4884,3.4426
2009-04-08,3.4554,3.4821
2009-04-09,3.545,3.5794
2009-04-13,3.5925,3.5988
2009-04-14,3.5794,3.5417
2009-04-15,3.5084,3.5216
2009-04-16,3.568,3.6357
2009-04-17,3.6276,3.6946
2009-04-20,3.644,3.6072
2009-04-21,3.559,3.6449
2009-04-22,3.671,3.6375
2009-04-23,3.7904,3.7539
2009-04-24,3.7312,3.709
2009-04-27,3.6791,3.7338
2009-04-28,3.6925,3.709
2009-04-29,3.7374,3.7461
2009-04-30,3.7784,3.7668
2009-05-01,3.7659,3.809
2009-05-04,3.8389,3.9536
2009-05-05,3.944,3.9727
2009-05-06,3.9913,3.9664
2009-05-07,3.9614,3.8635
2009-05-08,3.8629,3.8674
2009-05-11,3.8129,3.8787
2009-05-12,3.8784,3.7246
2009-05-13,3.6883,3.577
2009-05-14,3.5857,3.6806
2009-05-15,3.6617,3.6647
2009-05-18,3.7039,3.7913
2009-05-19,3.7964,3.8153
2009-05-20,3.8207,3.768
2009-05-21,3.7464,3.7174
2009-05-22,3.7135,3.6671
2009-05-26,3.7347,3.915
2009-05-27,3.9449,3.9829
2009-05-28,3.9949,4.0434
2009-05-29,4.053,4.0655
2009-06-01,4.0853,4.1715
2009-06-02,4.1607,4.1757
2009-06-03,4.191,4.2194
2009-06-04,4.1949,4.3029
2009-06-05,4.3499,4.3308
2009-06-08,4.3053,4.3062
2009-06-09,4.305,4.2724
2009-06-10,4.2592,4.1984
2009-06-11,4.1775,4.1895
2009-06-12,4.1553,4.1003
2009-06-15,4.0715,4.0739
2009-06-16,4.091,4.0817
2009-06-17,4.0913,4.0586
2009-06-18,4.0745,4.0676
2009-06-19,4.1332,4.1754
2009-06-22,4.211,4.1122
2009-06-23,4.0832,4.0116
2009-06-24,4.0539,4.0778
2009-06-25,4.0637,4.1868
2009-06-26,4.1847,4.264
2009-06-29,4.2945,4.2499
2009-06-30,4.2682,4.2637
2009-07-01,4.2957,4.2757
2009-07-02,4.2284,4.1916
2009-07-06,4.152,4.1493
2009-07-07,4.1455,4.0533
2009-07-08,4.0688,4.1077
2009-07-09,4.1239,4.082
2009-07-10,4.0814,4.1467
2009-07-13,4.1772,4.261
2009-07-14,4.2517,4.2589
2009-07-15,4.3418,4.3969
2009-07-16,4.3634,4.4161
2009-07-17,4.4628,4.5427
2009-07-20,4.5882,4.5774
2009-07-21,4.5888,4.5355
2009-07-22,4.7235,4.6921
2009-07-23,4.6888,4.7244
2009-07-24,4.6984,4.7894
2009-07-27,4.7948,4.7927
2009-07-28,4.7561,4.7897
2009-07-29,4.7567,4.7906
2009-07-30,4.8406,4.8732
2009-07-31,4.8792,4.8911
2009-08-03,4.9456,4.9822
2009-08-04,4.9373,4.9558
2009-08-05,4.9618,4.9426
2009-08-06,4.9567,4.9067
2009-08-07,4.954,4.9546
2009-08-10,4.9591,4.931
2009-08-11,4.9001,4.8744
2009-08-12,4.866,4.9486
2009-08-13,4.9887,5.0417
2009-08-14,5.0274,4.9926
2009-08-17,4.8959,4.7774
2009-08-18,4.8385,4.9094
2009-08-19,4.872,4.9274
2009-08-20,4.9387,4.9792
2009-08-21,5.0187,5.0657
2009-08-24,5.0926,5.0609
2009-08-25,5.0729,5.0711
2009-08-26,5.0567,5.0115
2009-08-27,5.0516,5.0726
2009-08-28,5.157,5.0905
2009-08-31,5.0339,5.0354
2009-09-01,5.0289,4.9483
2009-09-02,4.928,4.9447
2009-09-03,4.9824,4.9857
2009-09-04,5.0076,5.0983
2009-09-08,5.1782,5.1767
2009-09-09,5.1722,5.1231
2009-09-10,5.1507,5.1657
2009-09-11,5.1761,5.1537
2009-09-14,5.1139,5.2004
2009-09-15,5.21,5.2435
2009-09-16,5.3282,5.4444
2009-09-17,5.4476,5.5246
2009-09-18,5.5629,5.5387
2009-09-21,5.5168,5.5087
2009-09-22,5.5437,5.5225
2009-09-23,5.55,5.553
2009-09-24,5.6039,5.5027
2009-09-25,5.4485,5.4593
2009-09-28,5.5042,5.5725
2009-09-29,5.5898,5.5494
2009-09-30,5.5719,5.5485
2009-10-01,5.5485,5.4141
2009-10-02,5.4306,5.5351
2009-10-05,5.574,5.5686
2009-10-06,5.6201,5.688
2009-10-07,5.6805,5.6952
2009-10-08,5.7075,5.6659
2009-10-09,5.6569,5.7018
2009-10-12,5.7183,5.712
2009-10-13,5.7066,5.6883
2009-10-14,5.7551,5.7263
2009-10-15,5.6767,5.7045
2009-10-16,5.6683,5.6294
2009-10-19,5.6234,5.6835
2009-10-20,6.005,5.95
2009-10-21,5.9727,6.1344
2009-10-22,6.1278,6.1427
2009-10-23,6.1577,6.105
2009-10-26,6.0969,6.0613
2009-10-27,6.0368,5.9084
2009-10-28,5.9185,5.7596
2009-10-29,5.8374,5.8778
2009-10-30,5.8691,5.6428
2009-11-02,5.6817,5.6671
2009-11-03,5.6234,5.6503
2009-11-04,5.7096,5.712
2009-11-05,5.7596,5.8084
2009-11-06,5.7629,5.8177
2009-11-09,5.8955,6.0308
2009-11-10,6.0176,6.0763
2009-11-11,6.1236,6.0844
2009-11-12,6.0811,6.0467
2009-11-13,6.073,6.1203
2009-11-16,6.1511,6.1856
2009-11-17,6.1691,6.1966
2009-11-18,6.1829,6.1655
2009-11-19,6.1251,6.0024
2009-11-20,5.9616,5.9847
2009-11-23,6.0769,6.1631
2009-11-24,6.1466,6.12
2009-11-25,6.1487,6.1125
2009-11-27,5.9637,6.0047
2009-11-30,6.0203,5.9844
2009-12-01,6.0541,5.8964
2009-12-02,5.956,5.8742
2009-12-03,5.9099,5.8817
2009-12-04,5.9781,5.7871
2009-12-07,5.7871,5.6563
2009-12-08,5.6686,5.6838
2009-12-09,5.726,5.9212
2009-12-10,5.9721,5.8802
2009-12-11,5.9206,5.8275
2009-12-14,5.8485,5.8967
2009-12-15,5.8623,5.8126
2009-12-16,5.8404,5.8383
2009-12-17,5.8153,5.7434
2009-12-18,5.7826,5.8503
2009-12-21,5.8688,5.9341
2009-12-22,5.9703,5.9979
2009-12-23,6.023,6.0499
2009-12-24,6.0934,6.2577
2009-12-28,6.3379,6.3346
2009-12-29,6.3652,6.2595
2009-12-30,6.2514,6.3355
2009-12-31,6.3801,6.3083
2010-01-04,6.3891,6.4065
2010-01-05,6.4241,6.4176
2010-01-06,6.4176,6.3155
2010-01-07,6.3388,6.3038
2010-01-08,6.2954,6.3457
2010-01-11,6.3703,6.2897
2010-01-12,6.2622,6.2182
2010-01-13,6.2227,6.3059
2010-01-14,6.2897,6.2694
2010-01-15,6.3143,6.1646
2010-01-19,6.2364,6.4373
2010-01-20,6.4334,6.3382
2010-01-21,6.3487,6.2287
2010-01-22,6.19,5.9197
2010-01-25,6.0622,6.079
2010-01-26,6.1652,6.1649
2010-01-27,6.1921,6.223
2010-01-28,6.1347,5.9658
2010-01-29,6.0194,5.7494
2010-02-01,5.7587,5.8293
2010-02-02,5.8647,5.8632
2010-02-03,5.8425,5.964
2010-02-04,5.8892,5.7491
2010-02-05,5.7665,5.8512
2010-02-08,5.8581,5.8111
2010-02-09,5.8799,5.873
2010-02-10,5.8641,5.841
2010-02-11,5.8338,5.9473
2010-02-12,5.9305,5.9985
2010-02-16,6.0452,6.0889
2010-02-17,6.1125,6.0634
2010-02-18,6.0359,6.0748
2010-02-19,6.0428,6.0371
2010-02-22,6.0571,5.9997
2010-02-23,5.9871,5.8991
2010-02-24,5.9341,6.0068
2010-02-25,5.9087,6.047
2010-02-26,6.0583,6.1254
2010-03-01,6.1592,6.2562
2010-03-02,6.2843,6.252
2010-03-03,6.2547,6.2664
2010-03-04,6.2649,6.3077
2010-03-05,6.4343,6.5544
2010-03-08,6.5861,6.5583
2010-03-09,6.5352,6.6762
2010-03-10,6.7004,6.7307
2010-03-11,6.7028,6.7504
2010-03-12,6.8064,6.7834
2010-03-15,6.7468,6.7007
2010-03-16,6.7109,6.719
2010-03-17,6.7325,6.7091
2010-03-18,6.7085,6.725
2010-03-19,6.7292,6.6531
2010-03-22,6.5999,6.728
2010-03-23,6.7546,6.8361
2010-03-24,6.8145,6.8663
2010-03-25,6.9127,6.7849
2010-03-26,6.8537,6.9121
2010-03-29,6.975,6.9567
2010-03-30,7.0827,7.0603
2010-03-31,7.0495,7.0348
2010-04-01,7.107,7.0639
2010-04-05,7.0342,7.1393
2010-04-06,7.1306,7.1707
2010-04-07,7.171,7.2025
2010-04-08,7.1977,7.183
2010-04-09,7.2273,7.2381
2010-04-12,7.2504,7.2531
2010-04-13,7.2402,7.2572
2010-04-14,7.3426,7.3548
2010-04-15,7.3575,7.4515
2010-04-16,7.4411,7.406
2010-04-19,7.3949,7.3961
2010-04-20,7.4401,7.3219
2010-04-21,7.7473,7.7599
2010-04-22,7.7305,7.9769
2010-04-23,8.0224,8.1074
2010-04-26,8.1388,8.0676
2010-04-27,8.0008,7.8443
2010-04-28,7.8805,7.8311
2010-04-29,7.8736,8.0419
2010-04-30,8.0619,7.8158
2010-05-03,7.8982,7.9733
2010-05-04,7.8697,7.7437
2010-05-05,7.5746,7.6632
2010-05-06,7.5985,7.3716
2010-05-07,7.2956,7.0606
2010-05-10,7.4913,7.6033
2010-05-11,7.5389,7.679
2010-05-12,7.7605,7.8458
2010-05-13,7.8796,7.7341
2010-05-14,7.6383,7.5982
2010-05-17,7.6246,7.6102
2010-05-18,7.6928,7.5545
2010-05-19,7.4689,7.4342
2010-05-20,7.2408,7.1174
2010-05-21,6.9696,7.254
2010-05-24,7.4024,7.3869
2010-05-25,7.165,7.3408
2010-05-26,7.4862,7.3075
2010-05-27,7.5018,7.5841
2010-05-28,7.765,7.6898
2010-06-01,7.7739,7.8081
2010-06-02,7.9191,7.9015
2010-06-03,7.9383,7.8766
2010-06-04,7.7296,7.6623
2010-06-07,7.732,7.512
2010-06-08,7.5808,7.4638
2010-06-09,7.5279,7.2803
2010-06-10,7.3294,7.4991
2010-06-11,7.4309,7.5889
2010-06-14,7.6623,7.612
2010-06-15,7.6527,7.7739
2010-06-16,7.8161,8.0002
2010-06-17,8.1005,8.1385
2010-06-18,8.1499,8.2044
2010-06-21,8.3128,8.0877
2010-06-22,8.1472,8.1978
2010-06-23,8.2197,8.1116
2010-06-24,8.1125,8.0526
2010-06-25,8.0844,7.9838
2010-06-28,7.9907,8.0317
2010-06-29,7.9065,7.6686
2010-06-30,7.6847,7.5297
2010-07-01,7.6126,7.4384
2010-07-02,7.4985,7.3923
2010-07-06,7.5138,7.4428
2010-07-07,7.4985,7.7434
2010-07-08,7.8575,7.726
2010-07-09,7.6901,7.7718
2010-07-12,7.7392,7.7021
2010-07-13,7.673,7.5377
2010-07-14,7.4653,7.5656
2010-07-15,7.4309,7.5273
2010-07-16,7.579,7.4809
2010-07-19,7.4803,7.3515
2010-07-20,7.2713,7.5404
2010-07-21,7.9356,7.6108
2010-07-22,7.7138,7.7539
2010-07-23,7.6961,7.7814
2010-07-26,7.7832,7.7617
2010-07-27,7.8093,7.9053
2010-07-28,7.8931,7.8119
2010-07-29,7.8045,7.7266
2010-07-30,7.6602,7.7009
2010-08-02,7.7964,7.8386
2010-08-03,7.8135,7.841
2010-08-04,7.8682,7.8724
2010-08-05,7.835,7.8341
2010-08-06,7.7766,7.7859
2010-08-09,7.8275,7.8356
2010-08-10,7.7787,7.7656
2010-08-11,7.6455,7.4895
2010-08-12,7.3848,7.5374
2010-08-13,7.5332,7.4569
2010-08-16,7.4114,7.4132
2010-08-17,7.4863,7.5428
2010-08-18,7.5545,7.5758
2010-08-19,7.5689,7.4803
2010-08-20,7.4656,7.4731
2010-08-23,7.5374,7.3581
2010-08-24,7.2644,7.1824
2010-08-25,7.1258,7.271
2010-08-26,7.3477,7.1929
2010-08-27,7.2369,7.233
2010-08-30,7.2073,7.2593
2010-08-31,7.2399,7.2773
2010-09-01,7.4081,7.4937
2010-09-02,7.5216,7.5488
2010-09-03,7.6362,7.7464
2010-09-07,7.6826,7.7177
2010-09-08,7.7766,7.8706
2010-09-09,7.9341,7.8751
2010-09-10,7.8787,7.8853
2010-09-13,7.9574,7.994
2010-09-14,7.9691,8.0245
2010-09-15,8.0278,8.0891
2010-09-16,8.0898,8.2792
2010-09-17,8.3128,8.2433
2010-09-20,8.2646,8.4786
2010-09-21,8.4975,8.4948
2010-09-22,8.463,8.6139
2010-09-23,8.5714,8.6489
2010-09-24,8.7441,8.7507
2010-09-27,8.8004,8.716
2010-09-28,8.7343,8.5873
2010-09-29,8.5984,8.6025
2010-09-30,8.6513,8.4942
2010-10-01,8.566,8.4574
2010-10-04,8.4298,8.3412
2010-10-05,8.4418,8.6495
2010-10-06,8.669,8.657
2010-10-07,8.6915,8.6579
2010-10-08,8.7325,8.8031
2010-10-11,8.8232,8.8417
2010-10-12,8.8432,8.9369
2010-10-13,8.9866,8.9848
2010-10-14,9.0312,9.0498
2010-10-15,9.2033,9.4219
2010-10-18,9.5335,9.5195
2010-10-19,9.0824,9.2647
2010-10-20,9.25,9.2958
2010-10-21,9.3506,9.2656
2010-10-22,9.2521,9.2042
2010-10-25,9.2527,9.2453
2010-10-26,9.1863,9.2216
2010-10-27,9.2096,9.215
2010-10-28,9.2186,9.1375
2010-10-29,9.1073,9.01
2010-11-01,9.0471,9.1058
2010-11-02,9.1902,9.2608
2010-11-03,9.321,9.3638
2010-11-04,9.4431,9.5275
2010-11-05,9.5192,9.4934
2010-11-08,9.4955,9.538
2010-11-09,9.6108,9.462
2010-11-10,9.4788,9.5204
2010-11-11,9.4297,9.4791
2010-11-12,9.4596,9.221
2010-11-15,9.2339,9.1914
2010-11-16,9.1519,9.0282
2010-11-17,9.0165,8.9956
2010-11-18,9.1363,9.233
2010-11-19,9.2192,9.1821
2010-11-22,9.1806,9.3806
2010-11-23,9.2935,9.242
2010-11-24,9.3399,9.4237
2010-11-26,9.3919,9.4297
2010-11-29,9.4446,9.4856
2010-11-30,9.386,9.3144
2010-12-01,9.4377,9.4716
2010-12-02,9.5054,9.524
2010-12-03,9.4898,9.5027
2010-12-06,9.5386,9.5838
2010-12-07,9.6931,9.5258
2010-12-08,9.5683,9.6096
2010-12-09,9.6431,9.5722
2010-12-10,9.5689,9.5961
2010-12-13,9.7102,9.6293
2010-12-14,9.6311,9.588
2010-12-15,9.5793,9.5901
2010-12-16,9.612,9.6168
2010-12-17,9.6281,9.5976
2010-12-20,9.6272,9.6455
2010-12-21,9.6691,9.7051
2010-12-22,9.7099,9.7338
2010-12-23,9.729,9.6871
2010-12-27,9.6647,9.7194
2010-12-28,9.7563,9.7431
2010-12-29,9.7655,9.7377
2010-12-30,9.7434,9.6889
2010-12-31,9.6676,9.656
2011-01-03,9.7482,9.8658
2011-01-04,9.9517,9.9173
2011-01-05,9.8652,9.9984
2011-01-06,10.02,9.9904
2011-01-07,9.9981,10.0619
2011-01-10,10.143,10.2514
2011-01-11,10.3241,10.2271
2011-01-12,10.2753,10.3104
2011-01-13,10.3325,10.3481
2011-01-14,10.3544,10.4319
2011-01-18,9.8643,10.1975
2011-01-19,10.428,10.1433
2011-01-20,10.0712,9.9589
2011-01-21,9.9915,9.7805
2011-01-24,9.785,10.1017
2011-01-25,10.0682,10.22
2011-01-26,10.2667,10.2933
2011-01-27,10.2912,10.2741
2011-01-28,10.3029,10.0613
2011-01-31,10.0523,10.1577
2011-02-01,10.217,10.3286
2011-02-02,10.3113,10.3074
2011-02-03,10.2918,10.281
2011-02-04,10.287,10.3726
2011-02-07,10.4142,10.5337
2011-02-08,10.5876,10.6331
2011-02-09,10.6328,10.7217
2011-02-10,10.6986,10.6133
2011-02-11,10.6196,10.6825
2011-02-14,10.6807,10.7522
2011-02-15,10.7525,10.7738
2011-02-16,10.8007,10.8705
2011-02-17,10.6944,10.7259
2011-02-18,10.7381,10.4942
2011-02-22,10.2424,10.1364
2011-02-23,10.1412,10.2565
2011-02-24,10.2984,10.2643
2011-02-25,10.3355,10.4223
2011-02-28,10.5145,10.5735
2011-03-01,10.6411,10.4567
2011-03-02,10.4762,10.5409
2011-03-03,10.6926,10.7636
2011-03-04,10.7788,10.7768
2011-03-07,10.8187,10.6379
2011-03-08,10.6244,10.6498
2011-03-09,10.6178,10.5513
2011-03-10,10.4511,10.3777
2011-03-11,10.3376,10.537
2011-03-14,10.5726,10.584
2011-03-15,10.2409,10.3406
2011-03-16,10.2379,9.879
2011-03-17,10.0832,10.0176
2011-03-18,10.0921,9.8988
2011-03-21,10.058,10.1571
2011-03-22,10.2547,10.214
2011-03-23,10.1565,10.1538
2011-03-24,10.2334,10.3268
2011-03-25,10.4196,10.5235
2011-03-28,10.5717,10.4906
2011-03-29,10.4073,10.5061
2011-03-30,10.4966,10.4364
2011-03-31,10.3684,10.4328
2011-04-01,10.5106,10.3146
2011-04-04,10.3071,10.2137
2011-04-05,10.0879,10.1448
2011-04-06,10.2146,10.1194
2011-04-07,10.1212,10.1206
2011-04-08,10.1756,10.0302
2011-04-11,10.0002,9.9026
2011-04-12,9.8934,9.9505
2011-04-13,10.029,10.0622
2011-04-14,10.0224,9.9511
2011-04-15,9.9775,9.8027
2011-04-18,9.7619,9.9341
2011-04-19,9.9715,10.114
2011-04-20,10.2831,10.2502
2011-04-21,10.6271,10.4984
2011-04-25,10.4876,10.5675
2011-04-26,10.5858,10.49
2011-04-27,10.5445,10.4819
2011-04-28,10.3633,10.3801
2011-04-29,10.381,10.4813
2011-05-02,10.4696,10.366
2011-05-03,10.4172,10.4235
2011-05-04,10.4253,10.4645
2011-05-05,10.4295,10.3801
2011-05-06,10.4681,10.3774
2011-05-09,10.4133,10.4056
2011-05-10,10.4442,10.4609
2011-05-11,10.4481,10.3945
2011-05-12,10.3612,10.3747
2011-05-13,10.3475,10.193
2011-05-16,10.1541,9.9775
2011-05-17,9.9386,10.0625
2011-05-18,10.0724,10.1742
2011-05-19,10.2403,10.1939
2011-05-20,10.1649,10.035
2011-05-23,9.8778,10.0104
2011-05-24,10.0433,9.9442
2011-05-25,9.9814,10.0817
2011-05-26,10.0574,10.0284
2011-05-27,10.0224,10.1005
2011-05-31,10.211,10.4124
2011-06-01,10.4436,10.343
2011-06-02,10.3726,10.3607
2011-06-03,10.2732,10.281
2011-06-06,10.3487,10.1194
2011-06-07,10.1233,9.9398
2011-06-08,9.932,9.9457
2011-06-09,9.976,9.9233
2011-06-10,9.8952,9.756
2011-06-13,9.7949,9.7769
2011-06-14,9.8787,9.9517
2011-06-15,9.8712,9.7814
2011-06-16,9.7859,9.7338
2011-06-17,9.8485,9.5871
2011-06-20,9.5003,9.4392
2011-06-21,9.48,9.738
2011-06-22,9.7338,9.6575
2011-06-23,9.5476,9.9155
2011-06-24,9.9197,9.7694
2011-06-27,9.8065,9.9398
2011-06-28,9.988,10.0362
2011-06-29,10.0595,9.9996
2011-06-30,10.0194,10.0484
2011-07-01,10.0568,10.2756
2011-07-05,10.2679,10.4603
2011-07-06,10.446,10.5301
2011-07-07,10.6172,10.6929
2011-07-08,10.5774,10.7681
2011-07-11,10.6672,10.5971
2011-07-12,10.5831,10.5897
2011-07-13,10.7268,10.7175
2011-07-14,10.807,10.71
2011-07-15,10.8118,10.924
2011-07-18,10.9393,11.1899
2011-07-19,11.3156,11.2812
2011-07-20,11.858,11.582
2011-07-21,11.5835,11.5937
2011-07-22,11.6245,11.7736
2011-07-25,11.6853,11.9293
2011-07-26,11.9742,12.0763
2011-07-27,11.9918,11.7523
2011-07-28,11.7233,11.7293
2011-07-29,11.6042,11.6892
2011-08-01,11.9077,11.8769
2011-08-02,11.9038,11.6422
2011-08-03,11.7042,11.7517
2011-08-04,11.6572,11.2967
2011-08-05,11.3886,11.1845
2011-08-08,10.8273,10.5735
2011-08-09,10.8157,11.1961
2011-08-10,11.1105,10.8872
2011-08-11,11.0917,11.1869
2011-08-12,11.3177,11.2854
2011-08-15,11.3644,11.4775
2011-08-16,11.421,11.3898
2011-08-17,11.4446,11.3886
2011-08-18,11.1013,10.9579
2011-08-19,10.8417,10.6579
2011-08-22,10.9118,10.6702
2011-08-23,10.7857,11.1839
2011-08-24,11.18,11.2611
2011-08-25,10.9288,11.1875
2011-08-26,11.1111,11.4826
2011-08-29,11.6203,11.6739
2011-08-30,11.6224,11.6745
2011-08-31,11.6919,11.5201
2011-09-01,11.5497,11.4063
2011-09-02,11.218,11.1974
2011-09-06,10.9974,11.3677
2011-09-07,11.5419,11.4931
2011-09-08,11.4473,11.4994
2011-09-09,11.4931,11.3
2011-09-12,11.1659,11.3737
2011-09-13,11.4395,11.5138
2011-09-14,11.5856,11.6539
2011-09-15,11.7176,11.7634
2011-09-16,11.8407,11.9891
2011-09-19,11.8844,12.3223
2011-09-20,12.4307,12.3768
2011-09-21,12.5621,12.3376
2011-09-22,12.005,12.0287
2011-09-23,11.9826,12.1029
2011-09-26,11.97,12.0691
2011-09-27,12.2355,11.952
2011-09-28,11.9799,11.8847
2011-09-29,12.0316,11.6919
2011-09-30,11.5886,11.415
2011-10-03,11.3865,11.2138
2011-10-04,11.2129,11.1509
2011-10-05,11.012,11.3231
2011-10-06,11.1758,11.2967
2011-10-07,11.2491,11.0701
2011-10-10,11.3482,11.6392
2011-10-11,11.7518,11.9829
2011-10-12,12.1939,12.0397
2011-10-13,12.1232,12.2265
2011-10-14,12.478,12.6327
2011-10-17,12.625,12.5726
2011-10-18,12.6256,12.6399
2011-10-19,12.0146,11.9329
2011-10-20,11.9742,11.8338
2011-10-21,11.9173,11.7607
2011-10-24,11.8598,12.1469
2011-10-25,12.1247,11.9074
2011-10-26,12.0269,11.9921
2011-10-27,12.2005,12.1146
2011-10-28,12.064,12.1224
2011-10-31,12.0466,12.1173
2011-11-01,11.8966,11.8697
2011-11-02,11.9769,11.8966
2011-11-03,11.9463,12.0661
2011-11-04,12.0349,11.9814
2011-11-07,11.9715,11.9661
2011-11-08,12.0403,12.1607
2011-11-09,11.8835,11.8329
2011-11-10,11.8853,11.5317
2011-11-11,11.5733,11.5138
2011-11-14,11.4808,11.3533
2011-11-15,11.3994,11.6398
2011-11-16,11.6524,11.5183
2011-11-17,11.4946,11.2979
2011-11-18,11.3431,11.224
2011-11-21,11.0881,11.0465
2011-11-22,11.1066,11.271
2011-11-23,11.2111,10.986
2011-11-25,11.0288,10.8836
2011-11-28,11.1465,11.2593
2011-11-29,11.2509,11.1719
2011-11-30,11.4141,11.4413
2011-12-01,11.4515,11.6128
2011-12-02,11.6697,11.6658
2011-12-05,11.7793,11.7649
2011-12-06,11.75,11.7033
2011-12-07,11.6727,11.6476
2011-12-08,11.7182,11.6946
2011-12-09,11.7601,11.7832
2011-12-12,11.7251,11.7299
2011-12-13,11.7646,11.6392
2011-12-14,11.576,11.3812
2011-12-15,11.4751,11.3437
2011-12-16,11.3862,11.406
2011-12-19,11.4494,11.4416
2011-12-20,11.6078,11.8529
2011-12-21,11.8751,11.8679
2011-12-22,11.8844,11.9308
2011-12-23,11.9649,12.0739
2011-12-27,12.067,12.1696
2011-12-28,12.1804,12.0532
2011-12-29,12.0759,12.1274
2011-12-30,12.0792,12.1238
2012-01-03,12.2556,12.3103
2012-01-04,12.2735,12.3765
2012-01-05,12.4217,12.5139
2012-01-06,12.566,12.6447
2012-01-09,12.7375,12.6247
2012-01-10,12.7498,12.6699
2012-01-11,12.6531,12.6492
2012-01-12,12.6411,12.6145
2012-01-13,12.5639,12.5672
2012-01-17,12.6986,12.7136
2012-01-18,12.7812,12.8456
2012-01-19,12.8767,12.8049
2012-01-20,12.7971,12.5819
2012-01-23,12.6528,12.7947
2012-01-24,12.7256,12.5852
2012-01-25,13.6039,13.371
2012-01-26,13.4219,13.3102
2012-01-27,13.3015,13.3895
2012-01-30,13.3425,13.561
2012-01-31,13.6383,13.6649
2012-02-01,13.7227,13.6562
2012-02-02,13.6476,13.6242
2012-02-03,13.6895,13.7607
2012-02-06,13.7218,13.8891
2012-02-07,13.9275,14.0346
2012-02-08,14.0846,14.2696
2012-02-09,14.3918,14.7633
2012-02-10,14.6971,14.7707
2012-02-13,14.9536,15.0455
2012-02-14,15.1072,15.2509
2012-02-15,15.3946,14.898
2012-02-16,14.7133,15.0339
2012-02-17,15.0608,15.0312
2012-02-21,15.1737,15.4122
2012-02-22,15.3593,15.3581
2012-02-23,15.4191,15.4584
2012-02-24,15.5565,15.6386
2012-02-27,15.6056,15.7389
2012-02-28,15.8047,16.0277
2012-02-29,16.2118,16.2382
2012-03-01,16.4097,16.2989
2012-03-02,16.2921,16.3202
2012-03-05,16.3274,15.9604
2012-03-06,15.676,15.8736
2012-03-07,16.0693,15.8864
2012-03-08,16.0062,16.2247
2012-03-09,16.2912,16.3199
2012-03-12,16.434,16.5244
2012-03-13,16.6902,17.0063
2012-03-14,17.3042,17.6493
2012-03-15,17.9496,17.529
2012-03-16,17.5038,17.5293
2012-03-19,17.9125,17.9942
2012-03-20,17.9466,18.1397
2012-03-21,18.0433,18.0361
2012-03-22,17.8948,17.9415
2012-03-23,17.9759,17.843
2012-03-26,17.955,18.1702
2012-03-27,18.1463,18.3947
2012-03-28,18.5115,18.4887
2012-03-29,18.3438,18.2564
2012-03-30,18.2238,17.9478
2012-04-02,18.016,18.519
2012-04-03,18.7785,18.839
2012-04-04,18.6902,18.689
2012-04-05,18.7689,18.9695
2012-04-09,18.7435,19.0458
2012-04-10,19.1566,18.8126
2012-04-11,19.0449,18.7456
2012-04-12,18.7096,18.6429
2012-04-13,18.683,18.1178
2012-04-16,18.2624,17.3664
2012-04-17,17.3308,18.2516
2012-04-18,18.372,18.2109
2012-04-19,17.9678,17.5853
2012-04-20,17.7032,17.1524
2012-04-23,17.0815,17.1141
2012-04-24,16.842,16.7722
2012-04-25,18.4294,18.2606
2012-04-26,18.3884,18.1918
2012-04-27,18.113,18.0511
2012-04-30,17.8954,17.4817
2012-05-01,17.5092,17.4263
2012-05-02,17.3697,17.5416
2012-05-03,17.6769,17.417
2012-05-04,17.2751,16.921
2012-05-07,16.8087,17.0476
2012-05-08,17.0506,17.0087
2012-05-09,16.8746,17.0386
2012-05-10,17.2003,17.0788
2012-05-11,16.9135,16.9647
2012-05-14,16.8408,16.7105
2012-05-15,16.8072,16.5594
2012-05-16,16.5857,16.3471
2012-05-17,16.3241,15.8694
2012-05-18,15.9843,15.8771
2012-05-21,16.0005,16.8022
2012-05-22,17.0497,16.6731
2012-05-23,16.689,17.08
2012-05-24,17.2389,16.9231
2012-05-25,16.9012,16.8324
2012-05-29,17.0901,17.1311
2012-05-30,17.0392,17.3377
2012-05-31,17.3847,17.2946
2012-06-01,17.038,16.7935
2012-06-04,16.8087,16.8923
2012-06-05,16.8019,16.8486
2012-06-06,16.9964,17.1069
2012-06-07,17.2814,17.1147
2012-06-08,17.1111,17.3721
2012-06-11,17.5936,17.0982
2012-06-12,17.1967,17.2476
2012-06-13,17.1985,17.1278
2012-06-14,17.1003,17.109
2012-06-15,17.0931,17.1868
2012-06-18,17.0919,17.5356
2012-06-19,17.4643,17.5844
2012-06-20,17.6083,17.5344
2012-06-21,17.5254,17.2928
2012-06-22,17.3338,17.4254
2012-06-25,17.2817,17.0862
2012-06-26,17.103,17.124
2012-06-27,17.2129,17.1979
2012-06-28,17.1132,17.0348
2012-06-29,17.3027,17.4823
2012-07-02,17.5041,17.7373
2012-07-03,17.808,17.9436
2012-07-05,17.978,18.2588
2012-07-06,18.1735,18.1373
2012-07-09,18.1199,18.3771
2012-07-10,18.4992,18.207
2012-07-11,18.1445,18.0939
2012-07-12,17.9684,17.9283
2012-07-13,18.0496,18.11
2012-07-16,18.1145,18.1681
2012-07-17,18.2843,18.169
2012-07-18,18.1585,18.1487
2012-07-19,18.2989,18.3899
2012-07-20,18.3513,18.09
2012-07-23,17.7936,18.0759
2012-07-24,18.1822,17.9888
2012-07-25,17.1967,17.212
2012-07-26,17.3554,17.2093
2012-07-27,17.2132,17.517
2012-07-30,17.6894,17.8125
2012-07-31,18.0579,18.2834
2012-08-01,18.4375,18.1651
2012-08-02,18.0463,18.1944
2012-08-03,18.3693,18.4312
2012-08-06,18.4788,18.6363
2012-08-07,18.6429,18.5872
2012-08-08,18.5417,18.5558
2012-08-09,18.575,18.6616
2012-08-10,18.6009,18.6908
2012-08-13,18.7416,18.9403
2012-08-14,18.9965,18.9911
2012-08-15,18.9794,18.9653
2012-08-16,18.9767,19.1309
2012-08-17,19.2409,19.4847
2012-08-20,19.5419,19.997
2012-08-21,20.1675,19.7238
2012-08-22,19.6745,20.1089
2012-08-23,20.0259,19.9213
2012-08-24,19.8275,19.939
2012-08-27,20.4432,20.3136
2012-08-28,20.2926,20.2872
2012-08-29,20.3007,20.2472
2012-08-30,20.1621,19.9586
2012-08-31,20.0602,19.9997
2012-09-04,20.0154,20.2923
2012-09-05,20.3103,20.1498
2012-09-06,20.2381,20.3313
2012-09-07,20.3849,20.4567
2012-09-10,20.457,19.9246
2012-09-11,19.9958,19.8599
2012-09-12,20.0482,20.1365
2012-09-13,20.3644,20.5331
2012-09-14,20.7429,20.7826
2012-09-17,21.0252,21.0381
2012-09-18,21.0412,21.1022
2012-09-19,21.0526,21.1079
2012-09-20,21.0195,21.0057
2012-09-21,21.1172,21.0475
2012-09-24,20.6497,20.7679
2012-09-25,20.6918,20.2493
2012-09-26,20.105,19.9979
2012-09-27,19.9712,20.4832
2012-09-28,20.4059,20.0557
2012-10-01,20.1777,19.8239
2012-10-02,19.8966,19.8816
2012-10-03,19.9883,20.1864
2012-10-04,20.1804,20.0466
2012-10-05,19.9985,19.6194
2012-10-08,19.4478,19.1859
2012-10-09,19.2003,19.1162
2012-10-10,19.2331,19.2683
2012-10-11,19.4364,18.8832
2012-10-12,18.9271,18.9316
2012-10-15,19.0109,19.0834
2012-10-16,19.1017,19.5353
2012-10-17,19.5076,19.3795
2012-10-18,19.2286,19.0197
2012-10-19,18.9719,18.3342
2012-10-22,18.4118,19.0615
2012-10-23,18.9704,18.44
2012-10-24,18.6829,18.5443
2012-10-25,18.6396,18.3252
2012-10-26,18.3219,18.1586
2012-10-31,17.8844,17.8977
2012-11-01,17.9849,17.9344
2012-11-02,17.9148,17.3409
2012-11-05,17.5429,17.576
2012-11-06,17.7446,17.5228
2012-11-07,17.3307,16.8523
2012-11-08,16.9317,16.2407
2012-11-09,16.3214,16.5219
2012-11-12,16.736,16.3942
2012-11-13,16.2758,16.3963
2012-11-14,16.4748,16.2145
2012-11-15,16.2341,15.8744
2012-11-16,15.8617,15.9366
2012-11-19,16.3301,17.0858
2012-11-20,17.2724,16.9402
2012-11-21,17.0411,16.9641
2012-11-23,17.1293,17.26
2012-11-26,17.3929,17.8045
2012-11-27,17.8052,17.6611
2012-11-28,17.4343,17.6055
2012-11-29,17.8254,17.7994
2012-11-30,17.7218,17.6762
2012-12-03,17.929,17.7037
2012-12-04,17.5711,17.3914
2012-12-05,17.1818,16.2721
2012-12-06,15.9747,16.5273
2012-12-07,16.7134,16.1048
2012-12-10,15.8557,16.0012
2012-12-11,16.3017,16.3507
2012-12-12,16.5433,16.2785
2012-12-13,16.0414,15.9973
2012-12-14,15.5461,15.3963
2012-12-17,15.3703,15.6693
2012-12-18,15.8557,16.1245
2012-12-19,16.0511,15.8952
2012-12-20,16.0067,15.7569
2012-12-21,15.4772,15.6844
2012-12-24,15.7152,15.7098
2012-12-26,15.6745,15.4933
2012-12-27,15.5096,15.5555
2012-12-28,15.4114,15.3903
2012-12-31,15.4187,16.0722
2013-01-02,16.7261,16.5814
2013-01-03,16.5467,16.3721
2013-01-04,16.2172,15.9161
2013-01-07,15.7651,15.8224
2013-01-08,15.9828,15.865
2013-01-09,15.7802,15.6171
2013-01-10,15.9629,15.8107
2013-01-11,15.7349,15.7137
2013-01-14,15.1816,15.1535
2013-01-15,15.0493,14.6754
2013-01-16,14.9388,15.2846
2013-01-17,15.412,15.1816
2013-01-18,15.0559,15.1006
2013-01-22,15.2384,15.2447
2013-01-23,15.3667,15.5237
2013-01-24,13.8926,13.6057
2013-01-25,13.6416,13.2849
2013-01-28,13.223,13.5854
2013-01-29,13.8473,13.8403
2013-01-30,13.802,13.7968
2013-01-31,13.8014,13.7564
2013-02-01,13.8657,13.6999
2013-02-04,13.7087,13.3586
2013-02-05,13.4109,13.8273
2013-02-06,13.786,13.8125
2013-02-07,14.0723,14.2232
2013-02-08,14.3988,14.4286
2013-02-11,14.4748,14.579
2013-02-12,14.5662,14.2135
2013-02-13,14.1926,14.1865
2013-02-14,14.1109,14.1737
2013-02-15,14.2424,13.9784
2013-02-19,14.007,13.9732
2013-02-20,13.9034,13.6348
2013-02-21,13.5483,13.5501
2013-02-22,13.647,13.6944
2013-02-25,13.7867,13.4511
2013-02-26,13.482,13.6385
2013-02-27,13.6221,13.5048
2013-02-28,13.489,13.4085
2013-03-01,13.3053,13.0765
2013-03-04,12.9954,12.76
2013-03-05,12.8034,13.0969
2013-03-06,13.1992,12.9304
2013-03-07,12.8952,13.0799
2013-03-08,13.0562,13.1145
2013-03-11,13.0546,13.3013
2013-03-12,13.2323,13.0145
2013-03-13,13.0151,13.0121
2013-03-14,13.1482,13.1382
2013-03-15,13.3031,13.4772
2013-03-18,13.4101,13.8435
2013-03-19,13.9584,13.8062
2013-03-20,13.8952,13.733
2013-03-21,13.6765,13.7527
2013-03-22,13.8089,14.0316
2013-03-25,14.116,14.0823
2013-03-26,14.1388,14.0082
2013-03-27,13.866,13.733
2013-03-28,13.6643,13.4468
2013-04-01,13.4237,13.0291
2013-04-02,12.9893,13.0559
2013-04-03,13.1038,13.1227
2013-04-04,13.1765,12.993
2013-04-05,12.8952,12.8557
2013-04-08,12.9058,12.9471
2013-04-09,12.9517,12.9705
2013-04-10,13.0045,13.2351
2013-04-11,13.1752,13.1938
2013-04-12,13.1883,13.0562
2013-04-15,12.9711,12.7539
2013-04-16,12.8062,12.948
2013-04-17,12.7667,12.236
2013-04-18,12.3025,11.9094
2013-04-19,11.7855,11.8632
2013-04-22,11.9273,12.1105
2013-04-23,12.2721,12.3371
2013-04-24,11.9547,12.3168
2013-04-25,12.4921,12.4055
2013-04-26,12.4489,12.6734
2013-04-29,12.7721,13.0659
2013-04-30,13.2172,13.4505
2013-05-01,13.5015,13.3444
2013-05-02,13.4201,13.5337
2013-05-03,13.7096,13.6692
2013-05-06,13.8432,13.9951
2013-05-07,14.1245,13.9328
2013-05-08,13.9444,14.0902
2013-05-09,14.0602,13.9673
2013-05-10,14.004,13.8511
2013-05-13,13.8064,13.9052
2013-05-14,13.878,13.5725
2013-05-15,13.4288,13.1135
2013-05-16,12.942,13.2887
2013-05-17,13.4254,13.2484
2013-05-20,13.2071,13.5441
2013-05-21,13.3979,13.4441
2013-05-22,13.5783,13.4958
2013-05-23,13.3306,13.5199
2013-05-24,13.4805,13.612
2013-05-28,13.7572,13.4985
2013-05-29,13.4545,13.6058
2013-05-30,13.6272,13.8086
2013-05-31,13.8367,13.752
2013-06-03,13.7826,13.7823
2013-06-04,13.8587,13.7392
2013-06-05,13.6272,13.6107
2013-06-06,13.6217,13.4074
2013-06-07,13.3474,13.5098
2013-06-10,13.5991,13.4205
2013-06-11,13.3242,13.3811
2013-06-12,13.4392,13.2157
2013-06-13,13.2251,13.3309
2013-06-14,13.3138,13.1502
2013-06-17,13.1927,13.2099
2013-06-18,13.1964,13.2028
2013-06-19,13.1915,12.9346
2013-06-20,12.8215,12.7463
2013-06-21,12.7967,12.6441
2013-06-24,12.4576,12.309
2013-06-25,12.4056,12.3118
2013-06-26,12.3506,12.1723
2013-06-27,12.2084,12.0411
2013-06-28,11.9671,12.1252
2013-07-01,12.3136,12.5133
2013-07-02,12.5359,12.7967
2013-07-03,12.8692,12.8674
2013-07-05,12.8548,12.764
2013-07-08,12.8463,12.6915
2013-07-09,12.6472,12.9148
2013-07-10,12.8307,12.8652
2013-07-11,12.9331,13.0658
2013-07-12,13.0768,13.042
2013-07-15,12.9961,13.0704
2013-07-16,13.0423,13.1548
2013-07-17,13.1395,13.1582
2013-07-18,13.2521,13.2025
2013-07-19,13.2435,12.9943
2013-07-22,13.1322,13.0359
2013-07-23,13.0264,12.812
2013-07-24,13.4218,13.4701
2013-07-25,13.4759,13.4086
2013-07-26,13.3108,13.4847
2013-07-29,13.4789,13.6927
2013-07-30,13.759,13.8618
2013-07-31,13.9128,13.8376
2013-08-01,13.9361,13.9645
2013-08-02,14.0052,14.1437
2013-08-05,14.2095,14.355
2013-08-06,14.3113,14.2266
2013-08-07,14.1822,14.2183
2013-08-08,14.2777,14.19
2013-08-09,14.1171,13.9881
2013-08-12,14.0623,14.3855
2013-08-13,14.4957,15.0691
2013-08-14,15.3249,15.344
2013-08-15,15.2799,15.3258
2013-08-16,15.3947,15.4618
2013-08-19,15.5237,15.6284
2013-08-20,15.689,15.4231
2013-08-21,15.5006,15.4628
2013-08-22,15.5434,15.4812
2013-08-23,15.4908,15.4215
2013-08-26,15.4132,15.4816
2013-08-27,15.3286,15.0389
2013-08-28,14.9592,15.11
2013-08-29,15.1331,15.1347
2013-08-30,15.1439,14.9968
2013-09-03,15.1777,15.0386
2013-09-04,15.3766,15.3498
2013-09-05,15.3978,15.2445
2013-09-06,15.3421,15.3353
2013-09-09,15.544,15.58
2013-09-10,15.581,15.2251
2013-09-11,14.3747,14.3962
2013-09-12,14.4205,14.5495
2013-09-13,14.4464,14.3097
2013-09-16,14.1897,13.8548
2013-09-17,13.7883,14.0149
2013-09-18,14.2568,14.303
2013-09-19,14.4883,14.5375
2013-09-20,14.713,14.387
2013-09-23,15.2701,15.102
2013-09-24,15.2325,15.0546
2013-09-25,15.0577,14.8216
2013-09-26,14.9592,14.966
2013-09-27,14.8909,14.8592
2013-09-30,14.6899,14.6745
2013-10-01,14.7268,15.0195
2013-10-02,14.9478,15.0688
2013-10-03,15.098,14.8795
2013-10-04,14.8933,14.8678
2013-10-07,14.9764,15.0131
2013-10-08,15.0805,14.8035
2013-10-09,14.9173,14.9774
2013-10-10,15.123,15.0712
2013-10-11,14.9897,15.1688
2013-10-14,15.0771,15.2682
2013-10-15,15.3135,15.3495
2013-10-16,15.4144,15.4243
2013-10-17,15.3895,15.5286
2013-10-18,15.5745,15.6638
2013-10-21,15.7524,16.0476
2013-10-22,16.203,16.0017
2013-10-23,15.975,16.1584
2013-10-24,16.1596,16.3723
2013-10-25,16.3542,16.1892
2013-10-28,16.284,16.3098
2013-10-29,16.5065,15.9035
2013-10-30,15.9937,16.1566
2013-10-31,16.1596,16.0888
2013-11-01,16.1295,16.0067
2013-11-04,16.0396,16.2135
2013-11-05,16.1467,16.1735
2013-11-06,16.2277,16.1277
2013-11-07,16.0862,15.8667
2013-11-08,15.9314,16.1165
2013-11-11,16.0989,16.0698
2013-11-12,16.027,16.0995
2013-11-13,16.0373,16.1187
2013-11-14,16.1862,16.3518
2013-11-15,16.3029,16.2537
2013-11-18,16.2537,16.0568
2013-11-19,16.0692,16.0853
2013-11-20,16.0753,15.9444
2013-11-21,16.0249,16.1345
2013-11-22,16.0843,16.093
2013-11-25,16.1308,16.215
2013-11-26,16.2267,16.514
2013-11-27,16.6041,16.9029
2013-11-29,17.0119,17.2159
2013-12-02,17.2757,17.0661
2013-12-03,17.2849,17.5332
2013-12-04,17.5079,17.4924
2013-12-05,17.7292,17.5822
2013-12-06,17.5168,17.3382
2013-12-09,17.3654,17.5367
2013-12-10,17.4484,17.5094
2013-12-11,17.5543,17.3797
2013-12-12,17.4038,17.3543
2013-12-13,17.4258,17.1651
2013-12-16,17.1834,17.2602
2013-12-17,17.2079,17.1825
2013-12-18,17.0187,17.0518
2013-12-19,17.0125,16.8565
2013-12-20,16.8865,16.9976
2013-12-23,17.5853,17.65
2013-12-24,17.6438,17.575
2013-12-26,17.5884,17.4583
2013-12-27,17.4558,17.3404
2013-12-30,17.2589,17.1679
2013-12-31,17.1571,17.3692
2014-01-02,17.2038,17.1249
2014-01-03,17.1165,16.7487
2014-01-06,16.6394,16.8401
2014-01-07,16.8521,16.7196
2014-01-08,16.6815,16.8255
2014-01-09,16.9289,16.6106
2014-01-10,16.7131,16.4998
2014-01-13,16.406,16.5862
2014-01-14,16.6633,16.9162
2014-01-15,17.137,17.2558
2014-01-16,17.1797,17.1596
2014-01-17,17.0738,16.7391
2014-01-21,16.749,16.9992
2014-01-22,17.0562,17.0747
2014-01-23,17.0261,17.2193
2014-01-24,17.1518,16.9063
2014-01-27,17.0301,17.0435
2014-01-28,15.7512,15.6812
2014-01-29,15.6023,15.5032
2014-01-30,15.5586,15.4732
2014-01-31,15.3308,15.4986
2014-02-03,15.5608,15.5274
2014-02-04,15.6611,15.7521
2014-02-05,15.6831,15.8698
2014-02-06,15.886,15.9623
2014-02-07,16.2385,16.1856
2014-02-10,16.1538,16.4755
2014-02-11,16.526,16.6926
2014-02-12,16.7235,16.6914
2014-02-13,16.6521,16.9564
2014-02-14,16.8954,16.9427
2014-02-18,17.0053,17.005
2014-02-19,16.9664,16.7365
2014-02-20,16.6001,16.5428
2014-02-21,16.5939,16.3591
2014-02-24,16.2937,16.4307
2014-02-25,16.4877,16.2597
2014-02-26,16.308,16.113
2014-02-27,16.1065,16.4344
2014-02-28,16.4783,16.3899
2014-03-03,16.3021,16.4372
2014-03-04,16.5382,16.5456
2014-03-05,16.5357,16.5805
2014-03-06,16.5939,16.5304
2014-03-07,16.541,16.5207
2014-03-10,16.4559,16.5357
2014-03-11,16.6767,16.6967
2014-03-12,16.6475,16.7129
2014-03-13,16.7387,16.5272
2014-03-14,16.4693,16.3416
2014-03-17,16.4354,16.4055
2014-03-18,16.3793,16.5506
2014-03-19,16.5774,16.5462
2014-03-20,16.5036,16.4665
2014-03-21,16.5671,16.5964
2014-03-24,16.7692,16.7932
2014-03-25,16.8652,16.9739
2014-03-26,17.0215,16.8116
2014-03-27,16.8191,16.7393
2014-03-28,16.7661,16.7207
2014-03-31,16.7945,16.7169
2014-04-01,16.7487,16.8698
2014-04-02,16.8926,16.8979
2014-04-03,16.8617,16.7808
2014-04-04,16.8125,16.5637
2014-04-07,16.4453,16.3036
2014-04-08,16.3572,16.3027
2014-04-09,16.2778,16.517
2014-04-10,16.5282,16.3039
2014-04-11,16.1644,16.1834
2014-04-14,16.2547,16.2479
2014-04-15,16.204,16.132
2014-04-16,16.1348,16.1647
2014-04-17,16.1955,16.3494
2014-04-21,16.3619,16.5434
2014-04-22,16.4544,16.5599
2014-04-23,16.4777,16.3435
2014-04-24,17.6971,17.6834
2014-04-25,17.5825,17.8132
2014-04-28,17.84,18.5031
2014-04-29,18.4922,18.4483
2014-04-30,18.4579,18.3785
2014-05-01,18.438,18.4218
2014-05-02,18.4486,18.4561
2014-05-05,18.3801,18.7171
2014-05-06,18.7432,18.5131
2014-05-07,18.5392,18.4483
2014-05-08,18.4235,18.4154
2014-05-09,18.3073,18.3387
2014-05-12,18.3997,18.567
2014-05-13,18.541,18.5961
2014-05-14,18.5545,18.5996
2014-05-15,18.6256,18.4414
2014-05-16,18.4354,18.7136
2014-05-19,18.7242,18.9353
2014-05-20,18.9328,18.9391
2014-05-21,18.9115,18.9892
2014-05-22,18.9983,19.0192
2014-05-23,19.0186,19.2341
2014-05-27,19.2889,19.5943
2014-05-28,19.6065,19.5435
2014-05-29,19.6638,19.8996
2014-05-30,19.9811,19.8251
2014-06-02,19.8551,19.6888
2014-06-03,19.6829,19.9673
2014-06-04,19.9641,20.1953
2014-06-05,20.2385,20.2745
2014-06-06,20.3544,20.2188
2014-06-09,20.3231,20.5423
2014-06-10,20.7681,20.6629
2014-06-11,20.6366,20.5774
2014-06-12,20.6168,20.2332
2014-06-13,20.2134,20.0117
2014-06-16,20.0622,20.2134
2014-06-17,20.2376,20.1871
2014-06-18,20.2288,20.2091
2014-06-19,20.2332,20.1389
2014-06-20,20.1367,19.9306
2014-06-23,20.0205,19.9131
2014-06-24,19.8956,19.7925
2014-06-25,19.7772,19.81
2014-06-26,19.8122,19.9284
2014-06-27,19.9109,20.1652
2014-06-30,20.1915,20.3735
2014-07-01,20.5028,20.5028
2014-07-02,20.5796,20.4941
2014-07-03,20.5357,20.6146
2014-07-07,20.6388,21.04
2014-07-08,21.1057,20.904
2014-07-09,20.9238,20.9128
2014-07-10,20.5555,20.8361
2014-07-11,20.9062,20.8755
2014-07-14,21.0158,21.1452
2014-07-15,21.2219,20.8975
2014-07-16,21.2592,20.7791
2014-07-17,20.8339,20.4086
2014-07-18,20.5247,20.7023
2014-07-21,20.8251,20.5949
2014-07-22,20.7571,20.7659
2014-07-23,20.9194,21.3074
2014-07-24,21.2745,21.2723
2014-07-25,21.2329,21.4127
2014-07-28,21.4455,21.7086
2014-07-29,21.7766,21.5683
2014-07-30,21.5815,21.5179
2014-07-31,21.3008,20.9588
2014-08-01,20.8054,21.075
2014-08-04,21.1276,20.9566
2014-08-05,20.9062,20.8536
2014-08-06,20.7725,20.8185
2014-08-07,20.9155,20.8163
2014-08-08,20.7679,20.8736
2014-08-11,20.9904,21.149
2014-08-12,21.16,21.1446
2014-08-13,21.1843,21.4244
2014-08-14,21.4443,21.4817
2014-08-15,21.5698,21.5875
2014-08-18,21.6998,21.8475
2014-08-19,21.9025,22.1493
2014-08-20,22.1295,22.1581
2014-08-21,22.1581,22.1603
2014-08-22,22.0964,22.3233
2014-08-25,22.4269,22.3718
2014-08-26,22.3454,22.2286
2014-08-27,22.2572,22.5018
2014-08-28,22.3828,22.5282
2014-08-29,22.6626,22.5833
2014-09-02,22.7067,22.7596
2014-09-03,22.7155,21.799
2014-09-04,21.7792,21.6183
2014-09-05,21.7681,21.8056
2014-09-08,21.8783,21.6712
2014-09-09,21.8298,21.5897
2014-09-10,21.5941,22.2528
2014-09-11,22.1229,22.3476
2014-09-12,22.2991,22.3983
2014-09-15,22.6516,22.3916
2014-09-16,21.9884,22.222
2014-09-17,22.3123,22.3806
2014-09-18,22.4577,22.4269
2014-09-19,22.5371,22.244
2014-09-22,22.4291,22.2661
2014-09-23,22.1647,22.6142
2014-09-24,22.5084,22.4181
2014-09-25,22.1449,21.5632
2014-09-26,21.7086,22.1978
2014-09-29,21.7351,22.0568
2014-09-30,22.211,22.1978
2014-10-01,22.1625,21.8519
2014-10-02,21.8717,22.0105
2014-10-03,21.9091,21.9488
2014-10-06,22.0215,21.9488
2014-10-07,21.9069,21.7571
2014-10-08,21.7593,22.2088
2014-10-09,22.3718,22.2572
2014-10-10,22.1845,22.1934
2014-10-13,22.3256,21.9907
2014-10-14,22.1184,21.7571
2014-10-15,21.5853,21.4905
2014-10-16,21.0521,21.2085
2014-10-17,21.4817,21.5192
2014-10-20,21.6624,21.9796
2014-10-21,22.6979,22.5767
2014-10-22,22.6582,22.6913
2014-10-23,22.9314,23.0967
2014-10-24,23.1738,23.1826
2014-10-27,23.1011,23.1584
2014-10-28,23.2223,23.5175
2014-10-29,23.4977,23.6497
2014-10-30,23.566,23.5704
2014-10-31,23.7973,23.7951
2014-11-03,23.8436,24.1036
2014-11-04,24.0948,23.9273
2014-11-05,24.0375,23.9846
2014-11-06,24.0311,24.0532
2014-11-07,24.0643,24.1218
2014-11-10,24.124,24.082
2014-11-11,24.0532,24.2745
2014-11-12,24.2037,24.6175
2014-11-13,24.7392,24.9649
2014-11-14,25.0379,25.2658
2014-11-17,25.2857,25.2238
2014-11-18,25.2127,25.5513
2014-11-19,25.5446,25.3742
2014-11-20,25.4274,25.7371
2014-11-21,26.0027,25.7725
2014-11-24,25.8566,26.2505
2014-11-25,26.3479,26.0226
2014-11-26,26.0978,26.3324
2014-11-28,26.3921,26.3169
2014-12-01,26.2903,25.4627
2014-12-02,25.1153,25.3654
2014-12-03,25.6132,25.6531
2014-12-04,25.6176,25.5557
2014-12-05,25.6663,25.4473
2014-12-08,25.2481,24.8719
2014-12-09,24.3829,25.2525
2014-12-10,25.3167,24.7724
2014-12-11,24.841,24.6993
2014-12-12,24.4427,24.2811
2014-12-15,24.4958,23.9492
2014-12-16,23.5376,23.6217
2014-12-17,23.7036,24.2103
2014-12-18,24.7547,24.9273
2014-12-19,24.841,24.7347
2014-12-22,24.8188,24.9914
2014-12-23,25.0556,24.9029
2014-12-24,24.9118,24.7856
2014-12-26,24.8055,25.2238
2014-12-29,25.1795,25.2061
2014-12-30,25.1463,24.8985
2014-12-31,24.9649,24.4249
2015-01-02,24.6484,24.1926
2015-01-05,23.9625,23.5111
2015-01-06,23.5752,23.5133
2015-01-07,23.7213,23.843
2015-01-08,24.1705,24.7591
2015-01-09,24.9317,24.7856
2015-01-12,24.9162,24.1749
2015-01-13,24.6573,24.3895
2015-01-14,24.1284,24.2966
2015-01-15,24.3409,23.6372
2015-01-16,23.6837,23.4535
2015-01-20,23.8629,24.0576
2015-01-21,24.1085,24.2413
2015-01-22,24.3984,24.8719
2015-01-23,24.8498,25.0003
2015-01-26,25.1684,25.0268
2015-01-27,24.8764,24.1506
2015-01-28,26.0292,25.5159
2015-01-29,25.7394,26.3103
2015-01-30,26.1996,25.9252
2015-02-02,26.1222,26.2505
2015-02-03,26.2217,26.2549
2015-02-04,26.2217,26.4563
2015-02-05,26.6629,26.6451
2015-02-06,26.6629,26.4208
2015-02-09,26.3363,26.5963
2015-02-10,26.6962,27.1072
2015-02-11,27.2738,27.7426
2015-02-12,28.0047,28.0936
2015-02-13,28.2757,28.2313
2015-02-17,28.3224,28.3979
2015-02-18,28.3535,28.5957
2015-02-19,28.5423,28.5357
2015-02-20,28.5734,28.7689
2015-02-23,28.8844,29.5465
2015-02-24,29.5331,29.3621
2015-02-25,29.2266,28.6112
2015-02-26,28.6112,28.9733
2015-02-27,28.88,28.5379
2015-03-02,28.7134,28.6778
2015-03-03,28.649,28.7378
2015-03-04,28.6801,28.5557
2015-03-05,28.5645,28.0825
2015-03-06,28.5246,28.1247
2015-03-09,28.4268,28.2446
2015-03-10,28.0825,27.6604
2015-03-11,27.7137,27.1561
2015-03-12,27.1716,27.647
2015-03-13,27.6359,27.456
2015-03-16,27.5204,27.7581
2015-03-17,27.9692,28.2224
2015-03-18,28.2135,28.5401
2015-03-19,28.6023,28.3246
2015-03-20,28.4912,27.9692
2015-03-23,28.2402,28.2602
2015-03-24,28.2646,28.1447
2015-03-25,28.1114,27.4093
2015-03-26,27.2716,27.6004
2015-03-27,27.6737,27.3805
2015-03-30,27.5582,28.0736
2015-03-31,28.0114,27.6426
2015-04-01,27.7292,27.6026
2015-04-02,27.7759,27.8403
2015-04-06,27.6515,28.2913
2015-04-07,28.3557,27.9936
2015-04-08,27.9581,27.9025
2015-04-09,27.9581,28.1158
2015-04-10,27.9803,28.2358
2015-04-13,28.5179,28.1802
2015-04-14,28.2135,28.058
2015-04-15,28.0825,28.1647
2015-04-16,28.0536,28.0292
2015-04-17,27.8914,27.7137
2015-04-20,27.8959,28.3468
2015-04-21,28.4579,28.1935
2015-04-22,28.2113,28.5734
2015-04-23,28.5023,28.8067
2015-04-24,28.9889,28.9422
2015-04-27,29.3932,29.4687
2015-04-28,29.8708,29.0044
2015-04-29,28.9156,28.5779
2015-04-30,28.5779,27.8026
2015-05-01,28.0136,28.6467
2015-05-04,28.7689,28.5912
2015-05-05,28.469,27.947
2015-05-06,28.1158,27.7715
2015-05-07,27.8339,27.9432
2015-05-08,28.26,28.4697
2015-05-11,28.4184,28.1797
2015-05-12,28.0191,28.0793
2015-05-13,28.1418,28.1105
2015-05-14,28.4229,28.7664
2015-05-15,28.7932,28.7262
2015-05-18,28.6392,29.043
2015-05-19,29.1546,29.0162
2015-05-20,29.0006,29.014
2015-05-21,29.0163,29.3107
2015-05-22,29.3576,29.5673
2015-05-26,29.5807,28.9159
2015-05-27,29.0765,29.4557
2015-05-28,29.4156,29.3977
2015-05-29,29.275,29.0631
2015-06-01,29.0631,29.1211
2015-06-02,28.9694,28.9917
2015-06-03,29.1479,29.0274
2015-06-04,28.9069,28.8579
2015-06-05,28.8891,28.6995
2015-06-08,28.7552,28.5099
2015-06-09,28.2645,28.4251
2015-06-10,28.5366,28.7508
2015-06-11,28.8177,28.6861
2015-06-12,28.5969,28.3693
2015-06-15,28.1306,28.3135
2015-06-16,28.3381,28.4652
2015-06-17,28.492,28.3983
2015-06-18,28.3827,28.5277
2015-06-19,28.4898,28.2422
2015-06-22,28.4407,28.4675
2015-06-23,28.4385,28.3381
2015-06-24,28.3782,28.579
2015-06-25,28.7463,28.4429
2015-06-26,28.4809,28.2756
2015-06-29,27.9878,27.7804
2015-06-30,28.0124,27.9812
2015-07-01,28.3091,28.2422
2015-07-02,28.2042,28.2065
2015-07-06,27.8718,28.1083
2015-07-07,28.0838,28.0392
2015-07-08,27.7692,27.3431
2015-07-09,27.6287,26.7854
2015-07-10,27.2026,27.5015
2015-07-13,27.8919,28.0325
2015-07-14,28.1172,28.0213
2015-07-15,28.0458,28.2912
2015-07-16,28.4965,28.6682
2015-07-17,28.7954,28.9159
2015-07-20,29.217,29.4624
2015-07-21,29.6364,29.1679
2015-07-22,27.2138,27.9343
2015-07-23,28.1529,27.9209
2015-07-24,27.9566,27.7737
2015-07-27,27.4591,27.3878
2015-07-28,27.5238,27.5238
2015-07-29,27.4725,27.4368
2015-07-30,27.2874,27.2985
2015-07-31,27.3498,27.0598
2015-08-03,27.1044,26.4218
2015-08-04,26.1943,25.5741
2015-08-05,25.1971,25.7436
2015-08-06,25.9879,25.7997
2015-08-07,25.6764,25.8871
2015-08-10,26.1134,26.8282
2015-08-11,26.4002,25.4322
2015-08-12,25.217,25.8243
2015-08-13,26.0036,25.8042
2015-08-14,25.6182,25.9857
2015-08-17,26.0036,26.2546
2015-08-18,26.091,26.1067
2015-08-19,26.017,25.7728
2015-08-20,25.5644,25.2439
2015-08-21,24.7464,23.6999
2015-08-24,21.2596,23.1083
2015-08-25,24.8988,23.2473
2015-08-26,23.998,24.5806
2015-08-27,25.1498,25.3044
2015-08-28,25.1364,25.3873
2015-08-31,25.105,25.2686
2015-09-01,24.6837,24.1391
2015-09-02,24.7016,25.1745
2015-09-03,25.2081,24.733
2015-09-04,24.4193,24.4865
2015-09-08,25.0422,25.1677
2015-09-09,25.4927,24.6837
2015-09-10,24.7106,25.226
2015-09-11,25.0512,25.5935
2015-09-14,26.1246,25.84
2015-09-15,25.9789,26.0574
2015-09-16,26.0506,26.0865
2015-09-17,25.9184,25.5285
2015-09-18,25.1453,25.4232
2015-09-21,25.4725,25.8176
2015-09-22,25.4075,25.412
2015-09-23,25.4635,25.6182
2015-09-24,25.3784,25.7705
2015-09-25,26.0932,25.7055
2015-09-28,25.5128,25.1969
2015-09-29,25.2843,24.4394
2015-09-30,24.6882,24.7173
2015-10-01,24.4417,24.556
2015-10-02,24.2041,24.7352
2015-10-05,24.6232,24.8249
2015-10-06,24.7913,24.9436
2015-10-07,25.04,24.8249
2015-10-08,24.6926,24.538
2015-10-09,24.6501,25.1252
2015-10-12,25.2618,25.0086
2015-10-13,24.8338,25.0512
2015-10-14,24.9392,24.6971
2015-10-15,24.8585,25.0669
2015-10-16,25.049,24.8831
2015-10-19,24.8293,25.0377
2015-10-20,24.9504,25.4949
2015-10-21,25.5464,25.4927
2015-10-22,25.6204,25.8826
2015-10-23,26.1515,26.6848
2015-10-26,26.4607,25.8333
2015-10-27,25.8602,25.6697
2015-10-28,26.203,26.7274
2015-10-29,26.5997,27.0098
2015-10-30,27.1128,26.7789
2015-11-02,27.0703,27.1554
2015-11-03,27.068,27.4669
2015-11-04,27.5924,27.3392
2015-11-05,27.4224,27.2131
2015-11-06,27.2559,27.2447
2015-11-09,27.2221,27.1344
2015-11-10,26.3084,26.2792
2015-11-11,26.1892,26.1306
2015-11-12,26.1644,26.0429
2015-11-13,25.9259,25.2822
2015-11-16,25.0662,25.6963
2015-11-17,25.8628,25.586
2015-11-18,26.0519,26.3962
2015-11-19,26.475,26.7315
2015-11-20,26.8261,26.8486
2015-11-23,26.8418,26.4997
2015-11-24,26.4052,26.754
2015-11-25,26.8283,26.5627
2015-11-27,26.6213,26.5132
2015-11-30,26.5537,26.6235
2015-12-01,26.7248,26.4075
2015-12-02,26.4075,26.1689
2015-12-03,26.2297,25.9258
2015-12-04,25.9461,26.7878
2015-12-07,26.7765,26.619
2015-12-08,26.448,26.6078
2015-12-09,26.475,26.0204
2015-12-10,26.1149,26.1441
2015-12-11,25.9236,25.4712
2015-12-14,25.2462,25.3137
2015-12-15,25.1922,24.8659
2015-12-16,24.9964,25.0572
2015-12-17,25.2102,24.526
2015-12-18,24.5103,23.8621
2015-12-21,24.1435,24.1547
2015-12-22,24.1705,24.1322
2015-12-23,24.1412,24.4428
2015-12-24,24.5305,24.3122
2015-12-28,24.2132,24.0399
2015-12-29,24.0714,24.472
2015-12-30,24.436,24.1524
2015-12-31,24.0827,23.6889
2016-01-04,23.0925,23.7091
2016-01-05,23.7991,23.115
2016-01-06,22.6311,22.6626
2016-01-07,22.208,21.7061
2016-01-08,22.1788,21.8209
2016-01-11,22.2733,22.1743
2016-01-12,22.6289,22.4961
2016-01-13,22.5771,21.9177
2016-01-14,22.046,22.3971
2016-01-15,21.6499,21.8592
2016-01-19,22.1473,21.7534
2016-01-20,21.4023,21.7827
2016-01-21,21.8434,21.6724
2016-01-22,22.1968,22.8247
2016-01-25,22.8472,22.3791
2016-01-26,22.4893,22.5028
2016-01-27,21.6139,21.0243
2016-01-28,21.1075,21.175
2016-01-29,21.3326,21.9064
2016-02-01,21.7107,21.7016
2016-02-02,21.4743,21.2628
2016-02-03,21.3798,21.6836
2016-02-04,21.6904,21.8579
2016-02-05,21.8398,21.2741
2016-02-08,21.0727,21.4981
2016-02-09,21.3352,21.4936
2016-02-10,21.704,21.3307
2016-02-11,21.2221,21.2017
2016-02-12,21.3126,21.2673
2016-02-16,21.5004,21.8669
2016-02-17,21.8737,22.2018
2016-02-18,22.3647,21.7809
2016-02-19,21.7221,21.7312
2016-02-22,21.7923,21.9212
2016-02-23,21.8126,21.4257
2016-02-24,21.265,21.7447
2016-02-25,21.7334,21.8941
2016-02-26,21.9936,21.928
2016-02-29,21.9167,21.8782
2016-03-01,22.0955,22.7471
2016-03-02,22.7426,22.7969
2016-03-03,22.7584,22.9666
2016-03-04,23.1635,23.3083
2016-03-07,23.168,23.0503
2016-03-08,22.8037,22.8603
2016-03-09,22.9236,22.8806
2016-03-10,22.9462,22.8919
2016-03-11,23.134,23.1386
2016-03-14,23.0594,23.1974
2016-03-15,23.5232,23.6635
2016-03-16,23.6703,23.978
2016-03-17,23.8762,23.9396
2016-03-18,24.0618,23.9667
2016-03-21,23.969,23.9645
2016-03-22,23.8151,24.1477
2016-03-23,24.0934,24.0142
2016-03-24,23.8649,23.9102
2016-03-28,23.9848,23.8016
2016-03-29,23.7337,24.365
2016-03-30,24.5845,24.7904
2016-03-31,24.8266,24.6614
2016-04-01,24.6139,24.8877
2016-04-04,24.985,25.1433
2016-04-05,24.779,24.8469
2016-04-06,24.942,25.1071
2016-04-07,24.8786,24.5596
2016-04-08,24.6433,24.5867
2016-04-11,24.6569,24.6682
2016-04-12,24.7406,24.9895
2016-04-13,25.0709,25.3515
2016-04-14,25.2565,25.3651
2016-04-15,25.3674,24.856
2016-04-18,24.6388,24.3197
2016-04-19,24.4102,24.1907
2016-04-20,24.1296,24.2405
2016-04-21,24.1953,23.978
2016-04-22,23.7608,23.9124
2016-04-25,23.7586,23.7767
2016-04-26,23.5119,23.6115
2016-04-27,21.7221,22.1339
2016-04-28,22.0864,21.4574
2016-04-29,21.2673,21.2107
2016-05-02,21.2628,21.1881
2016-05-03,21.3148,21.5366
2016-05-04,21.5411,21.3126
2016-05-05,21.3991,21.226
2016-05-06,21.2556,21.1077
2016-05-09,21.1714,21.1236
2016-05-10,21.2465,21.267
2016-05-11,21.2807,21.0599
2016-05-12,21.1077,20.5659
2016-05-13,20.4885,20.6068
2016-05-16,21.0325,21.3717
2016-05-17,21.5243,21.283
2016-05-18,21.4355,21.5266
2016-05-19,21.5448,21.4446
2016-05-20,21.5448,21.6768
2016-05-23,21.8248,21.9523
2016-05-24,22.1321,22.2869
2016-05-25,22.4622,22.6785
2016-05-26,22.6921,22.8583
2016-05-27,22.6375,22.8446
2016-05-31,22.6739,22.7331
2016-06-01,22.5419,22.4144
2016-06-02,22.2186,22.2459
2016-06-03,22.2619,22.2915
2016-06-06,22.3074,22.4531
2016-06-07,22.5942,22.5441
2016-06-08,22.5419,22.5237
2016-06-09,22.4235,22.6853
2016-06-10,22.4303,22.4986
2016-06-13,22.4667,22.1594
2016-06-14,22.1549,22.1867
2016-06-15,22.2687,22.1139
2016-06-16,21.9568,22.2072
2016-06-17,21.9955,21.7018
2016-06-20,21.8544,21.6495
2016-06-21,21.6131,21.8339
2016-06-22,21.9113,21.7519
2016-06-23,21.8407,21.8771
2016-06-24,21.1509,21.2625
2016-06-27,21.1714,20.9529
2016-06-28,21.1487,21.3057
2016-06-29,21.3922,21.4901
2016-06-30,21.4992,21.7633
2016-07-01,21.7383,21.8293
2016-07-05,21.7155,21.6244
2016-07-06,21.5357,21.7474
2016-07-07,21.7861,21.8407
2016-07-08,21.9659,22.0092
2016-07-11,22.0251,22.0775
2016-07-12,22.1207,22.1776
2016-07-13,22.1754,22.0524
2016-07-14,22.1708,22.4895
2016-07-15,22.5191,22.4872
2016-07-18,22.469,22.7263
2016-07-19,22.6648,22.7354
2016-07-20,22.765,22.7559
2016-07-21,22.7263,22.6352
2016-07-22,22.5965,22.4599
2016-07-25,22.3666,22.1594
2016-07-26,22.041,22.0069
2016-07-27,23.737,23.4365
2016-07-28,23.4092,23.753
2016-07-29,23.7188,23.7234
2016-08-01,23.7689,24.1422
2016-08-02,24.1422,23.7848
2016-08-03,23.86,24.083
2016-08-04,24.1655,24.2318
2016-08-05,24.3234,24.6003
2016-08-08,24.6095,24.804
2016-08-09,24.772,24.9047
2016-08-10,24.8819,24.7193
2016-08-11,24.8384,24.7033
2016-08-12,24.669,24.7605
2016-08-15,24.7514,25.0581
2016-08-16,25.0924,25.0352
2016-08-17,24.9711,24.9986
2016-08-18,25.0009,24.9665
2016-08-19,24.8956,25.0306
2016-08-22,24.9162,24.8361
2016-08-23,24.8544,24.9139
2016-08-24,24.8498,24.7262
2016-08-25,24.5797,24.6209
2016-08-26,24.5843,24.4767
2016-08-29,24.4035,24.4493
2016-08-30,24.2158,24.2616
2016-08-31,24.1838,24.2845
2016-09-01,24.2936,24.4287
2016-09-02,24.6507,24.6576
2016-09-06,24.6965,24.6507
2016-09-07,24.6804,24.8017
2016-09-08,24.5477,24.1517
2016-09-09,23.9503,23.6047
2016-09-12,23.4948,24.1334
2016-09-13,24.6072,24.7079
2016-09-14,24.8864,25.5822
2016-09-15,26.0606,26.452
2016-09-16,26.349,26.3032
2016-09-19,26.365,25.9965
2016-09-20,25.8752,25.9942
2016-09-21,26.0583,25.9896
2016-09-22,26.1728,26.2346
2016-09-23,26.1888,25.7974
2016-09-26,25.5525,25.8363
2016-09-27,25.8638,25.8844
2016-09-28,26.0217,26.0812
2016-09-29,25.9004,25.6761
2016-09-30,25.7402,25.8752
2016-10-03,25.7974,25.7539
2016-10-04,25.8775,25.8638
2016-10-05,25.9553,25.8752
2016-10-06,26.024,26.0675
2016-10-07,26.1636,26.1064
2016-10-10,26.3261,26.5619
2016-10-11,26.9395,26.6191
2016-10-12,26.8594,26.8571
2016-10-13,26.7312,26.7747
2016-10-14,26.9807,26.9235
2016-10-17,26.8548,26.9052
2016-10-18,27.0494,26.8869
2016-10-19,26.8365,26.8068
2016-10-20,26.7472,26.793
2016-10-21,26.7358,26.6877
2016-10-24,26.8022,26.9281
2016-10-25,26.9967,27.0654
2016-10-26,26.1636,26.4566
2016-10-27,26.4108,26.2025
2016-10-28,26.0629,26.0286
2016-10-31,26.0125,25.9874
2016-11-01,25.9691,25.5182
2016-11-02,25.4975,25.541
2016-11-03,25.5318,25.2673
2016-11-04,24.9682,25.0395
2016-11-07,25.3248,25.4007
2016-11-08,25.3777,25.5502
2016-11-09,25.2788,25.5088
2016-11-10,25.5571,24.798
2016-11-11,24.6438,24.9452
2016-11-14,24.7795,24.3194
2016-11-15,24.5173,24.6415
2016-11-16,24.5472,25.3041
2016-11-17,25.2627,25.2949
2016-11-18,25.242,25.3202
2016-11-21,25.334,25.7044
2016-11-22,25.755,25.7205
2016-11-23,25.6193,25.5893
2016-11-25,25.5663,25.7182
2016-11-28,25.6354,25.6676
2016-11-29,25.4858,25.6423
2016-11-30,25.6745,25.426
2016-12-01,25.3915,25.1891
2016-12-02,25.1154,25.2834
2016-12-05,25.3064,25.1016
2016-12-06,25.1914,25.2949
2016-12-07,25.1361,25.5433
2016-12-08,25.5042,25.7941
2016-12-09,25.8378,26.2151
2016-12-12,26.0633,26.0656
2016-12-13,26.1898,26.5004
2016-12-14,26.4659,26.5004
2016-12-15,26.5441,26.6453
2016-12-16,26.7949,26.6798
2016-12-19,26.6407,26.834
2016-12-20,26.857,26.9053
2016-12-21,26.8708,26.9306
2016-12-22,26.7673,26.7534
2016-12-23,26.5924,26.8064
2016-12-27,26.8064,26.9766
2016-12-28,27.0364,26.8616
2016-12-29,26.7903,26.8547
2016-12-30,26.8363,26.6453
2017-01-03,26.6407,26.7212
2017-01-04,26.6522,26.6913
2017-01-05,26.6683,26.8271
2017-01-06,26.8662,27.1261
2017-01-09,27.1353,27.3746
2017-01-10,27.324,27.4022
2017-01-11,27.3171,27.5494
2017-01-12,27.3539,27.4344
2017-01-13,27.4022,27.3861
2017-01-17,27.2251,27.607
2017-01-18,27.607,27.6047
2017-01-19,27.4689,27.5563
2017-01-20,27.7105,27.607
2017-01-23,27.607,27.6254
2017-01-24,27.5034,27.6001
2017-01-25,27.7036,28.0395
2017-01-26,27.9912,28.0533
2017-01-27,28.0993,28.0556
2017-01-30,27.8209,27.982
2017-01-31,27.8715,27.9175
2017-02-01,29.2243,29.62
2017-02-02,29.4428,29.5694
2017-02-03,29.5187,29.6959
2017-02-06,29.7074,29.9743
2017-02-07,30.0318,30.2595
2017-02-08,30.2181,30.3769
2017-02-09,30.4184,30.5964
2017-02-10,30.6056,30.527
2017-02-13,30.7489,30.7974
2017-02-14,30.839,31.1971
2017-02-15,31.3126,31.3103
2017-02-16,31.3473,31.2734
2017-02-17,31.2156,31.3588
2017-02-21,31.4767,31.5853
2017-02-22,31.5229,31.68
2017-02-23,31.7424,31.546
2017-02-24,31.4027,31.576
2017-02-27,31.6869,31.6384
2017-02-28,31.6731,31.6523
2017-03-01,31.8602,32.2992
2017-03-02,32.3478,32.1075
2017-03-03,32.0659,32.2969
2017-03-06,32.2022,32.1953
2017-03-07,32.1306,32.2369
2017-03-08,32.1051,32.1167
2017-03-09,32.0566,32.0428
2017-03-10,32.1745,32.1491
2017-03-13,32.0821,32.1629
2017-03-14,32.186,32.1144
2017-03-15,32.2114,32.4541
2017-03-16,32.5141,32.5072
2017-03-17,32.5788,32.3455
2017-03-20,32.4402,32.6851
2017-03-21,32.8353,32.3108
2017-03-22,32.3131,32.6759
2017-03-23,32.6389,32.5603
2017-03-24,32.6943,32.4956
2017-03-27,32.2068,32.5511
2017-03-28,32.558,33.2258
2017-03-29,33.198,33.2997
2017-03-30,33.3159,33.2558
2017-03-31,33.2073,33.1934
2017-04-03,33.205,33.2027
2017-04-04,33.0987,33.4499
2017-04-05,33.3228,33.2766
2017-04-06,33.339,33.1934
2017-04-07,33.2096,33.1195
2017-04-10,33.1796,33.0802
2017-04-11,33.0271,32.7244
2017-04-12,32.7175,32.7637
2017-04-13,32.7891,32.5904
2017-04-17,32.6897,32.7706
2017-04-18,32.6736,32.625
2017-04-19,32.7821,32.5049
2017-04-20,32.6296,32.9115
2017-04-21,32.9115,32.8723
2017-04-24,33.1565,33.1888
2017-04-25,33.2512,33.3945
2017-04-26,33.3806,33.198
2017-04-27,33.2535,33.2235
2017-04-28,33.2928,33.1911
2017-05-01,33.5261,33.8681
2017-05-02,34.0899,34.083
2017-05-03,33.6393,33.979
2017-05-04,33.8542,33.8566
2017-05-05,33.9097,34.418
2017-05-08,34.4342,35.3538
2017-05-09,35.5525,35.5802
2017-05-10,35.497,35.4116
2017-05-11,35.3698,35.7178
2017-05-12,35.8918,36.2166
2017-05-15,36.1958,36.1238
2017-05-16,36.1795,36.0705
2017-05-17,35.6366,34.8594
2017-05-18,35.096,35.3907
2017-05-19,35.5856,35.5113
2017-05-22,35.7294,35.7271
2017-05-23,35.9382,35.683
2017-05-24,35.6923,35.5763
2017-05-25,35.6668,35.6992
2017-05-26,35.7294,35.6389
2017-05-30,35.5948,35.6529
2017-05-31,35.7225,35.4417
2017-06-01,35.5368,35.5392
2017-06-02,35.6319,36.0658
2017-06-05,35.8083,35.7132
2017-06-06,35.7062,35.8338
2017-06-07,35.9661,36.0473
2017-06-08,36.0194,35.9591
2017-06-09,36.0055,34.5647
2017-06-12,33.813,33.7388
2017-06-13,34.1425,34.0102
2017-06-14,34.2213,33.6784
2017-06-15,33.2516,33.4766
2017-06-16,33.3583,33.0079
2017-06-19,33.3304,33.9522
2017-06-20,34.0752,33.6437
2017-06-21,33.762,33.8432
2017-06-22,33.82,33.7875
2017-06-23,33.6715,33.9383
2017-06-26,34.1448,33.8316
2017-06-27,33.6437,33.3467
2017-06-28,33.523,33.8339
2017-06-29,33.574,33.3351
2017-06-30,33.5137,33.414
2017-07-03,33.6135,33.2933
2017-07-05,33.3374,33.4302
2017-07-06,33.182,33.1147
2017-07-07,33.1541,33.4511
2017-07-10,33.4348,33.6552
2017-07-11,33.5787,33.7643
2017-07-12,33.8432,33.813
2017-07-13,33.7573,34.284
2017-07-14,34.3304,34.5786
2017-07-17,34.5276,34.6993
2017-07-18,34.6158,34.8199
2017-07-19,34.9127,35.038
2017-07-20,35.1494,34.8802
2017-07-21,34.7991,34.864
2017-07-24,34.9359,35.2863
2017-07-25,35.219,35.4371
2017-07-26,35.5786,35.6041
2017-07-27,35.6714,34.9313
2017-07-28,34.7758,34.6854
2017-07-31,34.7782,34.5067
2017-08-01,34.5926,34.813
2017-08-02,36.9544,36.4579
2017-08-03,36.437,36.0937
2017-08-04,36.2097,36.2839
2017-08-07,36.4393,36.8454
2017-08-08,36.7966,37.14
2017-08-09,36.9498,37.3674
2017-08-10,37.244,36.1772
2017-08-11,36.4753,36.6803
2017-08-14,37.1089,37.2323
2017-08-15,37.421,37.6399
2017-08-16,37.7191,37.4885
2017-08-17,37.3884,36.7688
2017-08-18,36.7688,36.6849
2017-08-21,36.6849,36.6174
2017-08-22,36.855,37.216
2017-08-23,37.0506,37.2626
2017-08-24,37.3674,37.0972
2017-08-25,37.1857,37.2346
2017-08-28,37.2998,37.6096
2017-08-29,37.2905,37.945
2017-08-30,38.1523,38.0475
2017-08-31,38.1151,38.1989
2017-09-01,38.3853,38.2106
2017-09-05,38.1407,37.7517
2017-09-06,37.8985,37.7121
2017-09-07,37.754,37.5607
2017-09-08,37.4675,36.9481
2017-09-11,37.3837,37.6166
2017-09-12,37.8752,37.4675
2017-09-13,37.237,37.1857
2017-09-14,37.032,36.8666
2017-09-15,36.9109,37.2393
2017-09-18,37.2929,36.9575
2017-09-19,37.1531,36.9714
2017-09-20,36.7781,36.3519
2017-09-21,36.289,35.7276
2017-09-22,35.2967,35.3783
2017-09-25,34.9357,35.0661
2017-09-26,35.3526,35.6694
2017-09-27,35.8231,35.9233
2017-09-28,35.8441,35.702
2017-09-29,35.6857,35.8977
2017-10-02,35.9303,35.8255
2017-10-03,35.872,35.9815
2017-10-04,35.7835,35.7486
2017-10-05,35.9116,36.1935
2017-10-06,36.0956,36.1725
2017-10-09,36.2913,36.2983
2017-10-10,36.3495,36.3123
2017-10-11,36.3286,36.4637
2017-10-12,36.4171,36.3356
2017-10-13,36.5056,36.5662
2017-10-16,36.7781,37.2393
2017-10-17,37.216,37.3767
2017-10-18,37.3651,37.2113
2017-10-19,36.5102,36.3309
2017-10-20,36.4776,36.3938
2017-10-23,36.5429,36.3752
2017-10-24,36.4031,36.5918
2017-10-25,36.5475,36.4311
2017-10-26,36.622,36.664
2017-10-27,37.1019,37.9776
2017-10-30,38.1733,38.8325
2017-10-31,39.1073,39.3728
2017-11-01,39.5662,38.8721
2017-11-02,38.8045,39.1562
2017-11-03,40.5281,40.1787
2017-11-06,40.1485,40.5864
2017-11-07,40.5072,40.7168
2017-11-08,40.6819,41.0499
2017-11-09,40.7867,40.966
2017-11-10,40.9333,40.8304
2017-11-13,40.5569,40.6668
2017-11-14,40.4494,40.052
2017-11-15,39.7318,39.5237
2017-11-16,40.0146,39.9959
2017-11-17,39.9819,39.7738
2017-11-20,39.8066,39.7341
2017-11-21,39.9211,40.4728
2017-11-22,40.5242,40.8982
2017-11-24,40.931,40.9006
2017-11-27,40.9193,40.6949
2017-11-28,40.7439,40.4564
2017-11-29,40.3536,39.6172
2017-11-30,39.8393,40.1712
2017-12-01,39.7271,39.9842
2017-12-04,40.3185,39.692
2017-12-05,39.519,39.6546
2017-12-06,39.1544,39.5074
2017-12-07,39.512,39.5798
2017-12-08,39.8533,39.5915
2017-12-11,39.5518,40.3629
2017-12-12,40.2414,40.1362
2017-12-13,40.3232,40.2694
2017-12-14,40.2998,40.2577
2017-12-15,40.5873,40.6668
2017-12-18,40.8795,41.2395
2017-12-19,40.9146,40.8
2017-12-20,40.8772,40.7556
2017-12-21,40.7136,40.9099
2017-12-22,40.8328,40.9099
2017-12-26,39.9258,39.872
2017-12-27,39.7622,39.879
2017-12-28,39.9725,39.9912
2017-12-29,39.8603,39.5588
2018-01-02,39.7762,40.2671
2018-01-03,40.3302,40.2601
2018-01-04,40.3325,40.4471
2018-01-05,40.5429,40.9076
2018-01-08,40.7556,40.7556
2018-01-09,40.8024,40.7509
2018-01-10,40.4775,40.7416
2018-01-11,40.8117,40.973
2018-01-12,41.1834,41.3961
2018-01-16,41.5855,41.1857
2018-01-17,41.1764,41.866
2018-01-18,41.9291,41.9034
2018-01-19,41.7514,41.7164
2018-01-22,41.4452,41.3751
2018-01-23,41.4452,41.3844
2018-01-24,41.4335,40.7253
2018-01-25,40.793,39.9982
2018-01-26,40.2063,40.0918
2018-01-29,39.7762,39.2619
2018-01-30,38.6939,39.0305
2018-01-31,39.0071,39.138
2018-02-01,39.0773,39.2198
2018-02-02,38.8038,37.5181
2018-02-05,37.1908,36.5807
2018-02-06,36.1927,38.1095
2018-02-07,38.1235,37.2937
2018-02-08,37.469,36.2675
2018-02-09,36.866,36.7111
2018-02-12,37.2016,38.1898
2018-02-13,38.0114,38.5724
2018-02-14,38.2672,39.2835
2018-02-15,39.8515,40.6026
2018-02-16,40.4547,40.4712
2018-02-20,40.382,40.335
2018-02-21,40.565,40.1519
2018-02-22,40.3233,40.4876
2018-02-23,40.7622,41.1917
2018-02-26,41.3912,42.0062
2018-02-27,42.0367,41.87
2018-02-28,42.0742,41.8067
2018-03-01,41.9052,41.0744
2018-03-02,40.558,41.3584
2018-03-05,41.1236,41.5015
2018-03-06,41.7574,41.4663
2018-03-07,41.0603,41.0814
2018-03-08,41.187,41.5297
2018-03-09,41.7691,42.2432
2018-03-12,42.316,42.6516
2018-03-13,42.8558,42.2409
2018-03-14,42.323,41.8818
2018-03-15,41.8958,41.931
2018-03-16,41.931,41.7832
2018-03-19,41.6189,41.1448
2018-03-20,41.1307,41.1307
2018-03-21,41.0837,40.1989
2018-03-22,39.9008,39.6309
2018-03-23,39.5229,38.7132
2018-03-26,39.4478,40.551
2018-03-27,40.7645,39.5112
2018-03-28,39.2553,39.0746
2018-03-29,39.3868,39.3797
2018-04-02,39.1122,39.1216
2018-04-03,39.3469,39.5229
2018-04-04,38.6991,40.2787
2018-04-05,40.5064,40.558
2018-04-06,40.1285,39.5206
2018-04-09,39.8726,39.9125
2018-04-10,40.6049,40.6636
2018-04-11,40.4242,40.4735
2018-04-12,40.7012,40.8725
2018-04-13,41.0227,41.011
2018-04-16,41.0814,41.2668
2018-04-17,41.4241,41.8348
2018-04-18,41.7339,41.7409
2018-04-19,40.7833,40.558
2018-04-20,40.0416,38.8962
2018-04-23,39.1568,38.7836
2018-04-24,38.8845,38.2437
2018-04-25,38.1686,38.4104
2018-04-26,38.5207,38.5442
2018-04-27,38.4925,38.0982
2018-04-30,38.0536,38.7883
2018-05-01,39.0582,39.6896
2018-05-02,41.1283,41.4429
2018-05-03,41.2809,41.518
2018-05-04,41.8372,43.1469
2018-05-07,43.4637,43.459
2018-05-08,43.4191,43.6679
2018-05-09,43.7853,43.9754
2018-05-10,44.0646,44.6044
2018-05-11,44.6468,44.4348
2018-05-14,44.5337,44.3311
2018-05-15,44.0083,43.9282
2018-05-16,43.841,44.3381
2018-05-17,44.2958,44.0578
2018-05-18,44.1049,43.8976
2018-05-21,44.2957,44.2086
2018-05-22,44.3853,44.0978
2018-05-23,43.907,44.3806
2018-05-24,44.4772,44.3311
2018-05-25,44.3499,44.4324
2018-05-29,44.2015,44.2722
2018-05-30,44.2298,44.1779
2018-05-31,44.112,44.0295
2018-06-01,44.2934,44.8235
2018-06-04,45.1534,45.1982
2018-06-05,45.4903,45.5469
2018-06-06,45.6223,45.7047
2018-06-07,45.7424,45.5822
2018-06-08,45.0426,45.1675
2018-06-11,45.0851,45.0568
2018-06-12,45.0945,45.3042
2018-06-13,45.3372,44.9319
2018-06-14,45.1322,44.9555
2018-06-15,44.774,44.4937
2018-06-18,44.2675,44.4701
2018-06-19,43.6219,43.7515
2018-06-20,43.907,43.9423
2018-06-21,44.119,43.6973
2018-06-22,43.8528,43.5701
2018-06-25,43.2119,42.9221
2018-06-26,43.1153,43.4546
2018-06-27,43.6431,43.391
2018-06-28,43.3768,43.7067
2018-06-29,43.8928,43.6148
2018-07-02,43.3109,44.1025
2018-07-03,44.2463,43.3344
2018-07-05,43.6502,43.6831
2018-07-06,43.6879,44.2887
2018-07-09,44.6492,44.9036
2018-07-10,44.9343,44.8494
2018-07-11,44.4136,44.2675
2018-07-12,44.6562,45.0097
2018-07-13,45.0215,45.0804
2018-07-16,45.1251,44.9814
2018-07-17,44.7081,45.1086
2018-07-18,45.1864,44.8612
2018-07-19,44.6939,45.2099
2018-07-20,45.1864,45.1063
2018-07-23,44.9272,45.1463
2018-07-24,45.3442,45.4738
2018-07-25,45.488,45.9026
2018-07-26,45.8532,45.7589
2018-07-27,45.9427,44.9979
2018-07-30,45.2147,44.7458
2018-07-31,44.8377,44.8353
2018-08-01,46.9182,47.4766
2018-08-02,47.2598,48.8643
2018-08-03,48.7795,49.0057
2018-08-06,49.0081,49.2602
2018-08-07,49.3191,48.7984
2018-08-08,48.5486,48.8313
2018-08-09,49.3686,49.2154
2018-08-10,49.0286,49.0688
2018-08-13,49.4897,49.3856
2018-08-14,49.6907,49.5937
2018-08-15,49.4684,49.7096
2018-08-16,50.0666,50.4378
2018-08-17,50.4662,51.4451
2018-08-20,51.568,50.9438
2018-08-21,51.2606,50.8445
2018-08-22,50.6222,50.8469
2018-08-23,50.7523,50.9509
2018-08-24,51.2134,51.1093
2018-08-27,51.3434,51.5302
2018-08-28,51.7832,51.9463
2018-08-29,52.0527,52.7219
2018-08-30,52.7857,53.2066
2018-08-31,53.5565,53.8213
2018-09-04,54.0057,53.9939
2018-09-05,54.1429,53.6416
2018-09-06,53.4903,52.7502
2018-09-07,52.4547,52.3246
2018-09-10,52.2419,51.6224
2018-09-11,51.5467,52.9275
2018-09-12,53.1853,52.2702
2018-09-13,52.8495,53.5328
2018-09-14,53.3768,52.9252
2018-09-17,52.5256,51.516
2018-09-18,51.4947,51.6011
2018-09-19,51.6626,51.6318
2018-09-20,52.074,52.0243
2018-09-21,52.2017,51.464
2018-09-24,51.2654,52.204
2018-09-25,51.9581,52.535
2018-09-26,52.2537,52.1165
2018-09-27,52.9204,53.1876
2018-09-28,53.1498,53.3744
2018-10-01,53.897,53.7338
2018-10-02,53.7315,54.2114
2018-10-03,54.3935,54.8711
2018-10-04,54.5661,53.9064
2018-10-05,53.8993,53.0316
2018-10-08,52.5398,52.9086
2018-10-09,52.8779,53.6416
2018-10-10,53.3082,51.1566
2018-10-11,50.7215,50.705
2018-10-12,52.1166,52.5161
2018-10-15,52.2915,51.393
2018-10-16,51.7642,52.5256
2018-10-17,52.5611,52.2986
2018-10-18,51.5113,51.0762
2018-10-19,51.5586,51.8541
2018-10-22,51.9676,52.1709
2018-10-23,51.0313,52.6627
2018-10-24,52.632,50.8563
2018-10-25,51.4758,51.97
2018-10-26,51.0478,51.1424
2018-10-29,51.8257,50.1825
2018-10-30,49.9247,50.4331
2018-10-31,51.2795,51.7477
2018-11-01,51.7926,52.5421
2018-11-02,49.5464,49.057
2018-11-05,48.3051,47.6643
2018-11-06,47.7424,48.1798
2018-11-07,48.6999,49.641
2018-11-08,49.8213,49.4678
2018-11-09,48.7702,48.514
2018-11-12,47.2161,46.0701
2018-11-13,45.4675,45.6098
2018-11-14,46.0061,44.3215
2018-11-15,44.6987,45.4153
2018-11-16,45.1994,45.9183
2018-11-19,45.0807,44.0984
2018-11-20,42.3213,41.9915
2018-11-21,42.644,41.9441
2018-11-23,41.5075,40.8787
2018-11-26,41.3414,41.4316
2018-11-27,40.6937,41.3414
2018-11-28,41.9322,42.9311
2018-11-29,43.3392,42.6013
2018-11-30,42.7769,42.3711
2018-12-03,43.7663,43.8517
2018-12-04,42.9335,41.9227
2018-12-06,40.753,41.4553
2018-12-07,41.1635,39.9771
2018-12-10,39.1491,40.2405
2018-12-11,40.7292,40.0103
2018-12-12,40.4303,40.1218
2018-12-13,40.4517,40.5608
2018-12-14,40.0981,39.2629
2018-12-17,39.2558,38.8976
2018-12-18,39.2392,39.4029
2018-12-19,39.3863,38.1739
2018-12-20,38.0576,37.2106
2018-12-21,37.2177,35.7632
2018-12-24,35.1511,34.8379
2018-12-26,35.1867,37.2913
2018-12-27,36.9757,37.0492
2018-12-28,37.3696,37.0682
2018-12-31,37.6139,37.4265
2019-01-02,36.7503,37.4692
2019-01-03,34.1617,33.737
2019-01-04,34.2922,35.1772
2019-01-07,35.2816,35.0989
2019-01-08,35.4857,35.768
2019-01-09,35.8961,36.3754
2019-01-10,36.1832,36.4917
2019-01-11,36.2734,36.1334
2019-01-14,35.7917,35.59
2019-01-15,35.6541,36.3185
2019-01-16,36.3208,36.7622
2019-01-17,36.5866,36.9804
2019-01-18,37.3695,37.2082
2019-01-22,37.1109,36.373
2019-01-23,36.5747,36.5201
2019-01-24,36.5652,36.2307
2019-01-25,36.8903,37.4312
2019-01-28,36.9638,37.0848
2019-01-29,37.073,36.7005
2019-01-30,38.7338,39.2084
2019-01-31,39.4124,39.4907
2019-02-01,39.6141,39.5097
2019-02-04,39.7209,40.632
2019-02-05,41.014,41.3272
2019-02-06,41.4387,41.3414
2019-02-07,40.9048,40.5584
2019-02-08,40.2677,40.6061
2019-02-11,40.7586,40.3726
2019-02-12,40.5322,40.7204
2019-02-13,40.8396,40.5513
2019-02-14,40.4393,40.699
2019-02-15,40.8062,40.6085
2019-02-19,40.4393,40.73
2019-02-20,40.7919,40.9921
2019-02-21,40.9373,40.761
2019-02-22,40.8849,41.2161
2019-02-25,41.4996,41.5163
2019-02-26,41.3924,41.5402
2019-02-27,41.2733,41.6688
2019-02-28,41.5378,41.259
2019-03-01,41.5282,41.6927
2019-03-04,41.8642,41.9024
2019-03-05,41.9238,41.8261
2019-03-06,41.6212,41.5854
2019-03-07,41.4305,41.1041
2019-03-08,40.5846,41.2018
2019-03-11,41.8166,42.6291
2019-03-12,42.8912,43.1081
2019-03-13,43.4274,43.2987
2019-03-14,43.8205,43.78
2019-03-15,44.0469,44.3495
2019-03-18,44.2733,44.8023
2019-03-19,44.8809,44.4472
2019-03-20,44.3757,44.8356
2019-03-21,45.2788,46.4869
2019-03-22,46.5465,45.5243
2019-03-25,45.6339,44.9738
2019-03-26,45.6696,44.5092
2019-03-27,44.9762,44.9095
2019-03-28,45.0239,44.9691
2019-03-29,45.2336,45.2622
2019-04-01,45.6649,45.5695
2019-04-02,45.5338,46.232
2019-04-03,46.0485,46.5489
2019-04-04,46.4155,46.6299
2019-04-05,46.811,46.9421
2019-04-08,46.8039,47.6808
2019-04-09,47.7332,47.5378
2019-04-10,47.3424,47.8046
2019-04-11,47.8595,47.4067
2019-04-12,47.4663,47.3877
2019-04-15,47.3186,47.4734
2019-04-16,47.5283,47.4782
2019-04-17,47.5473,48.4028
2019-04-18,48.4004,48.5767
2019-04-22,48.3313,48.7363
2019-04-23,48.7125,49.4393
2019-04-24,49.4107,49.363
2019-04-25,49.2844,48.9151
2019-04-26,48.8245,48.6815
2019-04-29,48.7054,48.7554
2019-04-30,48.3861,47.8166
2019-05-01,50.0112,50.1637
2019-05-02,50.0016,49.8372
2019-05-03,50.2518,50.4568
2019-05-06,48.6792,49.6776
2019-05-07,49.058,48.3384
2019-05-08,48.1097,48.3479
2019-05-09,47.7522,47.8285
2019-05-10,47.2233,47.1659
2019-05-13,44.9006,44.4246
2019-05-14,44.5897,45.1279
2019-05-15,44.5562,45.6685
2019-05-16,45.4269,45.4676
2019-05-17,44.7141,45.2092
2019-05-20,43.8984,43.7955
2019-05-21,44.305,44.6351
2019-05-22,44.1711,43.7214
2019-05-23,43.0086,42.9751
2019-05-24,43.1042,42.81
2019-05-28,42.7981,42.633
2019-05-29,42.2001,42.4297
2019-05-30,42.566,42.6498
2019-05-31,42.1546,41.8771
2019-06-03,42.0039,41.4538
2019-06-04,41.9656,42.9703
2019-06-05,44.0802,43.664
2019-06-06,43.7931,44.305
2019-06-07,44.6136,45.4843
2019-06-10,45.8814,46.0656
2019-06-11,46.611,46.599
2019-06-12,46.3933,46.4507
2019-06-13,46.5727,46.4411
2019-06-14,45.8192,46.1038
2019-06-17,46.1421,46.3789
2019-06-18,46.8956,47.4697
2019-06-19,47.7639,47.3309
2019-06-20,47.9289,47.7113
2019-06-21,47.5534,47.5486
2019-06-24,47.4912,47.5008
2019-06-25,47.4649,46.7808
2019-06-26,47.307,47.7926
2019-06-27,47.9098,47.7783
2019-06-28,47.5247,47.3429
2019-07-01,48.5987,48.2112
2019-07-02,48.1777,48.4935
2019-07-03,48.625,48.8953
2019-07-05,48.6418,48.8523
2019-07-08,48.0342,47.8452
2019-07-09,47.6491,48.1371
2019-07-10,48.283,48.6131
2019-07-11,48.6322,48.259
2019-07-12,48.4265,48.6298
2019-07-15,48.8188,49.0867
2019-07-16,48.9384,48.9169
2019-07-17,48.8092,48.6418
2019-07-18,48.7972,49.1943
2019-07-19,49.2254,48.46
2019-07-22,48.7135,49.5675
2019-07-23,49.8641,49.955
2019-07-24,49.6751,49.9143
2019-07-25,49.9669,49.5196
2019-07-26,49.6297,49.6919
2019-07-29,49.8641,50.1559
2019-07-30,49.9359,49.9406
2019-07-31,51.7681,50.9596
2019-08-01,51.1654,49.8569
2019-08-02,49.1632,48.802
2019-08-05,47.3596,46.2474
2019-08-06,46.9578,47.1228
2019-08-07,46.7425,47.6108
2019-08-08,47.8883,48.6609
2019-08-09,48.3344,48.2599
2019-08-12,47.931,48.1375
2019-08-13,48.2671,50.176
2019-08-14,48.781,48.6825
2019-08-15,48.853,48.44
2019-08-16,49.0499,49.5829
2019-08-19,50.5722,50.5074
2019-08-20,50.6346,50.5098
2019-08-21,51.1413,51.0572
2019-08-22,51.1893,51.014
2019-08-23,50.2864,48.6561
2019-08-26,49.4293,49.5805
2019-08-27,49.9095,49.0211
2019-08-28,49.0067,49.35
2019-08-29,50.0631,50.1856
2019-08-30,50.4617,50.1208
2019-09-03,49.5661,49.3908
2019-09-04,50.0367,50.2288
2019-09-05,50.9035,51.2109
2019-09-06,51.3958,51.2061
2019-09-09,51.5855,51.4246
2019-09-10,51.3501,52.0321
2019-09-11,52.361,53.6864
2019-09-12,53.977,53.5664
2019-09-13,52.8244,52.5243
2019-09-16,52.2794,52.8004
2019-09-17,52.8148,52.9925
2019-09-18,53.0789,53.4895
2019-09-19,53.3071,53.0549
2019-09-20,53.1558,52.2794
2019-09-23,52.5723,52.5171
2019-09-24,53.0717,52.2674
2019-09-25,52.4763,53.0717
2019-09-26,52.8244,52.798
2019-09-27,52.9541,52.5411
2019-09-30,53.0405,53.7777
2019-10-01,54.0418,53.9265
2019-10-02,53.5592,52.5747
2019-10-03,52.4475,53.0213
2019-10-04,54.1787,54.5076
2019-10-07,54.3299,54.5196
2019-10-08,54.2219,53.8809
2019-10-09,54.5124,54.5124
2019-10-10,54.7285,55.2472
2019-10-11,55.9339,56.7166
2019-10-14,56.4021,56.635
2019-10-15,56.7599,56.5029
2019-10-16,56.0347,56.2748
2019-10-17,56.4477,56.4933
2019-10-18,56.3277,56.7647
2019-10-21,57.0312,57.7491
2019-10-22,57.9052,57.6171
2019-10-23,58.1309,58.3902
2019-10-24,58.7096,58.4863
2019-10-25,58.3854,59.2066
2019-10-28,59.4083,59.7997
2019-10-29,59.7805,58.4166
2019-10-30,58.7696,58.4094
2019-10-31,59.3651,59.73
2019-11-01,59.9173,61.4252
2019-11-04,61.7878,61.8286
2019-11-05,61.7205,61.7397
2019-11-06,61.6533,61.7662
2019-11-07,62.3129,62.479
2019-11-08,62.3008,62.65
2019-11-11,62.2069,63.1461
2019-11-12,62.9896,63.0883
2019-11-13,62.8884,63.6928
2019-11-14,63.5194,63.2521
2019-11-15,63.5026,64.0035
2019-11-18,64.0131,64.3262
2019-11-19,64.5189,64.1311
2019-11-20,63.9505,63.3846
2019-11-21,63.505,63.1004
2019-11-22,63.2401,63.045
2019-11-25,63.2689,64.1504
2019-11-26,64.2877,63.6495
2019-11-27,63.9602,64.5044
2019-11-29,64.2058,64.3623
2019-12-02,64.3671,63.6182
2019-12-03,62.2093,62.4839
2019-12-04,62.874,63.0354
2019-12-05,63.5291,63.9601
2019-12-06,64.4177,65.1956
2019-12-09,65.0246,64.2829
2019-12-10,64.6874,64.6585
2019-12-11,64.738,65.2101
2019-12-12,64.49,65.3762
2019-12-13,65.3762,66.2649
2019-12-16,66.7105,67.3992
2019-12-17,67.3294,67.5317
2019-12-18,67.3848,67.3703
2019-12-19,67.3126,67.4378
2019-12-20,67.97,67.2981
2019-12-23,67.5606,68.3962
2019-12-24,68.5624,68.4613
2019-12-26,68.5938,69.8196
2019-12-27,70.111,69.7931
2019-12-30,69.7112,70.2073
2019-12-31,69.8244,70.7203
2020-01-02,71.344,72.3339
2020-01-03,71.5632,71.6307
2020-01-06,70.754,72.2014
2020-01-07,72.211,71.8618
2020-01-08,71.5656,73.0178
2020-01-09,73.9932,74.5688
2020-01-10,74.8024,74.7374
2020-01-13,75.0529,76.3341
2020-01-14,76.2715,75.3033
2020-01-15,75.1034,74.9806
2020-01-16,75.5225,75.9199
2020-01-17,76.1679,76.7604
2020-01-21,76.3895,76.2402
2020-01-22,76.7242,76.5123
2020-01-23,76.5653,76.8808
2020-01-24,77.1264,76.6592
2020-01-27,74.6723,74.405
2020-01-28,75.2841,76.5099
2020-01-29,78.1379,78.1114
2020-01-30,77.1963,77.9983
2020-01-31,77.2902,74.5399
2020-02-03,73.2852,74.3352
2020-02-04,75.9367,76.7893
2020-02-05,77.9139,77.4154
2020-02-06,77.6852,78.321
2020-02-07,77.8213,77.2564
2020-02-10,75.8442,77.6233
2020-02-11,78.1182,77.155
2020-02-12,77.604,78.9872
2020-02-13,78.2606,78.4248
2020-02-14,78.3934,78.4441
2020-02-18,76.129,77.0077
2020-02-19,77.2491,78.123
2020-02-20,77.884,77.3216
2020-02-21,76.916,75.5714
2020-02-24,71.7596,71.9817
2020-02-25,72.6504,69.5435
2020-02-26,69.1693,70.6467
2020-02-27,67.8585,66.0287
2020-02-28,62.1035,65.9901
2020-03-02,68.1434,72.1338
2020-03-03,73.307,69.8429
2020-03-04,71.5616,73.0825
2020-03-05,71.3396,70.7119
2020-03-06,68.0758,69.7728
2020-03-09,63.6702,64.2544
2020-03-10,66.9026,68.8821
2020-03-11,66.9629,66.4898
2020-03-12,61.7848,59.9236
2020-03-13,63.9454,67.1029
2020-03-16,58.4076,58.4703
2020-03-17,59.7498,61.0413
2020-03-18,57.8813,59.547
2020-03-19,59.7208,59.0907
2020-03-20,59.6701,55.3393
2020-03-23,55.0593,54.1637
2020-03-24,57.0581,59.5977
2020-03-25,60.5319,59.2694
2020-03-26,59.5108,62.3883
2020-03-27,61.0147,59.8053
2020-03-30,60.5295,61.512
2020-03-31,61.7027,61.3865
2020-04-01,59.506,58.1565
2020-04-02,58.0189,59.127
2020-04-03,58.6128,58.2772
2020-04-06,60.5681,63.3612
2020-04-07,65.3721,62.6273
2020-04-08,63.4264,64.2302
2020-04-09,64.8651,64.6937
2020-04-13,64.771,65.9635
2020-04-14,67.593,69.2949
2020-04-15,68.1724,68.6624
2020-04-16,69.3745,69.208
2020-04-17,68.7252,68.2689
2020-04-20,67.0981,66.8519
2020-04-21,66.695,64.7855
2020-04-22,66.0504,66.6515
2020-04-23,66.596,66.3932
2020-04-24,66.9171,68.31
2020-04-27,68.0275,68.3582
2020-04-28,68.8193,67.2502
2020-04-29,68.7348,69.459
2020-04-30,69.9973,70.9243
2020-05-01,69.1018,69.7825
2020-05-04,69.8066,70.7698
2020-05-05,71.2285,71.832
2020-05-06,72.5321,72.5731
2020-05-07,73.1984,73.3239
2020-05-08,73.9823,75.0691
2020-05-11,74.5778,76.2504
2020-05-12,76.933,75.379
2020-05-13,75.5581,74.4688
2020-05-14,73.7088,74.9263
2020-05-15,72.7018,74.4834
2020-05-18,75.805,76.2383
2020-05-19,76.2552,75.7977
2020-05-20,76.6546,77.2719
2020-05-21,77.1339,76.6958
2020-05-22,76.4343,77.1896
2020-05-26,78.3054,76.6667
2020-05-27,76.5239,77.0007
2020-05-28,76.6764,77.0346
2020-05-29,77.2767,76.9596
2020-06-01,76.9136,77.906
2020-06-02,77.6398,78.2667
2020-06-03,78.5862,78.6976
2020-06-04,78.5209,78.0198
2020-06-05,78.2691,80.2419
2020-06-08,79.9393,80.7163
2020-06-09,80.3968,83.2652
2020-06-10,84.2116,85.4074
2020-06-11,84.5529,81.3069
2020-06-12,83.4419,82.0089
2020-06-15,80.6655,83.0231
2020-06-16,85.0733,85.2234
2020-06-17,85.9666,85.1048
2020-06-18,85.0612,85.1387
2020-06-19,85.8431,84.6522
2020-06-22,85.0443,86.867
2020-06-23,88.1088,88.7212
2020-06-24,88.3508,87.155
2020-06-25,87.3099,88.3121
2020-06-26,88.208,85.5986
2020-06-29,85.5066,87.5714
2020-06-30,87.1599,88.3024
2020-07-01,88.3799,88.1354
2020-07-02,89.0407,88.1354
2020-07-06,89.5611,90.493
2020-07-07,90.8706,90.2122
2020-07-08,91.1877,92.3133
2020-07-09,93.204,92.7103
2020-07-10,92.306,92.8724
2020-07-13,94.1747,92.444
2020-07-14,91.8267,93.9738
2020-07-15,95.8449,94.6201
2020-07-16,93.4945,93.4558
2020-07-17,93.906,93.267
2020-07-20,93.3541,95.2325
2020-07-21,96.0216,93.9181
2020-07-22,93.6204,94.182
2020-07-23,93.9157,89.8951
2020-07-24,88.0966,89.6724
2020-07-27,90.7326,91.7977
2020-07-28,91.3692,90.2897
2020-07-29,90.7714,92.0204
2020-07-30,91.1949,93.1338
2020-07-31,99.6161,102.8839
2020-08-03,104.7623,105.4763
2020-08-04,105.6651,106.1807
2020-08-05,105.9024,106.5656
2020-08-06,106.8972,110.2836
2020-08-07,109.8059,107.7762
2020-08-10,109.219,109.3427
2020-08-11,108.6079,106.0909
2020-08-12,107.1797,109.6167
2020-08-13,110.9941,111.5567
2020-08-14,111.3821,111.4572
2020-08-17,112.5776,111.1663
2020-08-18,110.9189,112.0926
2020-08-19,112.5,112.2332
2020-08-20,112.2745,114.7236
2020-08-21,115.6815,120.6356
2020-08-24,124.8332,122.0785
2020-08-25,120.9533,121.0769
2020-08-26,122.3913,122.7235
2020-08-27,123.3249,121.2564
2020-08-28,122.2288,121.06
2020-08-31,123.7493,125.1654
2020-09-01,128.7737,130.1511
2020-09-02,133.4587,127.4545
2020-09-03,123.0994,117.2504
2020-09-04,116.4647,117.328
2020-09-08,110.5285,109.4324
2020-09-09,113.7391,113.7973
2020-09-10,116.746,110.0823
2020-09-11,111.1299,108.637
2020-09-14,111.2754,111.8962
2020-09-15,114.777,112.0707
2020-09-16,111.7701,108.7631
2020-09-17,106.4255,107.0269
2020-09-18,107.0851,103.632
2020-09-21,101.4011,106.7747
2020-09-22,109.2966,108.4528
2020-09-23,108.2684,103.9036
2020-09-24,102.0121,104.9705
2020-09-25,105.1742,108.9086
2020-09-28,111.5567,111.5082
2020-09-29,111.1105,110.6643
2020-09-30,110.3733,112.3327
2020-10-01,114.1077,113.2832
2020-10-02,109.5003,109.6264
2020-10-05,110.4897,113.0019
2020-10-06,112.2259,109.7622
2020-10-07,111.1784,111.6246
2020-10-08,112.7594,111.5179
2020-10-09,111.8186,113.4578
2020-10-12,116.455,120.6647
2020-10-13,121.5086,117.4638
2020-10-14,117.3668,117.5511
2020-10-15,115.1553,117.0855
2020-10-16,117.6384,115.4463
2020-10-19,116.358,112.4976
2020-10-20,112.7109,113.9816
2020-10-21,113.1668,113.3608
2020-10-22,113.9234,112.2745
2020-10-23,112.8952,111.5858
2020-10-26,110.5867,111.5955
2020-10-27,112.0223,113.0989
2020-10-28,111.5955,107.8611
2020-10-29,108.9959,111.8574
2020-10-30,107.7253,105.5913
2020-11-02,105.8338,105.504
2020-11-03,106.3673,107.1239
2020-11-04,110.7128,111.4985
2020-11-05,114.4084,115.456
2020-11-06,114.9653,115.3248
2020-11-09,117.0835,113.022
2020-11-10,112.2738,112.6819
2020-11-11,113.8673,116.1021
2020-11-12,116.2284,115.83
2020-11-13,116.0535,115.8786
2020-11-16,115.5483,116.8891
2020-11-17,116.1604,116.0049
2020-11-18,115.2471,114.6835
2020-11-19,114.256,115.2762
2020-11-20,115.2762,114.0131
2020-11-23,113.8576,110.622
2020-11-24,110.6803,111.9046
2020-11-25,112.2738,112.7402
2020-11-27,113.2649,113.2843
2020-11-30,113.6535,115.6746
2020-12-01,117.579,119.2405
2020-12-02,118.5604,119.5903
2020-12-03,120.0178,119.4543
2020-12-04,119.1239,118.7839
2020-12-07,118.8422,120.2413
2020-12-08,120.8438,120.8535
2020-12-09,120.9992,118.3272
2020-12-10,117.0835,119.7458
2020-12-11,118.9587,118.9393
2020-12-14,119.1239,118.3272
2020-12-15,120.8146,124.2542
2020-12-16,123.7976,124.1862
2020-12-17,125.2453,125.051
2020-12-18,125.3036,123.0688
2020-12-21,121.4753,124.5943
2020-12-22,127.8785,128.1408
2020-12-23,128.4129,127.2469
2020-12-24,127.5967,128.2283
2020-12-28,130.191,132.8144
2020-12-29,134.1359,131.046
2020-12-30,131.7359,129.9286
2020-12-31,130.2784,128.9278
2021-01-04,129.7343,125.7409
2021-01-05,125.2356,127.2955
2021-01-06,124.0988,123.0105
2021-01-07,124.7206,127.208
2021-01-08,128.6752,128.306
2021-01-11,125.5271,125.323
2021-01-12,124.8567,125.1481
2021-01-13,125.1093,127.1789
2021-01-14,127.0915,125.255
2021-01-15,125.1287,123.5352
2021-01-19,124.1571,124.2057
2021-01-20,125.0121,128.2865
2021-01-21,130.0064,132.9893
2021-01-22,132.4161,135.127
2021-01-25,139.0136,138.8678
2021-01-26,139.5285,139.101
2021-01-27,139.3633,138.0322
2021-01-28,135.5642,133.2031
2021-01-29,131.9789,128.2186
2021-02-01,129.9578,130.3367
2021-02-02,131.8817,131.1627
2021-02-03,131.9108,130.1424
2021-02-04,132.4355,133.4946
2021-02-05,133.6552,133.081
2021-02-08,132.3707,133.227
2021-02-09,132.9448,132.3512
2021-02-10,132.8085,131.7479
2021-02-11,132.2441,131.4949
2021-02-12,130.7359,131.7284
2021-02-16,131.8452,129.6071
2021-02-17,127.7192,127.3203
2021-02-18,125.7244,126.2207
2021-02-19,126.7364,126.3764
2021-02-22,124.5664,122.6105
2021-02-23,120.4308,122.4743
2021-02-24,121.579,121.978
2021-02-25,121.326,117.7353
2021-02-26,119.2922,117.998
2021-03-01,120.421,124.3523
2021-03-02,124.9556,121.7541
2021-03-03,121.4525,118.7765
2021-03-04,118.4748,116.8984
2021-03-05,117.7255,118.1537
2021-03-08,117.6769,113.2298
2021-03-09,115.828,117.8326
2021-03-10,118.4164,116.7524
2021-03-11,119.2436,118.6792
2021-03-12,117.1611,117.7742
2021-03-15,118.144,120.6545
2021-03-16,122.3186,122.1921
2021-03-17,120.7129,121.4038
2021-03-18,119.5744,117.2876
2021-03-19,116.6746,116.7621
2021-03-22,117.093,120.0707
2021-03-23,120.0123,119.2435
2021-03-24,119.516,116.8595
2021-03-25,116.3243,117.346
2021-03-26,117.1125,117.9493
2021-03-29,118.3775,118.1245
2021-03-30,116.8789,116.6746
2021-03-31,118.3775,118.864
2021-04-01,120.3334,119.6912
2021-04-05,120.5378,122.5132
2021-04-06,123.097,122.8148
2021-04-07,122.4451,124.4594
2021-04-08,125.4811,126.8532
2021-04-09,126.3083,129.4222
2021-04-12,128.9551,127.7095
2021-04-13,128.8772,130.8137
2021-04-14,131.31,128.4782
2021-04-15,130.2202,130.8819
2021-04-16,130.6872,130.551
2021-04-19,129.9185,131.2127
2021-04-20,131.3878,129.5292
2021-04-21,128.7994,129.9087
2021-04-22,129.4611,128.3907
2021-04-23,128.6048,130.7067
2021-04-26,131.2029,131.0959
2021-04-27,131.3781,130.7748
2021-04-28,130.697,129.9866
2021-04-29,132.7989,129.8893
2021-04-30,128.235,127.9236
2021-05-03,128.488,128.9745
2021-05-04,127.6609,124.4107
2021-05-05,125.7244,124.654
2021-05-06,124.4496,126.2499
2021-05-07,127.5463,126.9225
2021-05-10,126.1427,123.6473
2021-05-11,120.3819,122.731
2021-05-12,120.2844,119.6703
2021-05-13,121.4346,121.8148
2021-05-14,123.0624,124.2321
2021-05-17,123.6181,123.0819
2021-05-18,123.3646,121.6978
2021-05-19,120.0504,121.5418
2021-05-20,122.0682,124.0957
2021-05-21,124.5928,122.2631
2021-05-24,122.8285,123.891
2021-05-25,124.5928,123.696
2021-05-26,123.7545,123.6473
2021-05-27,123.2476,122.1169
2021-05-28,122.3996,121.4638
2021-06-01,121.922,121.1422
2021-06-02,121.1422,121.9025
2021-06-03,121.5321,120.4208
2021-06-04,120.9375,122.7115
2021-06-07,122.9844,122.7213
2021-06-08,123.4036,123.5401
2021-06-09,123.9982,123.9202
2021-06-10,123.813,122.9259
2021-06-11,123.3354,124.1347
2021-06-14,124.5928,127.1856
2021-06-15,126.6593,126.3668
2021-06-16,127.0784,126.8639
2021-06-17,126.5228,128.4625
2021-06-18,127.4098,127.1661
2021-06-21,127.0101,128.9596
2021-06-22,128.794,130.5973
2021-06-23,130.3926,130.3243
2021-06-24,131.0554,130.0416
2021-06-25,130.0904,129.7492
2021-06-28,130.0417,131.3771
2021-06-29,131.3965,132.8879
2021-06-30,132.732,133.502
2021-07-01,133.1511,133.8042
2021-07-02,134.4183,136.4263
2021-07-06,136.5335,138.4343
2021-07-07,139.9159,140.9199
2021-07-08,138.0054,139.6235
2021-07-09,139.1458,141.4462
2021-07-12,142.5185,140.8517
2021-07-13,140.3935,141.9629
2021-07-14,144.3607,145.3842
2021-07-15,145.472,144.7312
2021-07-16,144.7117,142.6939
2021-07-19,140.1206,138.8534
2021-07-20,139.8379,142.46
2021-07-21,141.8557,141.7289
2021-07-22,142.2553,143.0936
2021-07-23,143.8247,144.8092
2021-07-26,144.5264,145.2283
2021-07-27,145.355,143.0644
2021-07-28,141.1538,141.3195
2021-07-29,141.0369,141.9629
2021-07-30,140.7347,142.1773
2021-08-02,142.6647,141.8459
2021-08-03,142.1286,143.6394
2021-08-04,143.5517,143.2398
2021-08-05,143.269,143.347
2021-08-06,142.8687,142.6637
2021-08-09,142.7223,142.6149
2021-08-10,142.9565,142.1365
2021-08-11,142.5758,142.3904
2021-08-12,142.7125,145.3483
2021-08-13,145.4264,145.5533
2021-08-16,145.0066,147.5252
2021-08-17,146.6564,146.6173
2021-08-18,146.2366,142.8784
2021-08-19,141.5801,143.2103
2021-08-20,143.9328,144.6649
2021-08-23,144.782,146.1487
2021-08-24,145.895,146.0609
2021-08-25,146.2464,144.8309
2021-08-26,144.8211,144.0304
2021-08-27,143.9718,145.0652
2021-08-30,145.4557,149.4776
2021-08-31,149.0286,148.2184
2021-09-01,149.1945,148.8821
2021-09-02,150.2098,149.995
2021-09-03,150.1024,150.6296
2021-09-07,151.2836,152.9627
2021-09-08,153.2458,151.4203
2021-09-09,151.7913,150.4051
2021-09-10,151.3129,145.4263
2021-09-13,147.0468,145.9925
2021-09-14,146.7735,144.5966
2021-09-15,145.0261,145.4849
2021-09-16,144.909,145.2506
2021-09-17,145.2799,142.5856
2021-09-20,140.3793,139.5398
2021-09-21,140.5062,140.0181
2021-09-22,141.0139,142.3806
2021-09-23,143.1615,143.3372
2021-09-24,142.1951,143.4251
2021-09-27,142.0096,141.912
2021-09-28,139.8424,138.5343
2021-09-29,139.081,139.4324
2021-09-30,140.2427,138.134
2021-10-01,138.5245,139.2567
2021-10-04,138.3879,135.8302
2021-10-05,136.1719,137.7533
2021-10-06,136.1524,138.6222
2021-10-07,139.6569,139.8814
2021-10-08,140.6039,139.5008
2021-10-11,138.8857,139.4129
2021-10-12,139.8229,138.1438
2021-10-13,137.8802,137.5581
2021-10-14,138.7295,140.3403
2021-10-15,140.3501,141.3946
2021-10-18,140.0377,143.0639
2021-10-19,143.5129,145.2213
2021-10-20,145.1628,145.7094
2021-10-21,145.2701,145.9242
2021-10-22,146.1292,145.153
2021-10-25,145.1433,145.1042
2021-10-26,145.7778,145.768
2021-10-27,145.8071,145.3092
2021-10-28,146.2561,148.9407
2021-10-29,143.718,146.2366
2021-11-01,145.4459,145.4166
2021-11-02,145.1237,146.4514
2021-11-03,146.8126,147.8865
2021-11-04,147.9743,147.369
2021-11-05,148.4933,147.897
2021-11-08,148.024,147.0757
2021-11-09,146.8411,147.4375
2021-11-10,146.6651,144.6121
2021-11-11,145.6288,144.5632
2021-11-12,145.1107,146.6358
2021-11-15,147.0073,146.6456
2021-11-16,146.5869,147.6232
2021-11-17,147.6232,150.0575
2021-11-18,150.2726,154.3396
2021-11-19,154.1245,156.9596
2021-11-22,158.0644,157.4191
2021-11-23,157.5169,157.8004
2021-11-24,157.1552,158.3186
2021-11-26,156.0016,153.3033
2021-11-29,155.806,156.6566
2021-11-30,156.4122,161.6034
2021-12-01,163.7346,161.0853
2021-12-02,155.1901,160.0979
2021-12-03,160.3521,158.2208
2021-12-06,160.616,161.623
2021-12-07,165.2989,167.3519
2021-12-08,168.2806,171.1647
2021-12-09,170.9985,170.6563
2021-12-10,171.2918,175.437
2021-12-13,177.0696,171.8099
2021-12-14,171.3309,170.4315
2021-12-15,171.194,175.2903
2021-12-16,175.2708,168.4078
2021-12-17,166.1299,167.3128
2021-12-20,164.5168,165.9539
2021-12-21,167.7234,169.1215
2021-12-22,169.1703,171.7122
2021-12-23,171.9175,172.3379
2021-12-27,173.1298,176.2973
2021-12-28,176.1311,175.2805
2021-12-29,175.3196,175.3685
2021-12-30,175.4566,174.215
2021-12-31,174.1074,173.599
2022-01-03,173.8532,177.9397
2022-01-04,178.5458,175.6813
2022-01-05,175.5934,171.0083
2022-01-06,168.8379,168.1535
2022-01-07,169.0237,168.3198
2022-01-10,165.2989,168.3393
2022-01-11,168.4664,171.1647
2022-01-12,172.1814,171.6046
2022-01-13,171.849,168.3393
2022-01-14,167.5083,169.1997
2022-01-18,167.6745,166.0028
2022-01-19,166.1983,162.5126
2022-01-20,163.2458,160.8311
2022-01-21,160.7431,158.778
2022-01-24,156.4415,158.0057
2022-01-25,155.4247,156.2068
2022-01-26,159.8436,156.1188
2022-01-27,158.8171,155.6594
2022-01-28,162.0042,166.5209
2022-01-31,166.3547,170.8714
2022-02-01,170.1186,170.7052
2022-02-02,170.842,171.9077
2022-02-03,170.5781,169.0335
2022-02-04,168.0545,168.7496
2022-02-07,169.2096,168.035
2022-02-08,168.1035,171.1381
2022-02-09,172.3323,172.5574
2022-02-10,170.4626,168.4853
2022-02-11,168.6909,165.0788
2022-02-14,163.8356,165.3137
2022-02-15,167.3596,169.1411
2022-02-16,168.221,168.9062
2022-02-17,167.4183,165.3137
2022-02-18,166.2338,163.7671
2022-02-22,161.4961,160.85
2022-02-23,162.0442,156.6897
2022-02-24,149.3579,159.3034
2022-02-25,160.3801,161.3688
2022-02-28,159.6166,161.6331
2022-03-01,161.222,159.7536
2022-03-02,160.9185,163.0427
2022-03-03,164.9124,162.7197
2022-03-04,161.0164,159.7243
2022-03-07,159.9103,155.936
2022-03-08,155.4661,154.1153
2022-03-09,158.07,159.509
2022-03-10,156.817,155.1725
2022-03-11,155.5738,151.4625
2022-03-14,148.2518,147.4393
2022-03-15,147.7134,151.8149
2022-03-16,153.7335,156.2199
2022-03-17,155.2606,157.2281
2022-03-18,157.1205,160.5172
2022-03-21,160.0571,161.8876
2022-03-22,162.0148,165.255
2022-03-23,164.4425,166.6156
2022-03-24,167.4477,170.3941
2022-03-25,170.2081,171.0304
2022-03-28,168.5342,171.8918
2022-03-29,172.9588,175.1808
2022-03-30,174.7795,174.016
2022-03-31,174.0845,170.9227
2022-04-01,170.355,170.6291
2022-04-04,170.8836,174.6718
2022-04-05,173.7517,171.3632
2022-04-06,168.7202,168.2014
2022-04-07,167.5456,168.5049
2022-04-08,168.1524,166.4981
2022-04-11,165.1473,162.2498
2022-04-12,164.4718,164.1194
2022-04-13,163.8552,166.8016
2022-04-14,167.017,161.7995
2022-04-18,160.4585,161.5842
2022-04-19,161.5352,163.8649
2022-04-20,165.1962,163.6985
2022-04-21,165.343,162.9056
2022-04-22,162.9448,158.3734
2022-04-25,157.7176,159.4404
2022-04-26,158.8237,153.4888
2022-04-27,152.6176,153.2637
2022-04-28,155.887,160.1843
2022-04-29,158.4224,154.3209
2022-05-02,153.4007,154.6243
2022-05-03,154.8103,156.1122
2022-05-04,156.2982,162.5141
2022-05-05,160.3899,153.4594
2022-05-06,152.9399,154.1849
2022-05-09,151.8811,149.0676
2022-05-10,152.4595,151.4694
2022-05-11,150.4793,143.617
2022-05-12,139.9604,139.7545
2022-05-13,141.7446,144.215
2022-05-16,142.6857,142.6759
2022-05-17,145.9306,146.3031
2022-05-18,143.9601,138.0488
2022-05-19,137.1273,134.6471
2022-05-20,136.3529,134.8824
2022-05-23,135.0784,140.2937
2022-05-24,138.039,137.5979
2022-05-25,135.7058,137.7547
2022-05-26,134.6863,140.9506
2022-05-27,142.5288,146.6952
2022-05-31,146.1364,145.911
2022-06-01,146.9501,145.7835
2022-06-02,144.9209,148.2343
2022-06-03,144.0091,142.519
2022-06-06,144.1366,143.2641
2022-06-07,141.5093,145.7835
2022-06-08,145.6561,145.0483
2022-06-09,144.1856,139.833
2022-06-10,137.5194,134.4314
2022-06-13,130.2552,129.2847
2022-06-14,130.5101,130.1474
2022-06-15,131.6473,132.7648
2022-06-16,129.4808,127.5005
2022-06-17,127.5103,128.971
2022-06-21,130.7944,133.1962
2022-06-22,132.1374,132.6864
2022-06-23,134.1275,135.549
2022-06-24,137.1469,138.8723
2022-06-27,139.8918,138.8723
2022-06-28,139.333,134.7353
2022-06-29,134.7549,136.4901
2022-06-30,134.549,134.0295
2022-07-01,133.3629,136.196
2022-07-05,135.0588,138.7742
2022-07-06,138.5684,140.1075
2022-07-07,140.4702,143.47
2022-07-08,142.4014,144.1464
2022-07-11,142.8033,142.0191
2022-07-12,142.8916,142.9896
2022-07-13,140.1761,142.6269
2022-07-14,141.2446,145.5482
2022-07-15,146.8325,147.2148
2022-07-18,147.7735,144.1758
2022-07-19,145.0091,148.0285
2022-07-20,148.1461,150.0283
2022-07-21,151.4596,152.2928
2022-07-22,152.3321,151.0577
2022-07-25,150.9792,149.9401
2022-07-26,149.2637,148.6167
2022-07-27,149.5774,153.7045
2022-07-28,153.8908,154.2535
2022-07-29,158.0669,159.3119
2022-08-01,157.8415,158.3316
2022-08-02,156.9494,156.8611
2022-08-03,157.6748,162.8607
2022-08-04,162.7431,162.547
2022-08-05,160.2204,162.3212
2022-08-08,163.3225,161.85
2022-08-09,161.0156,161.8991
2022-08-10,164.6085,166.14
2022-08-11,166.945,165.4037
2022-08-12,166.7094,168.9476
2022-08-15,168.3782,170.0176
2022-08-16,169.6151,169.8605
2022-08-17,169.6053,171.3527
2022-08-18,170.5674,170.96
2022-08-19,169.8606,168.3782
2022-08-22,166.5817,164.5005
2022-08-23,164.0195,164.1668
2022-08-24,164.2551,164.4613
2022-08-25,165.6884,166.9155
2022-08-26,167.4456,160.6229
2022-08-29,158.1981,158.4239
2022-08-30,159.1602,155.9992
2022-08-31,157.3735,154.3401
2022-09-01,153.7708,155.0666
2022-09-02,156.8238,152.9559
2022-09-06,153.6039,151.6994
2022-09-07,151.9841,153.1032
2022-09-08,151.8074,151.6307
2022-09-09,152.6222,154.4874
2022-09-12,156.6667,160.4364
2022-09-13,156.971,151.022
2022-09-14,151.9546,152.4651
2022-09-15,151.8172,149.579
2022-09-16,148.4403,147.9396
2022-09-19,146.575,151.6503
2022-09-20,150.5901,154.026
2022-09-21,154.4579,150.9043
2022-09-22,149.5888,149.9422
2022-09-23,148.4206,147.6745
2022-09-26,146.9186,148.0083
2022-09-27,149.9422,148.9802
2022-09-28,144.9356,147.0953
2022-09-29,143.4238,139.8701
2022-09-30,138.6921,135.6685
2022-10-03,135.6784,139.8407
2022-10-04,142.3734,143.4238
2022-10-05,141.431,143.7183
2022-10-06,143.1391,142.7661
2022-10-07,139.929,137.5239
2022-10-10,137.8479,137.8479
2022-10-11,137.3374,136.4342
2022-10-12,136.5815,135.806
2022-10-13,132.5173,140.3708
2022-10-14,141.6666,135.8452
2022-10-17,138.486,139.8015
2022-10-18,142.825,141.1169
2022-10-19,139.0946,141.2249
2022-10-20,140.4003,140.7635
2022-10-21,140.253,144.5724
2022-10-24,144.4939,146.7125
2022-10-25,147.3408,149.5495
2022-10-26,148.1948,146.6143
2022-10-27,145.3578,142.1477
2022-10-28,145.4854,152.8873
2022-10-31,150.3545,150.5312
2022-11-01,152.2393,147.8905
2022-11-02,146.2216,142.3734
2022-11-03,139.4578,136.3361
2022-11-04,139.7186,136.0706
2022-11-07,134.8218,136.6015
2022-11-08,138.0667,137.1719
2022-11-09,136.1886,132.6192
2022-11-10,138.8829,144.4189
2022-11-11,143.3864,147.2017
2022-11-14,146.4839,145.8054
2022-11-15,149.6796,147.536
2022-11-16,146.6412,146.3068
2022-11-17,143.9863,148.2047
2022-11-18,149.7681,148.7651
2022-11-21,147.654,145.5399
2022-11-22,145.6579,147.6736
2022-11-23,146.9558,148.5488
2022-11-25,145.8349,145.6382
2022-11-28,142.7178,141.8131
2022-11-29,141.8819,138.814
2022-11-30,139.0402,145.5595
2022-12-01,145.7365,145.8349
2022-12-02,143.5241,145.3432
2022-12-05,145.3039,144.1829
2022-12-06,144.6156,140.525
2022-12-07,139.817,138.5879
2022-12-08,139.9842,140.2693
2022-12-09,139.9645,139.7875
2022-12-12,140.3185,142.0786
2022-12-13,147.005,143.0423
2022-12-14,142.9243,140.82
2022-12-15,138.755,134.2219
2022-12-16,134.4088,132.2652
2022-12-19,132.8552,130.1609
2022-12-20,129.1972,130.0921
2022-12-21,130.7607,133.1895
2022-12-22,132.1078,130.0232
2022-12-23,128.7351,129.6594
2022-12-27,129.1874,127.86
2022-12-28,127.5059,123.9365
2022-12-29,125.854,127.447
2022-12-30,126.267,127.7616
2023-01-03,128.1058,122.9827
2023-01-04,124.7724,124.2512
2023-01-05,125.0083,122.9335
2023-01-06,123.907,127.4568
2023-01-09,128.2926,127.9779
2023-01-10,128.0861,128.5483
2023-01-11,129.0596,131.2622
2023-01-12,131.6457,131.1835
2023-01-13,129.8266,132.511
2023-01-17,132.5798,133.6713
2023-01-18,134.5367,132.9535
2023-01-19,131.8423,133.0125
2023-01-20,133.0223,135.5691
2023-01-23,135.8149,138.755
2023-01-24,137.9684,140.1513
2023-01-25,138.5387,139.4925
2023-01-26,140.7807,141.5575
2023-01-27,140.7708,143.4946
2023-01-30,142.5408,140.6135
2023-01-31,140.3185,141.882
2023-02-01,141.5673,143.0029
2023-02-02,146.415,148.303
2023-02-03,145.5595,151.9216
2023-02-06,150.0238,149.1978
2023-02-07,148.126,152.069
2023-02-08,151.3119,149.3846
2023-02-09,151.2136,148.3522
2023-02-10,147.1901,148.7165
2023-02-13,148.6574,151.5134
2023-02-14,149.8096,150.8732
2023-02-15,150.7846,152.9709
2023-02-16,151.1786,151.3755
2023-02-17,150.0362,150.2331
2023-02-21,147.9189,146.225
2023-02-22,146.609,146.6484
2023-02-23,147.8105,147.131
2023-02-24,144.8757,144.4818
2023-02-27,145.4666,145.6734
2023-02-28,144.8167,145.1712
2023-03-01,144.6,143.1031
2023-03-02,142.1872,143.694
2023-03-03,145.7916,148.7362
2023-03-06,151.4543,151.4937
2023-03-07,151.3657,149.2976
2023-03-08,150.4892,150.5483
2023-03-09,151.2278,148.3029
2023-03-10,147.9287,146.2447
2023-03-13,145.5651,148.1847
2023-03-14,148.9824,150.2725
2023-03-15,148.8938,150.6665
2023-03-16,149.8491,153.483
2023-03-17,153.7095,152.6459
2023-03-20,152.7148,155.0094
2023-03-21,154.9307,156.8609
2023-03-22,156.8806,155.433
2023-03-23,156.4178,156.5162
2023-03-24,156.4473,157.8162
2023-03-27,157.5109,155.8761
2023-03-28,155.5708,155.2557
2023-03-29,156.9495,158.3283
2023-03-30,159.0768,159.8941
2023-03-31,159.9729,162.3956
2023-04-03,161.7751,163.6463
2023-04-04,164.0698,163.1145
2023-04-05,162.238,161.2729
2023-04-06,159.9631,162.1592
2023-04-10,158.9684,159.5692
2023-04-11,159.8843,158.3578
2023-04-12,158.7715,157.6685
2023-04-13,159.1752,163.0455
2023-04-14,162.0903,162.7009
2023-04-17,162.5827,162.7206
2023-04-18,163.5774,163.9417
2023-04-19,163.2819,165.0841
2023-04-20,163.5675,164.119
2023-04-21,162.5433,162.5138
2023-04-24,162.4941,162.819
2023-04-25,162.6812,161.2827
2023-04-26,160.5835,161.2729
2023-04-27,162.6812,165.8523
2023-04-28,165.9311,167.103
2023-05-01,166.7091,167.0143
2023-05-02,167.5068,165.9803
2023-05-03,166.9257,164.9068
2023-05-04,162.3857,163.2721
2023-05-05,168.3832,170.9339
2023-05-08,169.8604,170.865
2023-05-09,170.4218,169.1612
2023-05-10,170.3922,170.924
2023-05-11,171.2096,171.1111
2023-05-12,171.2196,170.1842
2023-05-15,170.766,169.6911
2023-05-16,169.6122,169.6911
2023-05-17,169.3361,170.3025
2023-05-18,170.6082,172.6299
2023-05-19,173.9513,172.7383
2023-05-22,171.5747,171.7916
2023-05-23,170.7364,169.1881
2023-05-24,168.7246,169.4642
2023-05-25,170.0264,170.5984
2023-05-26,170.9238,173.0046
2023-05-30,174.5135,174.8488
2023-05-31,174.8783,174.7994
2023-06-01,175.2432,177.6002
2023-06-02,178.5272,178.4483
2023-06-05,180.1051,177.0972
2023-06-06,177.4819,176.7324
2023-06-07,175.973,175.3616
2023-06-08,175.4405,178.0736
2023-06-09,178.9907,178.4581
2023-06-12,178.7639,181.249
2023-06-13,180.2727,180.7757
2023-06-14,180.8348,181.4068
2023-06-15,181.4167,183.4384
2023-06-16,184.1484,182.3634
2023-06-20,181.8605,182.4521
2023-06-21,182.3437,181.4167
2023-06-22,181.1997,184.4146
2023-06-23,182.9847,184.0991
2023-06-26,184.247,182.7086
2023-06-27,183.32,185.46
2023-06-28,185.3318,186.6335
2023-06-29,186.4659,186.9688
2023-06-30,188.9806,191.2883
2023-07-03,191.1009,189.7992
2023-07-05,188.9215,188.6848
2023-07-06,187.2154,189.1581
2023-07-07,188.7637,188.0438
2023-07-10,186.6434,186.0024
2023-07-11,186.5448,185.4797
2023-07-12,187.0576,187.1464
2023-07-13,187.8663,187.9057
2023-07-14,187.6,188.0536
2023-07-17,189.2469,191.308
2023-07-18,190.6769,191.0516
2023-07-19,190.4303,192.4027
2023-07-20,192.3928,190.4599
2023-07-21,191.4165,189.2863
2023-07-24,190.7361,190.0852
2023-07-25,190.6571,190.9431
2023-07-26,190.9924,191.811
2023-07-27,193.31,190.5487
2023-07-28,191.9786,193.1226
2023-07-31,193.3494,193.734
2023-08-01,193.5269,192.9056
2023-08-02,192.3435,189.9175
2023-08-03,188.9215,188.527
2023-08-04,182.9551,179.4739
2023-08-07,179.612,176.3773
2023-08-08,177.2057,177.3142
2023-08-09,178.3694,175.7265
2023-08-10,176.9986,175.5095
2023-08-11,175.1046,175.5687
2023-08-14,175.7465,177.2179
2023-08-15,176.6451,175.233
2023-08-16,174.917,174.364
2023-08-17,174.9269,171.8261
2023-08-18,170.1473,172.31
2023-08-21,172.8827,173.6431
2023-08-22,174.8479,175.0157
2023-08-23,176.2896,178.8571
2023-08-24,178.4128,174.1764
2023-08-25,175.1639,176.3785
2023-08-28,177.84,177.9388
2023-08-29,177.4549,181.8197
2023-08-30,182.6294,185.3055
2023-08-31,185.4932,185.5228
2023-09-01,187.1226,187.0929
2023-09-05,185.9277,187.33
2023-09-06,186.0462,180.6248
2023-09-07,172.9914,175.3416
2023-09-08,176.1218,175.9539
2023-09-11,177.8203,177.1191
2023-09-12,177.2475,174.0974
2023-09-13,174.3047,172.0335
2023-09-14,171.8261,173.5444
2023-09-15,174.2751,172.8235
2023-09-18,174.2751,175.7465
2023-09-19,175.3021,176.8328
2023-09-20,177.0204,173.2975
2023-09-21,172.3692,171.757
2023-09-22,172.4877,172.6062
2023-09-25,172.0236,173.8801
2023-09-26,172.6359,169.8116
2023-09-27,170.4633,168.3007
2023-09-28,167.2243,168.5574
2023-09-29,169.8708,169.071
2023-10-02,169.0808,171.5792
2023-10-03,170.1078,170.2461
2023-10-04,168.9525,171.4904
2023-10-05,171.6187,172.7247
2023-10-06,171.6286,175.2725
2023-10-09,174.601,176.7538
2023-10-10,175.8749,176.1612
2023-10-11,175.9736,177.5536
2023-10-12,177.8203,178.4523
2023-10-13,179.1534,176.6155
2023-10-16,174.5417,176.4871
2023-10-17,174.443,174.9368
2023-10-18,173.3864,173.6431
2023-10-19,173.8406,173.2679
2023-10-20,173.1197,170.7201
2023-10-23,168.7747,170.8386
2023-10-24,170.888,171.2731
2023-10-25,169.7326,168.9623
2023-10-26,168.2414,164.8049
2023-10-27,164.8247,166.1183
2023-10-30,166.9083,168.1624
2023-10-31,167.2342,168.6365
2023-11-01,168.8636,171.7965
2023-11-02,173.3271,175.3515
2023-11-03,172.0631,174.443
2023-11-06,174.1764,176.9908
2023-11-07,176.9414,179.5484
2023-11-08,180.0718,180.605
2023-11-09,180.6742,180.131
2023-11-10,181.9109,184.3137
2023-11-13,183.7402,182.7316
2023-11-14,185.5991,185.342
2023-11-15,185.7475,185.9057
2023-11-16,187.4482,187.5867
2023-11-17,188.1206,187.5669
2023-11-20,187.7646,189.3071
2023-11-21,189.2676,188.5062
2023-11-22,189.3467,189.1687
2023-11-24,188.7337,187.8437
2023-11-27,187.7943,187.6657
2023-11-28,187.6558,188.2689
2023-11-29,188.7633,187.2505
2023-11-30,187.7152,187.8239
2023-12-01,188.1997,189.0995
2023-12-04,187.8536,187.3097
2023-12-05,188.081,191.2551
2023-12-06,192.2736,190.1674
2023-12-07,191.4628,192.0956
2023-12-08,192.0264,193.5195
2023-12-11,190.9486,191.0178
2023-12-12,190.9189,192.5307
2023-12-13,192.9064,195.7443
2023-12-14,195.8036,195.8926
2023-12-15,195.3191,195.3587
2023-12-18,193.8953,193.6975
2023-12-19,193.9644,194.7357
2023-12-20,194.6961,192.6493
2023-12-21,193.9051,192.501
2023-12-22,192.9954,191.4331
2023-12-26,191.443,190.8893
2023-12-27,190.3355,190.9881
2023-12-28,191.967,191.4133
2023-12-29,191.7298,190.3751
2024-01-02,185.0553,183.5622
2024-01-03,182.1581,182.1877
2024-01-04,180.1112,179.8739
2024-01-05,179.953,179.1521
2024-01-08,180.0519,183.4831
2024-01-09,181.8614,183.0678
2024-01-10,182.2866,184.106
2024-01-11,184.4521,183.5127
2024-01-12,183.9775,183.8391
2024-01-16,180.1211,181.5747
2024-01-17,179.2411,180.6353
2024-01-18,184.0071,186.5187
2024-01-19,187.2109,189.4159
2024-01-22,190.1476,191.7198
2024-01-23,192.8372,192.9954
2024-01-24,193.2327,192.323
2024-01-25,193.035,191.9967
2024-01-26,192.0956,190.2663
2024-01-29,189.8609,189.584
2024-01-30,188.8029,185.9353
2024-01-31,184.9465,182.3361
2024-02-01,181.9307,184.7685
2024-02-02,177.8469,183.7699
2024-02-05,186.0441,185.5793
2024-02-06,184.7685,187.1812
2024-02-07,188.5062,187.29
2024-02-08,187.2702,186.2122
2024-02-09,186.7765,186.9745
2024-02-12,186.5488,185.2914
2024-02-13,183.9251,183.2024
2024-02-14,183.4796,182.3212
2024-02-15,181.7272,182.0341
2024-02-16,181.5985,180.4995
2024-02-20,179.9846,179.7569
2024-02-21,180.1332,180.5094
2024-02-22,181.6579,182.539
2024-02-23,183.1727,180.7074
2024-02-26,180.4302,179.3609
2024-02-27,179.3015,180.8163
2024-02-28,180.6975,179.6183
2024-02-29,179.4698,178.955
2024-03-01,177.7669,177.8758
2024-03-04,174.4006,173.3611
2024-03-05,169.0642,168.4305
2024-03-06,169.3612,167.4405
2024-03-07,167.4702,167.3217
2024-03-08,167.3217,169.0345
2024-03-11,171.2225,171.0344
2024-03-12,171.4305,171.5097
2024-03-13,171.0542,169.4305
2024-03-14,171.1928,171.2819
2024-03-15,169.4701,170.9057
2024-03-18,173.8264,171.9948
2024-03-19,172.6086,174.3314
2024-03-20,173.9749,176.8956
2024-03-21,175.2918,169.6682
2024-03-22,170.0543,170.5691
2024-03-25,168.8761,169.1533
2024-03-26,168.3117,168.0246
2024-03-27,168.7177,171.5889
2024-03-28,170.0444,169.777
2024-04-01,169.4899,168.3414
2024-04-02,167.4009,167.1633
2024-04-03,167.1137,167.9652
2024-04-04,168.5989,167.1435
2024-04-05,167.9058,167.8959
2024-04-08,167.3514,166.7771
2024-04-09,167.0247,167.985
2024-04-10,167.1237,166.1138
2024-04-11,166.6682,173.3017
2024-04-12,172.5294,174.7967
2024-04-15,173.6185,170.975
2024-04-16,170.0444,167.6979
2024-04-17,167.9256,166.3316
2024-04-18,166.3613,165.3811
2024-04-19,164.5594,163.3614
2024-04-22,163.8762,164.1931
2024-04-23,163.7079,165.2425
2024-04-24,164.8861,167.3415
2024-04-25,167.8464,168.2028
2024-04-26,168.1929,167.6187
2024-04-29,171.6483,171.777
2024-04-30,171.6087,168.6385
2024-05-01,167.8959,167.6187
2024-05-02,170.7968,171.3117
2024-05-03,184.7964,181.5589
2024-05-06,180.5391,179.9055
2024-05-07,181.6282,180.5886
2024-05-08,181.0342,180.9252
2024-05-09,180.747,182.7371
2024-05-10,183.3121,181.478
2024-05-13,183.8474,184.6802
2024-05-14,185.8996,185.8203
2024-05-15,186.2962,188.0907
2024-05-16,188.8342,188.2096
2024-05-17,187.8825,188.2394
2024-05-20,187.704,189.3993
2024-05-21,189.4489,190.6981
2024-05-22,190.6188,189.2605
2024-05-23,189.3399,185.2751
2024-05-24,187.1984,188.3484
2024-05-28,189.8653,188.3584
2024-05-29,187.9816,188.6558
2024-05-30,189.1217,189.6472
2024-05-31,189.7959,190.5989
2024-06-03,191.2434,192.3637
2024-06-04,192.9684,192.6809
2024-06-05,193.7219,194.1878
2024-06-06,194.0094,192.8098
2024-06-07,192.9783,195.1991
2024-06-10,195.209,191.4615
2024-06-11,191.9869,205.371
2024-06-12,205.5891,211.2401
2024-06-13,212.8958,212.4001
2024-06-14,212.0135,210.6651
2024-06-17,211.5376,214.8092
2024-06-18,215.7213,212.4496
2024-06-20,212.0928,207.8793
2024-06-21,208.5832,205.7081
2024-06-24,205.9361,206.3525
2024-06-25,207.3538,207.2745
2024-06-26,209.6836,211.4186
2024-06-27,212.8462,212.2613
2024-06-28,213.917,208.8112
2024-07-01,210.2686,214.8885
2024-07-02,214.2937,218.3783
2024-07-03,218.1106,219.6473
2024-07-05,219.7465,224.3962
2024-07-08,225.1397,225.8635
2024-07-09,225.9725,226.7161
2024-07-10,227.3308,230.9792
2024-07-11,229.4028,225.6156
2024-07-12,226.954,228.5601
2024-07-15,234.4491,232.387
2024-07-16,232.9818,232.8034
2024-07-17,227.4795,226.9144
2024-07-18,228.3023,222.2547
2024-07-19,222.8893,222.3836
2024-07-22,225.0604,222.0366
2024-07-23,222.4431,223.0776
2024-07-24,222.0763,216.6632
2024-07-25,217.0498,215.6222
2024-07-26,216.8218,216.0882
2024-07-29,215.0967,216.3658
2024-07-30,217.3076,216.9209
2024-07-31,219.5383,220.1728
2024-08-01,222.4431,216.4847
2024-08-02,217.2679,217.9718
2024-08-05,197.3802,207.4728
2024-08-06,203.5369,205.4503
2024-08-07,205.1231,208.0181
2024-08-08,211.2798,211.4781
2024-08-09,210.2785,214.3829
2024-08-12,214.4623,215.9115
2024-08-13,217.3804,219.6236
2024-08-14,218.9289,220.0703
2024-08-15,222.9289,223.048
2024-08-16,222.2539,224.3681
2024-08-19,224.0405,224.2093
2024-08-20,224.0902,224.8246
2024-08-21,224.8346,224.7155
2024-08-22,226.0951,222.8594
2024-08-23,223.981,225.1522
2024-08-26,225.0728,225.4897
2024-08-27,224.3185,226.3334
2024-08-28,226.2242,224.8048
2024-08-29,228.388,228.0803
2024-08-30,228.4773,227.2961
2024-09-03,226.8495,221.1125
2024-09-04,220.0107,219.2068
2024-09-05,219.981,220.7254
2024-09-06,222.2837,219.177
2024-09-09,219.177,219.2663
2024-09-10,217.2911,218.4723
2024-09-11,219.8122,221.0033
2024-09-12,220.8445,221.1125
2024-09-13,221.9164,220.8445
2024-09-16,214.9288,214.7104
2024-09-17,214.1447,215.177
2024-09-18,215.9313,219.048
2024-09-19,223.316,227.1671
2024-09-20,228.2589,226.5021
2024-09-23,225.6485,224.785
2024-09-24,226.9487,225.6782
2024-09-25,223.2564,224.6857
2024-09-26,225.6088,225.8271
2024-09-27,226.7602,226.0951
2024-09-30,228.3284,231.2663
2024-10-01,227.8123,224.5269
2024-10-02,224.2093,225.0927
2024-10-03,223.4648,223.9909
2024-10-04,226.2043,225.1125
2024-10-07,222.8296,220.0405
2024-10-08,222.6311,224.0902
2024-10-09,223.5541,227.8321
2024-10-10,226.0852,227.3358
2024-10-11,227.5939,225.8569
2024-10-14,226.9984,229.579
2024-10-15,231.8718,232.11
2024-10-16,229.8768,230.0555
2024-10-17,231.6932,230.4227
2024-10-18,234.4227,233.2515
2024-10-21,232.7056,234.7205
2024-10-22,232.1497,234.1051
2024-10-23,232.3383,229.043
2024-10-24,228.2688,228.8544
2024-10-25,228.0306,229.6882
2024-10-28,231.584,231.6634
2024-10-29,231.3656,231.9314
2024-10-30,230.8793,228.3879
2024-10-31,227.6336,224.2291
2024-11-01,219.3259,221.2514
2024-11-04,219.3457,220.3581
2024-11-05,220.1497,221.7874
2024-11-06,220.9537,221.0628
2024-11-07,222.9587,225.7874
2024-11-08,225.7278,225.5191
2024-11-11,223.5716,222.8065
2024-11-12,223.1245,222.8065
2024-11-13,222.5878,223.6908
2024-11-14,223.5915,226.7711
2024-11-15,224.9627,223.5716
2024-11-18,223.82,226.5724
2024-11-19,225.539,226.8307
2024-11-20,226.6122,227.5462
2024-11-21,227.427,227.0692
2024-11-22,226.6122,228.4107
2024-11-25,229.9906,231.3916
2024-11-26,231.8487,233.5677
2024-11-27,232.9815,233.4385
2024-11-29,233.3193,235.8233
2024-12-02,235.7637,238.069
2024-12-03,238.2876,241.1095
2024-12-04,241.3281,241.4673
2024-12-05,242.441,241.4971
2024-12-06,241.3679,241.2983
2024-12-09,240.2948,245.1835
2024-12-10,245.3226,246.197
2024-12-11,246.3858,244.9252
2024-12-12,245.3226,246.3858
2024-12-13,246.2467,246.5547
2024-12-16,246.4156,249.4463
2024-12-17,248.4924,251.8708
2024-12-18,250.5592,246.4753
2024-12-19,245.9287,248.2042
2024-12-20,246.4653,252.8744
2024-12-23,253.1526,253.6494
2024-12-24,253.868,256.5609
2024-12-26,256.5509,257.3756
2024-12-27,256.1932,253.9674
2024-12-30,250.6287,250.5989
2024-12-31,250.8374,248.8302
2025-01-02,247.3497,242.3019
2025-01-03,241.815,241.815
2025-01-06,242.759,243.4446
2025-01-07,241.4374,240.6723
2025-01-08,240.3842,241.1592
2025-01-10,238.4863,235.3464
2025-01-13,232.0475,232.9119
2025-01-14,233.2597,231.799
2025-01-15,233.1504,236.3599
2025-01-16,235.8432,226.8109
2025-01-17,230.6464,228.52
2025-01-21,222.5779,221.2266
2025-01-22,218.3947,222.409
2025-01-23,223.3133,222.2401
2025-01-24,223.353,221.3657
2025-01-27,222.5978,228.4007
2025-01-28,229.3844,236.7474
2025-01-29,232.6337,237.8404
2025-01-30,237.1548,236.0816
2025-01-31,245.6207,234.5018
2025-02-03,228.5299,226.5625
2025-02-04,225.8073,231.3221
2025-02-05,227.0792,230.9942
2025-02-06,229.8217,231.7394
2025-02-07,231.1233,226.1849
2025-02-10,228.3634,226.4535
2025-02-11,227.0006,231.3973
2025-02-12,229.9848,235.625
2025-02-13,235.6648,240.2605
2025-02-14,239.982,243.3144
2025-02-18,242.8667,243.1851
2025-02-19,243.3741,243.583
2025-02-20,243.6526,244.5379
2025-02-21,244.6573,244.2594
2025-02-24,243.6426,245.8013
2025-02-25,246.6965,245.7415
2025-02-26,243.0458,239.0967
2025-02-27,238.1517,236.0528
2025-02-28,235.7046,240.5689
2025-03-03,240.5191,236.7789
2025-03-04,236.4606,234.6899
2025-03-05,234.1826,234.5009
2025-03-06,233.2078,234.0931
2025-03-07,233.8743,237.8135
2025-03-10,234.302,226.2844
2025-03-11,222.6337,219.6793
2025-03-12,218.9829,215.8396
2025-03-13,214.815,208.5779
2025-03-14,210.1397,212.3679
2025-03-17,212.1888,212.8752
2025-03-18,213.0344,211.5721
2025-03-19,213.094,214.1087
2025-03-20,212.8653,212.9747
2025-03-21,210.448,217.1228
2025-03-24,219.8384,219.5698
2025-03-25,219.6096,222.574
2025-03-26,222.3352,220.3656
2025-03-27,220.2264,222.6734
2025-03-28,220.5049,216.7547
2025-03-31,215.8694,220.9625
2025-04-01,218.6547,222.0169
2025-04-02,220.1567,222.7132
2025-04-03,204.4597,202.1221
2025-04-04,192.8709,187.3899
2025-04-07,176.2686,180.5063
2025-04-08,185.7187,171.5138
2025-04-09,171.0462,197.8049
2025-04-10,188.0763,189.4192
2025-04-11,185.1219,197.1085
2025-04-14,210.3287,201.4556
2025-04-15,200.799,201.0775
2025-04-16,197.3174,193.2489
2025-04-17,196.1635,195.9447
2025-04-21,192.2542,192.1447
2025-04-22,195.0892,198.6902
2025-04-23,204.9173,203.5246
2025-04-24,203.8131,207.2748
2025-04-25,205.2853,208.18
2025-04-28,208.8962,209.0355
2025-04-29,207.5931,210.0999
2025-04-30,208.1999,211.3831
2025-05-01,207.9811,212.1988
2025-05-02,205.0068,204.2707
2025-05-05,202.0325,197.8447
2025-05-06,197.1682,197.4666
2025-05-07,198.1232,195.2185
2025-05-08,196.6808,196.452
2025-05-09,197.9541,197.4865
2025-05-12,210.1363,209.957
2025-05-13,209.5985,212.0886
2025-05-14,211.5906,211.491
2025-05-15,210.1164,210.6145
2025-05-16,211.5209,210.4252
2025-05-19,207.0884,207.955
2025-05-20,206.8494,206.0426
2025-05-21,204.3593,201.2914
2025-05-22,199.9169,200.5643
2025-05-23,192.9047,194.4984
2025-05-27,197.5164,199.4189
2025-05-28,199.7974,199.628
2025-05-29,202.7755,199.1599
2025-05-30,198.5822,200.0563
2025-06-02,199.4886,200.903
2025-06-03,200.5544,202.4668
2025-06-04,202.1082,202.0185
2025-06-05,202.6959,199.8372
2025-06-06,202.1978,203.1142
2025-06-09,203.5823,200.654
2025-06-10,199.8073,201.8691
2025-06-11,202.6959,197.9945
2025-06-12,198.2933,198.4129
2025-06-13,198.9408,195.6737
2025-06-16,196.5204,197.6359
2025-06-17,196.4208,194.8669
2025-06-18,195.1657,195.8032
2025-06-20,197.4567,200.2057
2025-06-23,200.8333,200.7038
2025-06-24,201.7894,199.5085
2025-06-25,200.654,200.7635
2025-06-26,200.634,200.2057
2025-06-27,201.0922,200.2854
2025-06-30,201.2117,204.3593
2025-07-01,205.8533,206.9988
2025-07-02,208.0845,211.6005
2025-07-03,211.3117,212.7061
2025-07-07,211.8396,209.1204
2025-07-08,209.2698,209.1801
2025-07-09,208.702,210.3057
2025-07-10,209.6782,211.5707
2025-07-11,209.7379,210.3256
2025-07-14,209.1004,207.7956
2025-07-15,208.3933,208.2837
2025-07-16,209.469,209.3295
2025-07-17,209.7379,209.1901
2025-07-18,210.0367,210.3455
2025-07-21,211.2619,211.6404
2025-07-22,212.2978,213.5528
2025-07-23,214.1504,213.3038
2025-07-24,213.0548,212.9153
2025-07-25,213.8516,213.0348
2025-07-28,213.1843,213.2042
2025-07-29,213.3337,210.4352
2025-07-30,211.0627,208.2239
2025-07-31,207.6661,206.7498
2025-08-01,210.0367,201.5803
2025-08-04,203.7019,202.5465
2025-08-05,202.5962,202.1181
2025-08-06,204.8174,212.4073
2025-08-07,218.0151,219.1605
2025-08-08,219.9574,228.4437
2025-08-11,227.277,226.5391
2025-08-12,227.3667,229.0021
2025-08-13,230.4181,232.6718
2025-08-14,233.3997,232.1233
2025-08-15,233.3399,230.9366
2025-08-18,231.0463,230.2386
2025-08-19,230.6275,229.9096
2025-08-20,229.3312,225.3724
2025-08-21,225.6317,224.2655
2025-08-22,225.532,227.1175
2025-08-25,225.8411,226.5191
2025-08-26,226.23,228.6631
2025-08-27,227.9651,229.8398
2025-08-28,230.1688,231.9039
2025-08-29,231.8541,231.4851
2025-09-02,228.6033,229.0719
2025-09-03,236.5408,237.7973
2025-09-04,237.7773,239.1035
2025-09-05,239.3229,239.0138
2025-09-08,238.6249,237.2089
2025-09-09,236.3314,233.6889
2025-09-10,231.535,226.1502
2025-09-11,226.24,229.3811
2025-09-12,228.5733,233.4097
2025-09-15,236.3314,236.0322
2025-09-16,236.5109,237.4781
2025-09-17,238.2958,238.3158
2025-09-18,239.293,237.2089
2025-09-19,240.5495,244.8074
2025-09-22,247.5995,255.3576
2025-09-23,255.1581,253.7122
2025-09-24,254.5,251.5982
2025-09-25,252.4957,256.1453
2025-09-26,253.3832,254.7393
2025-09-29,253.8419,253.7122
2025-09-30,254.141,253.9117
2025-10-01,254.3205,254.7293
2025-10-02,255.8561,256.4046
2025-10-03,253.9515,257.2921
2025-10-06,257.2622,255.9658
2025-10-07,256.0855,255.7565
2025-10-08,255.7963,257.332
2025-10-09,257.0827,253.3233
2025-10-10,254.2208,244.5781
2025-10-13,248.6765,246.9613
2025-10-14,245.9043,247.071
2025-10-15,248.7862,248.6366
2025-10-16,247.5497,246.7519
2025-10-17,247.3203,251.5782
2025-10-20,255.1681,261.5002
2025-10-21,261.1412,262.0287
2025-10-22,261.909,257.7209
2025-10-23,259.2067,258.8477
2025-10-24,260.4532,262.0786
2025-10-27,264.1328,268.0517
2025-10-28,268.2311,268.2411
2025-10-29,268.5203,268.9391
2025-10-30,271.2227,270.6343
2025-10-31,276.2086,269.6073
2025-11-03,269.6571,268.291
2025-11-04,267.573,269.2782
2025-11-05,267.8522,269.3779
2025-11-06,267.1343,269.0089
2025-11-07,269.0389,267.7126
2025-11-10,268.4612,268.9304
2025-11-11,269.3096,274.7396
2025-11-12,274.49,272.9629
2025-11-13,273.6017,272.4438
2025-11-14,270.5473,271.9048
2025-11-17,268.3215,266.964
2025-11-18,269.4893,266.9441
2025-11-19,265.0376,268.062
2025-11-20,270.3277,265.7563
2025-11-21,265.4568,270.9865
2025-11-24,270.3976,275.4083
2025-11-25,274.7595,276.4564
2025-11-26,276.4464,277.0353
2025-11-28,276.7458,278.3329
2025-12-01,277.4945,282.575
2025-12-02,282.4752,285.6593
2025-12-03,285.6693,283.623
2025-12-04,283.5731,280.1794
2025-12-05,280.0197,278.263
2025-12-08,277.6142,277.3747
2025-12-09,277.6441,276.666
2025-12-10,277.2349,278.263
2025-12-11,278.5824,277.5144
2025-12-12,277.3846,277.7639
2025-12-15,279.6305,273.6017
2025-12-16,272.3141,274.1007
2025-12-17,274.5,271.3359
2025-12-18,273.1026,271.6852
2025-12-19,271.6453,273.1625
2025-12-22,272.354,270.4675
2025-12-23,270.3377,271.8549
2025-12-24,271.8349,273.3022
2025-12-26,273.6516,272.893
2025-12-29,272.1843,273.2523
2025-12-30,272.3041,272.5736
