Date,Open,Close
2004-08-19,2.4805,2.4889
2004-08-20,2.5056,2.6866
2004-08-23,2.7472,2.7137
2004-08-24,2.7593,2.6013
2004-08-25,2.6035,2.6293
2004-08-26,2.6033,2.6767
2004-08-27,2.6814,2.6331
2004-08-30,2.6115,2.5304
2004-08-31,2.5376,2.5393
2004-09-01,2.5475,2.4867
2004-09-02,2.4604,2.518
2004-09-03,2.5041,2.4808
2004-09-07,2.5056,2.5197
2004-09-08,2.4989,2.5376
2004-09-09,2.5433,2.5378
2004-09-10,2.5202,2.6127
2004-09-13,2.645,2.6665
2004-09-14,2.6653,2.7655
2004-09-15,2.7424,2.7782
2004-09-16,2.7866,2.827
2004-09-17,2.8382,2.9143
2004-09-20,2.901,2.9607
2004-09-21,2.9719,2.923
2004-09-22,2.9121,2.9364
2004-09-23,2.9478,2.9969
2004-09-24,2.9999,2.9724
2004-09-27,2.9657,2.9334
2004-09-28,3.0089,3.1468
2004-09-29,3.1428,3.2514
2004-09-30,3.2222,3.2147
2004-10-01,3.2445,3.2887
2004-10-04,3.3549,3.3502
2004-10-05,3.3403,3.4323
2004-10-06,3.4119,3.4003
2004-10-07,3.3963,3.4442
2004-10-08,3.441,3.4164
2004-10-11,3.3983,3.3551
2004-10-12,3.3348,3.4082
2004-10-13,3.5551,3.495
2004-10-14,3.4978,3.5223
2004-10-15,3.595,3.5747
2004-10-18,3.5521,3.6999
2004-10-19,3.7332,3.6697
2004-10-20,3.6719,3.4849
2004-10-21,3.5819,3.7054
2004-10-22,4.2303,4.2771
2004-10-25,4.3756,4.6485
2004-10-26,4.6222,4.5096
2004-10-27,4.5324,4.613
2004-10-28,4.6306,4.7948
2004-10-29,4.9335,4.7288
2004-11-01,4.801,4.8625
2004-11-02,4.9308,4.8338
2004-11-03,4.9159,4.7544
2004-11-04,4.6743,4.5815
2004-11-05,4.514,4.2007
2004-11-08,4.2399,4.2801
2004-11-09,4.3186,4.1846
2004-11-10,4.2335,4.1638
2004-11-11,4.1953,4.5398
2004-11-12,4.5946,4.5145
2004-11-15,4.4761,4.5857
2004-11-16,4.4029,4.2799
2004-11-17,4.1926,4.2789
2004-11-18,4.2241,4.1558
2004-11-19,4.1945,4.202
2004-11-22,4.0797,4.0953
2004-11-23,4.1665,4.1553
2004-11-24,4.3364,4.3349
2004-11-26,4.3607,4.4498
2004-11-29,4.4738,4.491
2004-11-30,4.4825,4.514
2004-12-01,4.5133,4.4639
2004-12-02,4.4624,4.45
2004-12-03,4.4637,4.4748
2004-12-06,4.4433,4.3729
2004-12-07,4.3657,4.2523
2004-12-08,4.2255,4.2164
2004-12-09,4.2231,4.3019
2004-12-10,4.3019,4.2578
2004-12-13,4.2707,4.228
2004-12-14,4.2417,4.4324
2004-12-15,4.4151,4.4595
2004-12-16,4.3893,4.3774
2004-12-17,4.3845,4.4669
2004-12-20,4.5145,4.5894
2004-12-21,4.6214,4.5579
2004-12-22,4.5617,4.6212
2004-12-23,4.6497,4.6609
2004-12-27,4.6919,4.7603
2004-12-28,4.7653,4.7814
2004-12-29,4.7571,4.7849
2004-12-30,4.7866,4.9015
2004-12-31,4.9419,4.7822
2005-01-03,4.8965,5.0282
2005-01-04,4.9957,4.8246
2005-01-05,4.7985,4.8
2005-01-06,4.839,4.677
2005-01-07,4.7288,4.8085
2005-01-10,4.8246,4.8385
2005-01-11,4.8524,4.8008
2005-01-12,4.8204,4.8464
2005-01-13,4.8464,4.8452
2005-01-14,4.8618,4.9603
2005-01-18,4.9851,5.0578
2005-01-19,5.0764,4.894
2005-01-20,4.775,4.8102
2005-01-21,4.8256,4.6703
2005-01-24,4.6805,4.4828
2005-01-25,4.513,4.3935
2005-01-26,4.4468,4.6941
2005-01-27,4.6822,4.6653
2005-01-28,4.7135,4.7214
2005-01-31,4.8045,4.8524
2005-02-01,4.8216,4.7601
2005-02-02,5.3467,5.1089
2005-02-03,5.1096,5.2304
2005-02-04,5.1215,5.0692
2005-02-07,5.0915,4.8625
2005-02-08,4.8856,4.9273
2005-02-09,4.9799,4.7522
2005-02-10,4.7618,4.6629
2005-02-11,4.6301,4.6485
2005-02-14,4.5356,4.7871
2005-02-15,4.8023,4.8427
2005-02-16,4.8295,4.9216
2005-02-17,4.9072,4.9089
2005-02-18,4.9241,4.9102
2005-02-22,4.8742,4.7469
2005-02-23,4.7948,4.8109
2005-02-24,4.5485,4.6854
2005-02-25,4.6919,4.6105
2005-02-28,4.6137,4.6631
2005-03-01,4.6954,4.6152
2005-03-02,4.6125,4.5934
2005-03-03,4.617,4.6388
2005-03-04,4.6311,4.6113
2005-03-07,4.6579,4.6834
2005-03-08,4.6906,4.5939
2005-03-09,4.5693,4.4984
2005-03-10,4.49,4.4644
2005-03-11,4.4758,4.4103
2005-03-14,4.4235,4.3406
2005-03-15,4.3483,4.4304
2005-03-16,4.3831,4.3558
2005-03-17,4.3937,4.4473
2005-03-18,4.4354,4.4659
2005-03-21,4.4468,4.4867
2005-03-22,4.4942,4.4302
2005-03-23,4.4146,4.4396
2005-03-24,4.4823,4.4463
2005-03-28,4.5066,4.5001
2005-03-29,4.491,4.4542
2005-03-30,4.4808,4.4761
2005-03-31,4.4141,4.4776
2005-04-01,4.5086,4.4659
2005-04-04,4.4637,4.5961
2005-04-05,4.6567,4.6775
2005-04-06,4.6941,4.6936
2005-04-07,4.6827,4.8062
2005-04-08,4.8045,4.7638
2005-04-11,4.7896,4.7931
2005-04-12,4.7874,4.8112
2005-04-13,4.799,4.7856
2005-04-14,4.7941,4.7489
2005-04-15,4.7154,4.5889
2005-04-18,4.5785,4.6378
2005-04-19,4.6963,4.7477
2005-04-20,4.9258,4.9139
2005-04-21,4.9714,5.0657
2005-04-22,5.5291,5.3532
2005-04-25,5.403,5.5447
2005-04-26,5.4626,5.4261
2005-04-27,5.4073,5.4517
2005-04-28,5.4447,5.4435
2005-04-29,5.5045,5.4571
2005-05-02,5.508,5.5139
2005-05-03,5.503,5.6107
2005-05-04,5.6365,5.668
2005-05-05,5.6709,5.6303
2005-05-06,5.6655,5.6561
2005-05-09,5.6556,5.6064
2005-05-10,5.5928,5.6506
2005-05-11,5.6796,5.7372
2005-05-12,5.7253,5.6734
2005-05-13,5.6848,5.6863
2005-05-16,5.6972,5.7312
2005-05-17,5.7191,5.7828
2005-05-18,5.7947,5.9324
2005-05-19,5.9617,5.9329
2005-05-20,5.9832,5.9932
2005-05-23,6.0316,6.3365
2005-05-24,6.3739,6.3501
2005-05-25,6.269,6.4694
2005-05-26,6.4731,6.4295
2005-05-27,6.4607,6.5981
2005-05-31,6.6832,6.8777
2005-06-01,7.0248,7.1439
2005-06-02,7.162,7.1414
2005-06-03,7.1138,6.9519
2005-06-06,7.0047,7.2168
2005-06-07,7.3696,7.2709
2005-06-08,7.2642,6.9345
2005-06-09,7.0625,7.1019
2005-06-10,7.1188,7.0074
2005-06-13,6.941,7.0136
2005-06-14,6.9104,6.9045
2005-06-15,6.8214,6.8164
2005-06-16,6.803,6.8819
2005-06-17,6.9206,6.9529
2005-06-20,6.8484,7.1116
2005-06-21,7.1456,7.1399
2005-06-22,7.1853,7.1761
2005-06-23,7.1439,7.1863
2005-06-24,7.2158,7.3733
2005-06-27,7.4142,7.5432
2005-06-28,7.5973,7.4911
2005-06-29,7.5035,7.2609
2005-06-30,7.3011,7.2964
2005-07-01,7.3185,7.2245
2005-07-05,7.2456,7.3351
2005-07-06,7.3745,7.2312
2005-07-07,7.1783,7.3309
2005-07-08,7.3485,7.348
2005-07-11,7.3522,7.2766
2005-07-12,7.2776,7.2376
2005-07-13,7.2557,7.4132
2005-07-14,7.574,7.4636
2005-07-15,7.4723,7.471
2005-07-18,7.4415,7.4301
2005-07-19,7.4936,7.6871
2005-07-20,7.5797,7.7392
2005-07-21,7.79,7.7873
2005-07-22,7.5995,7.5011
2005-07-25,7.5008,7.3386
2005-07-26,7.3177,7.3445
2005-07-27,7.3855,7.3654
2005-07-28,7.3773,7.2803
2005-07-29,7.2466,7.1379
2005-08-01,7.1468,7.2334
2005-08-02,7.2332,7.4214
2005-08-03,7.3919,7.3745
2005-08-04,7.3311,7.3852
2005-08-05,7.3795,7.2518
2005-08-08,7.2828,7.2245
2005-08-09,7.2421,7.2324
2005-08-10,7.2257,7.0863
2005-08-11,7.0915,7.0459
2005-08-12,7.0288,7.1865
2005-08-15,7.1885,7.0446
2005-08-16,7.0665,7.0856
2005-08-17,7.0821,7.0719
2005-08-18,6.844,6.9452
2005-08-19,6.97,6.9454
2005-08-22,6.9762,6.7968
2005-08-23,6.8502,6.935
2005-08-24,6.8851,7.0092
2005-08-25,7.0087,7.0097
2005-08-26,7.0317,7.0342
2005-08-29,7.001,7.155
2005-08-30,7.1287,7.1258
2005-08-31,7.1496,7.0942
2005-09-01,7.092,7.1005
2005-09-02,7.1069,7.155
2005-09-06,7.1687,7.1218
2005-09-07,7.0915,7.3143
2005-09-08,7.3133,7.3272
2005-09-09,7.3741,7.4189
2005-09-12,7.4849,7.6831
2005-09-13,7.6648,7.7312
2005-09-14,7.6581,7.5159
2005-09-15,7.4296,7.5065
2005-09-16,7.5412,7.4465
2005-09-19,7.4663,7.5355
2005-09-20,7.5941,7.6377
2005-09-21,7.6501,7.7367
2005-09-22,7.7268,7.7236
2005-09-23,7.764,7.8225
2005-09-26,7.9252,7.7957
2005-09-27,7.8124,7.7873
2005-09-28,7.7942,7.5904
2005-09-29,7.6072,7.6801
2005-09-30,7.7942,7.8498
2005-10-03,7.7796,7.9049
2005-10-04,7.9364,7.7144
2005-10-05,7.7563,7.7072
2005-10-06,7.7923,7.7578
2005-10-07,7.8084,7.7637
2005-10-10,7.7717,7.7057
2005-10-11,7.7047,7.5928
2005-10-12,7.5705,7.4656
2005-10-13,7.4911,7.378
2005-10-14,7.439,7.3458
2005-10-17,7.3795,7.5655
2005-10-18,7.5646,7.5229
2005-10-19,7.5407,7.6573
2005-10-20,7.6893,7.5209
2005-10-21,8.5776,8.4312
2005-10-24,8.5173,8.6483
2005-10-25,8.5771,8.6051
2005-10-26,8.5895,8.8167
2005-10-27,8.8455,8.7577
2005-10-28,8.8125,8.8844
2005-10-31,8.9358,9.231
2005-11-01,9.224,9.4105
2005-11-02,9.4681,9.418
2005-11-03,9.4857,9.5735
2005-11-04,9.6735,9.6846
2005-11-07,9.8005,9.7987
2005-11-08,9.7794,9.6715
2005-11-09,9.5914,9.4048
2005-11-10,9.3852,9.7013
2005-11-11,9.801,9.6839
2005-11-14,9.7266,9.8469
2005-11-15,9.7826,9.7434
2005-11-16,9.8278,9.8761
2005-11-17,9.9667,10.0076
2005-11-18,10.0086,9.9272
2005-11-21,9.9014,10.1542
2005-11-22,10.1366,10.3306
2005-11-23,10.3447,10.4891
2005-11-25,10.5615,10.632
2005-11-28,10.6617,10.5045
2005-11-29,10.5288,10.0098
2005-11-30,10.0277,10.0438
2005-12-01,10.1502,10.2715
2005-12-02,10.3422,10.3611
2005-12-05,10.3437,10.0671
2005-12-06,10.1378,10.0346
2005-12-07,10.0748,10.0267
2005-12-08,10.0535,10.1862
2005-12-09,10.2941,10.1502
2005-12-12,10.2849,10.2348
2005-12-13,10.2321,10.3559
2005-12-14,10.3447,10.3923
2005-12-15,10.3961,10.4814
2005-12-16,10.5506,10.6699
2005-12-19,10.7208,10.5322
2005-12-20,10.6131,10.6597
2005-12-21,10.7542,10.5751
2005-12-22,10.7101,10.7168
2005-12-23,10.7195,10.6893
2005-12-27,10.7123,10.5332
2005-12-28,10.5258,10.5841
2005-12-29,10.6161,10.4219
2005-12-30,10.3504,10.2906
2006-01-03,10.4806,10.7959
2006-01-04,11.011,11.0442
2006-01-05,11.0631,11.193
2006-01-06,11.3327,11.5507
2006-01-09,11.5693,11.5815
2006-01-10,11.52,11.6524
2006-01-11,11.6899,11.6988
2006-01-12,11.7507,11.5004
2006-01-13,11.5172,11.5654
2006-01-17,11.4862,11.5867
2006-01-18,11.0953,11.036
2006-01-19,11.1913,10.8262
2006-01-20,10.882,9.9086
2006-01-23,10.1051,10.6042
2006-01-24,10.8158,10.9894
2006-01-25,11.1935,10.7406
2006-01-26,10.9028,10.7721
2006-01-27,10.7902,10.7528
2006-01-30,10.6471,10.5873
2006-01-31,10.6803,10.7322
2006-02-01,9.6499,9.9662
2006-02-02,10.0168,9.8238
2006-02-03,9.7638,9.4644
2006-02-06,9.5576,9.5524
2006-02-07,9.5001,9.1263
2006-02-08,9.1402,9.1551
2006-02-09,9.2076,8.8993
2006-02-10,8.9782,8.9946
2006-02-13,8.5984,8.5751
2006-02-14,8.5659,8.5161
2006-02-15,8.4652,8.4928
2006-02-16,8.5744,9.0901
2006-02-17,9.1744,9.1469
2006-02-21,9.0896,9.0933
2006-02-22,9.1072,9.066
2006-02-23,9.069,9.3781
2006-02-24,9.359,9.3614
2006-02-27,9.4574,9.6834
2006-02-28,9.7534,8.9948
2006-03-01,9.1422,9.0489
2006-03-02,9.036,9.3379
2006-03-03,9.5326,9.3808
2006-03-06,9.4485,9.1307
2006-03-07,9.0543,9.0402
2006-03-08,8.7793,8.778
2006-03-09,8.8155,8.5081
2006-03-10,8.5205,8.3717
2006-03-13,8.4568,8.3608
2006-03-14,8.3628,8.7106
2006-03-15,8.7009,8.5453
2006-03-16,8.6473,8.4032
2006-03-17,8.404,8.4285
2006-03-20,8.4918,8.6369
2006-03-21,8.682,8.4317
2006-03-22,8.4275,8.4392
2006-03-23,8.492,8.4806
2006-03-24,9.1436,9.0737
2006-03-27,9.1057,9.1702
2006-03-28,9.2203,9.3565
2006-03-29,9.4244,9.7975
2006-03-30,9.6539,9.6353
2006-03-31,9.6427,9.674
2006-04-03,9.6623,9.6665
2006-04-04,9.6715,10.0297
2006-04-05,10.1254,10.1202
2006-04-06,10.083,10.1994
2006-04-07,10.2299,10.0748
2006-04-10,10.0976,10.3283
2006-04-11,10.3293,10.1616
2006-04-12,10.1453,10.144
2006-04-13,10.1361,9.9756
2006-04-17,10.0076,10.0912
2006-04-18,10.1187,10.0272
2006-04-19,10.2338,10.1825
2006-04-20,10.1951,10.2941
2006-04-21,11.135,10.8423
2006-04-24,10.8993,10.9266
2006-04-25,10.9051,10.5957
2006-04-26,10.6101,10.5662
2006-04-27,10.4903,10.4189
2006-04-28,10.3841,10.367
2006-05-01,10.3802,9.8947
2006-05-02,9.9488,9.793
2006-05-03,9.8315,9.7774
2006-05-04,9.7987,9.7918
2006-05-05,9.8625,9.7806
2006-05-08,9.8007,9.7925
2006-05-09,9.8154,10.1403
2006-05-10,10.1282,9.9959
2006-05-11,10.0069,9.5996
2006-05-12,9.5137,9.2803
2006-05-15,9.325,9.3317
2006-05-16,9.3265,9.2101
2006-05-17,9.193,9.2895
2006-05-18,9.3957,9.2024
2006-05-19,9.2592,9.1784
2006-05-22,9.1245,9.2014
2006-05-23,9.2823,9.3163
2006-05-24,9.3602,9.4569
2006-05-25,9.4031,9.5001
2006-05-26,9.5388,9.4594
2006-05-30,9.3833,9.226
2006-05-31,9.2721,9.223
2006-06-01,9.2657,9.4909
2006-06-02,9.5956,9.412
2006-06-05,9.3312,9.288
2006-06-06,9.3411,9.6737
2006-06-07,9.7543,9.5874
2006-06-08,9.6182,9.7558
2006-06-09,9.7283,9.5889
2006-06-12,9.6328,9.4641
2006-06-13,9.4483,9.5877
2006-06-14,9.6698,9.5348
2006-06-15,9.5901,9.6988
2006-06-16,9.6517,9.6913
2006-06-19,9.6951,9.6278
2006-06-20,9.6251,9.6038
2006-06-21,9.7003,9.9749
2006-06-22,9.9612,9.9208
2006-06-23,9.9905,10.0426
2006-06-26,10.0895,10.0267
2006-06-27,10.0637,9.9796
2006-06-28,10.0215,10.0736
2006-06-29,10.1202,10.3638
2006-06-30,10.309,10.4015
2006-07-03,10.4191,10.4975
2006-07-05,10.4558,10.4543
2006-07-06,10.502,10.4973
2006-07-07,10.5682,10.4293
2006-07-10,10.5035,10.3735
2006-07-11,10.3812,10.5312
2006-07-12,10.47,10.3499
2006-07-13,10.2693,10.1411
2006-07-14,10.1783,10.0088
2006-07-17,10.0369,10.1177
2006-07-18,10.1639,9.9977
2006-07-19,9.7983,9.8972
2006-07-20,10.0282,9.6025
2006-07-21,9.5782,9.6767
2006-07-24,9.7439,9.6963
2006-07-25,9.5504,9.6581
2006-07-26,9.6293,9.5624
2006-07-27,9.6087,9.4855
2006-07-28,9.4755,9.6273
2006-07-31,9.6244,9.5896
2006-08-01,9.5527,9.3146
2006-08-02,9.3168,9.1092
2006-08-03,9.0534,9.3116
2006-08-04,9.415,9.2734
2006-08-07,9.2151,9.3751
2006-08-08,9.4959,9.4507
2006-08-09,9.4954,9.35
2006-08-10,9.2741,9.2821
2006-08-11,9.287,9.1407
2006-08-14,9.2151,9.1637
2006-08-15,9.2798,9.45
2006-08-16,9.5122,9.6174
2006-08-17,9.5844,9.5698
2006-08-18,9.5824,9.5093
2006-08-21,9.3788,9.359
2006-08-22,9.3696,9.3835
2006-08-23,9.3674,9.263
2006-08-24,9.288,9.2704
2006-08-25,9.2543,9.2587
2006-08-28,9.317,9.4495
2006-08-29,9.4453,9.3999
2006-08-30,9.4063,9.4445
2006-08-31,9.4629,9.3895
2006-09-01,9.4505,9.3912
2006-09-05,9.4227,9.5341
2006-09-06,9.478,9.4294
2006-09-07,9.4108,9.3885
2006-09-08,9.3446,9.3726
2006-09-11,9.3828,9.5274
2006-09-12,9.55,9.7211
2006-09-13,9.8017,10.085
2006-09-14,10.0287,10.0208
2006-09-15,10.1076,10.1671
2006-09-18,10.1701,10.2864
2006-09-19,10.3055,10.0165
2006-09-20,10.0981,9.8476
2006-09-21,9.9295,10.0919
2006-09-22,10.0456,10.0158
2006-09-25,10.0604,10.0208
2006-09-26,10.0585,10.0924
2006-09-27,10.0783,9.9945
2006-09-28,10.0232,10.0108
2006-09-29,10.0493,9.9692
2006-10-02,9.9692,9.9577
2006-10-03,9.954,10.0222
2006-10-04,10.0453,10.3115
2006-10-05,10.2867,10.215
2006-10-06,10.1755,10.4305
2006-10-09,10.5372,10.6414
2006-10-10,10.7049,10.5831
2006-10-11,10.5427,10.5794
2006-10-12,10.6305,10.6027
2006-10-13,10.6106,10.5992
2006-10-16,10.6091,10.4615
2006-10-17,10.4256,10.434
2006-10-18,10.4923,10.401
2006-10-19,10.4238,10.5684
2006-10-20,11.3853,11.4021
2006-10-23,11.4669,11.9258
2006-10-24,11.8142,11.7405
2006-10-25,11.8442,12.0701
2006-10-26,12.0969,12.0329
2006-10-27,12.0032,11.7874
2006-10-30,11.7779,11.8214
2006-10-31,11.8583,11.8169
2006-11-01,11.8757,11.5964
2006-11-02,11.5964,11.6562
2006-11-03,11.7137,11.703
2006-11-06,11.7519,11.8308
2006-11-07,11.8308,11.7221
2006-11-08,11.6671,11.7824
2006-11-09,11.8196,11.7236
2006-11-10,11.7521,11.7464
2006-11-13,11.7799,11.932
2006-11-14,11.9238,12.1371
2006-11-15,12.2396,12.2024
2006-11-16,12.2785,12.3008
2006-11-17,12.2351,12.3725
2006-11-20,12.3628,12.2798
2006-11-21,12.3167,12.6419
2006-11-22,12.6746,12.6012
2006-11-24,12.5142,12.5266
2006-11-27,12.4365,12.0243
2006-11-28,11.9345,12.1421
2006-11-29,12.2597,12.0218
2006-11-30,12.0104,12.0257
2006-12-01,12.0548,11.9263
2006-12-04,11.9808,12.0267
2006-12-05,12.09,12.0801
2006-12-06,12.0791,12.1225
2006-12-07,12.1602,11.9719
2006-12-08,11.9546,12.0084
2006-12-11,12.0285,12.0039
2006-12-12,12.0019,11.9506
2006-12-13,12.0228,11.8814
2006-12-14,11.9126,11.959
2006-12-15,11.9719,11.9139
2006-12-18,11.9687,11.4798
2006-12-19,11.453,11.6244
2006-12-20,11.6584,11.4823
2006-12-21,11.514,11.3161
2006-12-22,11.3483,11.3007
2006-12-26,11.324,11.3491
2006-12-27,11.4103,11.6095
2006-12-28,11.5869,11.4738
2006-12-29,11.4624,11.4222
2007-01-03,11.5592,11.5986
2007-01-04,11.6336,11.9873
2007-01-05,11.9684,12.0848
2007-01-08,12.0972,11.9952
2007-01-09,12.0416,12.0429
2007-01-10,12.0163,12.1411
2007-01-11,12.3331,12.3956
2007-01-12,12.4519,12.5266
2007-01-16,12.5898,12.5087
2007-01-17,12.4866,12.3351
2007-01-18,12.2666,12.1007
2007-01-19,12.1044,12.1483
2007-01-22,12.2165,11.9273
2007-01-23,11.926,11.8829
2007-01-24,12.0168,12.3795
2007-01-25,12.4273,12.1071
2007-01-26,12.1776,12.2993
2007-01-29,12.3529,12.2158
2007-01-30,12.2537,12.2616
2007-01-31,12.3155,12.4397
2007-02-01,12.5514,11.9498
2007-02-02,11.9712,11.9436
2007-02-05,11.8444,11.5879
2007-02-06,11.6113,11.6951
2007-02-07,11.7531,11.6586
2007-02-08,11.61,11.6839
2007-02-09,11.6993,11.4572
2007-02-12,11.4272,11.3679
2007-02-13,11.3892,11.388
2007-02-14,11.4103,11.5574
2007-02-15,11.5592,11.4468
2007-02-16,11.4798,11.6569
2007-02-20,11.6204,11.7105
2007-02-21,11.6544,11.8037
2007-02-22,11.8739,11.8035
2007-02-23,11.801,11.6738
2007-02-26,11.7286,11.5326
2007-02-27,11.2863,11.1318
2007-02-28,11.1725,11.1486
2007-03-01,10.9805,11.1184
2007-03-02,11.041,10.8815
2007-03-05,10.8403,10.9378
2007-03-06,11.0995,11.3496
2007-03-07,11.4771,11.3022
2007-03-08,11.391,11.2794
2007-03-09,11.3607,11.2357
2007-03-12,11.226,11.2801
2007-03-13,11.165,10.9894
2007-03-14,10.9944,11.1127
2007-03-15,11.1092,11.0678
2007-03-16,11.0544,10.9353
2007-03-19,10.9948,11.0936
2007-03-20,11.0579,11.0452
2007-03-21,11.0457,11.3248
2007-03-22,11.3014,11.4609
2007-03-23,11.4463,11.4557
2007-03-26,11.424,11.5344
2007-03-27,11.4984,11.5001
2007-03-28,11.4567,11.457
2007-03-29,11.5232,11.4332
2007-03-30,11.4624,11.3647
2007-04-02,11.3548,11.3739
2007-04-03,11.5108,11.7229
2007-04-04,11.7115,11.6837
2007-04-05,11.6906,11.6958
2007-04-09,11.7323,11.614
2007-04-10,11.5862,11.5716
2007-04-11,11.5607,11.5227
2007-04-12,11.5096,11.5936
2007-04-13,11.6199,11.5664
2007-04-16,11.6202,11.7643
2007-04-17,11.7526,11.7278
2007-04-18,11.6896,11.8075
2007-04-19,11.77,11.6993
2007-04-20,12.1674,11.968
2007-04-23,11.9089,11.8836
2007-04-24,11.872,11.8452
2007-04-25,11.9064,11.8566
2007-04-26,11.8593,11.9357
2007-04-27,11.9082,11.8819
2007-04-30,11.8853,11.6926
2007-05-01,11.7127,11.6336
2007-05-02,11.6249,11.5537
2007-05-03,11.5646,11.7385
2007-05-04,11.6614,11.6862
2007-05-07,11.7115,11.5907
2007-05-08,11.5624,11.5793
2007-05-09,11.5629,11.6398
2007-05-10,11.585,11.4468
2007-05-11,11.4557,11.5775
2007-05-14,11.5463,11.4545
2007-05-15,11.459,11.3607
2007-05-16,11.4599,11.7231
2007-05-17,11.7194,11.6822
2007-05-18,11.7087,11.6663
2007-05-21,11.6467,11.6733
2007-05-22,11.7328,11.8037
2007-05-23,11.9268,11.7569
2007-05-24,11.7861,11.7658
2007-05-25,11.899,11.9937
2007-05-29,12.0305,12.0828
2007-05-30,12.0181,12.3678
2007-05-31,12.4164,12.3507
2007-06-01,12.4273,12.4125
2007-06-04,12.3507,12.5779
2007-06-05,12.6444,12.8699
2007-06-06,12.818,12.8552
2007-06-07,12.8924,12.7761
2007-06-08,12.8044,12.7868
2007-06-11,12.7503,12.6838
2007-06-12,12.6186,12.5209
2007-06-13,12.5784,12.5325
2007-06-14,12.536,12.473
2007-06-15,12.6057,12.5486
2007-06-18,12.5558,12.7796
2007-06-19,12.7501,12.7575
2007-06-20,12.8232,12.6498
2007-06-21,12.6749,12.7525
2007-06-22,12.8098,13.0222
2007-06-25,13.1214,13.0827
2007-06-26,13.2144,13.1531
2007-06-27,13.0227,13.0547
2007-06-28,13.0197,13.0229
2007-06-29,13.048,12.9656
2007-07-02,13.0348,13.1561
2007-07-03,13.173,13.2543
2007-07-05,13.2846,13.4352
2007-07-06,13.4257,13.3799
2007-07-09,13.4692,13.4582
2007-07-10,13.4887,13.4776
2007-07-11,13.4843,13.5056
2007-07-12,13.5401,13.527
2007-07-13,13.5909,13.6964
2007-07-16,13.6502,13.717
2007-07-17,13.7678,13.7668
2007-07-18,13.7393,13.6304
2007-07-19,13.7286,13.6078
2007-07-20,12.6977,12.9016
2007-07-23,12.8741,12.7128
2007-07-24,12.6332,12.7498
2007-07-25,12.8237,12.6446
2007-07-26,12.6193,12.601
2007-07-27,12.6141,12.6975
2007-07-30,12.723,12.8021
2007-07-31,12.9043,12.6506
2007-08-01,12.663,12.7235
2007-08-02,12.7429,12.6756
2007-08-03,12.6518,12.477
2007-08-06,12.477,12.6506
2007-08-07,12.6444,12.7999
2007-08-08,12.8823,13.042
2007-08-09,12.9185,12.7679
2007-08-10,12.6551,12.7932
2007-08-13,12.8872,12.787
2007-08-14,12.7925,12.6159
2007-08-15,12.6258,12.3418
2007-08-16,12.2046,12.1922
2007-08-17,12.339,12.4035
2007-08-20,12.4636,12.3509
2007-08-21,12.3762,12.5665
2007-08-22,12.6496,12.7188
2007-08-23,12.7994,12.7049
2007-08-24,12.7153,12.7746
2007-08-27,12.7605,12.7315
2007-08-28,12.6885,12.5613
2007-08-29,12.597,12.722
2007-08-30,12.7091,12.6853
2007-08-31,12.7275,12.7808
2007-09-04,12.7751,13.0264
2007-09-05,12.983,13.0921
2007-09-06,13.1308,12.986
2007-09-07,12.8456,12.8825
2007-09-10,12.9304,12.7617
2007-09-11,12.824,12.9316
2007-09-12,12.9118,12.9644
2007-09-13,12.9993,13.0172
2007-09-14,12.978,13.1157
2007-09-17,13.0606,13.0301
2007-09-18,13.0604,13.2774
2007-09-19,13.3766,13.5647
2007-09-20,13.5684,13.713
2007-09-21,13.8001,13.8933
2007-09-24,13.9156,14.0898
2007-09-25,13.9901,14.1141
2007-09-26,14.1488,14.0932
2007-09-27,14.1818,14.0769
2007-09-28,14.0645,14.0712
2007-10-01,14.1381,14.4502
2007-10-02,14.4708,14.4958
2007-10-03,14.542,14.4867
2007-10-04,14.5132,14.3629
2007-10-05,14.5633,14.7355
2007-10-08,14.759,15.1217
2007-10-09,15.2578,15.2596
2007-10-10,15.4129,15.5128
2007-10-11,15.7175,15.4288
2007-10-12,15.4779,15.8105
2007-10-15,15.8373,15.3819
2007-10-16,15.3417,15.2799
2007-10-17,15.6384,15.7135
2007-10-18,15.7614,15.8658
2007-10-19,16.2364,15.9921
2007-10-22,15.8423,16.1419
2007-10-23,16.4024,16.7625
2007-10-24,16.6866,16.7638
2007-10-25,16.8347,16.5824
2007-10-26,16.7194,16.7335
2007-10-29,16.8121,16.8483
2007-10-30,16.8057,17.2338
2007-10-31,17.3807,17.5372
2007-11-01,17.4328,17.4432
2007-11-02,17.6243,17.6426
2007-11-05,17.5369,17.9998
2007-11-06,18.2952,18.4002
2007-11-07,18.3838,18.1806
2007-11-08,18.2218,17.2108
2007-11-09,16.7628,16.4698
2007-11-12,16.3153,15.6785
2007-11-13,15.999,16.385
2007-11-14,16.7008,15.9169
2007-11-15,15.8398,15.6185
2007-11-16,15.7249,15.7172
2007-11-19,15.617,15.5243
2007-11-20,15.7879,16.0871
2007-11-21,15.9688,16.3842
2007-11-23,16.6194,16.7856
2007-11-26,16.8724,16.5202
2007-11-27,16.7385,16.708
2007-11-28,16.9198,17.1716
2007-11-29,17.1341,17.2891
2007-11-30,17.6364,17.1899
2007-12-03,17.1406,16.9054
2007-12-04,16.8255,16.9706
2007-12-05,17.1832,17.3266
2007-12-06,17.309,17.7421
2007-12-07,17.7354,17.7324
2007-12-10,17.7602,17.8205
2007-12-11,17.8582,17.3437
2007-12-12,17.7108,17.3474
2007-12-13,17.272,17.216
2007-12-14,17.0537,17.1145
2007-12-17,17.0659,16.6003
2007-12-18,16.7226,16.7025
2007-12-19,16.7238,16.8022
2007-12-20,17.0121,17.1078
2007-12-21,17.311,17.2814
2007-12-24,17.2393,17.3817
2007-12-26,17.3385,17.6324
2007-12-27,17.5389,17.3819
2007-12-28,17.4858,17.4263
2007-12-31,17.3281,17.1522
2008-01-02,17.1867,16.9962
2008-01-03,16.9979,16.9997
2008-01-04,16.8598,16.2969
2008-01-07,16.221,16.1047
2008-01-08,16.1977,15.6689
2008-01-09,15.6282,16.2027
2008-01-10,15.9995,16.0422
2008-01-11,15.9422,15.8318
2008-01-14,16.1516,16.2181
2008-01-15,16.0216,15.817
2008-01-16,15.6016,15.2787
2008-01-17,15.398,14.9026
2008-01-18,15.0904,14.8892
2008-01-22,13.9412,14.4948
2008-01-23,13.9085,13.6086
2008-01-24,13.8611,14.2503
2008-01-25,14.6799,14.0496
2008-01-28,14.163,13.7911
2008-01-29,13.9025,13.6557
2008-01-30,13.6227,13.5999
2008-01-31,13.3702,13.9975
2008-02-01,13.1137,12.7969
2008-02-04,12.6275,12.2892
2008-02-05,12.1403,12.5712
2008-02-06,12.6789,12.445
2008-02-07,12.3246,12.5253
2008-02-08,12.636,12.8165
2008-02-11,12.9115,12.9274
2008-02-12,12.9827,12.8513
2008-02-13,12.9607,13.2613
2008-02-14,13.3538,13.2025
2008-02-15,13.1048,13.1378
2008-02-19,13.2692,12.6245
2008-02-20,12.4896,12.6258
2008-02-21,12.7213,12.4735
2008-02-22,12.4536,12.596
2008-02-25,12.5501,12.0662
2008-02-26,11.4401,11.5143
2008-02-27,11.4136,11.7293
2008-02-28,11.6708,11.7921
2008-02-29,11.7048,11.6877
2008-03-03,11.6958,11.3364
2008-03-04,11.1858,11.0283
2008-03-05,11.0445,11.1052
2008-03-06,11.105,10.7332
2008-03-07,10.6384,10.7493
2008-03-10,10.6372,10.2599
2008-03-11,10.5486,10.9103
2008-03-12,10.9145,10.9187
2008-03-13,10.7324,10.9889
2008-03-14,10.9882,10.8626
2008-03-17,10.6163,10.4149
2008-03-18,10.6409,10.8934
2008-03-19,10.9418,10.7158
2008-03-20,10.5997,10.7542
2008-03-24,10.8753,11.4242
2008-03-25,11.3473,11.1816
2008-03-26,11.2265,11.3654
2008-03-27,11.0631,11.0154
2008-03-28,11.0993,10.8666
2008-03-31,10.8061,10.9259
2008-04-01,11.1062,11.552
2008-04-02,11.6559,11.5517
2008-04-03,11.4532,11.2893
2008-04-04,11.3362,11.6854
2008-04-07,11.8328,11.8276
2008-04-08,11.7338,11.6041
2008-04-09,11.6368,11.5143
2008-04-10,11.5334,11.6356
2008-04-11,11.5113,11.3471
2008-04-14,11.3399,11.2035
2008-04-15,11.3639,11.0839
2008-04-16,11.0234,11.2871
2008-04-17,11.3019,11.1509
2008-04-18,13.2759,13.3801
2008-04-21,13.3796,13.3399
2008-04-22,13.3345,13.7668
2008-04-23,13.8397,13.5557
2008-04-24,13.6748,13.4701
2008-04-25,13.6185,13.4954
2008-04-28,13.5406,13.6954
2008-04-29,13.6634,13.8529
2008-04-30,13.9457,14.2453
2008-05-01,14.345,14.7114
2008-05-02,14.8456,14.4189
2008-05-05,14.8548,14.7565
2008-05-06,14.6598,14.5447
2008-05-07,14.6417,14.3621
2008-05-08,14.5407,14.4616
2008-05-09,14.3621,14.2183
2008-05-12,14.2567,14.5095
2008-05-13,14.5415,14.4614
2008-05-14,14.5479,14.2952
2008-05-15,14.3621,14.4117
2008-05-16,14.4224,14.3887
2008-05-19,14.351,14.3254
2008-05-20,14.2537,14.3522
2008-05-21,14.3502,13.6425
2008-05-22,13.6912,13.6294
2008-05-23,13.5674,13.5093
2008-05-27,13.5178,13.9132
2008-05-28,14.0878,14.0952
2008-05-29,14.2577,14.4614
2008-05-30,14.473,14.5308
2008-06-02,14.449,14.2629
2008-06-03,14.3001,14.0719
2008-06-04,14.0231,14.194
2008-06-05,14.3145,14.5432
2008-06-06,14.3807,14.0645
2008-06-09,14.0908,13.838
2008-06-10,13.6319,13.7462
2008-06-11,13.7976,13.5237
2008-06-12,13.612,13.716
2008-06-13,13.9278,14.1763
2008-06-16,14.0521,14.2086
2008-06-17,14.2964,14.1255
2008-06-18,14.0027,13.9499
2008-06-19,13.7755,13.8958
2008-06-20,13.8159,13.5542
2008-06-23,13.5277,13.524
2008-06-24,13.5222,13.4518
2008-06-25,13.518,13.6676
2008-06-26,13.4964,13.1174
2008-06-27,13.0891,13.0988
2008-06-30,13.208,13.0579
2008-07-01,12.8882,13.264
2008-07-02,13.3082,13.0733
2008-07-03,13.1685,13.3203
2008-07-07,13.4518,13.4917
2008-07-08,13.5433,13.7552
2008-07-09,13.6616,13.4332
2008-07-10,13.5188,13.4089
2008-07-11,13.3079,13.2409
2008-07-14,13.3699,12.9388
2008-07-15,12.8064,12.8016
2008-07-16,12.7508,13.2856
2008-07-17,13.2499,13.232
2008-07-18,12.3616,11.9392
2008-07-21,11.9283,11.6286
2008-07-22,11.577,11.8347
2008-07-23,11.9464,12.1351
2008-07-24,12.3207,11.7978
2008-07-25,12.0674,12.2036
2008-07-28,12.2063,11.835
2008-07-29,11.8891,11.9836
2008-07-30,12.0429,11.9734
2008-07-31,11.7715,11.7514
2008-08-01,11.7206,11.6053
2008-08-04,11.6118,11.4847
2008-08-05,11.5986,11.9027
2008-08-06,11.866,12.0637
2008-08-07,11.956,11.8846
2008-08-08,11.9102,12.2788
2008-08-11,12.2158,12.4234
2008-08-12,12.4521,12.4673
2008-08-13,12.4422,12.4033
2008-08-14,12.3455,12.5387
2008-08-15,12.5759,12.6543
2008-08-18,12.6466,12.3604
2008-08-19,12.1652,12.1669
2008-08-20,12.2716,12.0305
2008-08-21,11.9789,12.0684
2008-08-22,12.1917,12.1691
2008-08-25,12.058,11.9811
2008-08-26,11.9923,11.7616
2008-08-27,11.7509,11.6232
2008-08-28,11.7201,11.7521
2008-08-29,11.6522,11.4919
2008-09-02,11.8263,11.5406
2008-09-03,11.6269,11.5197
2008-09-04,11.4103,11.1687
2008-09-05,11.0504,11.0197
2008-09-08,11.2124,10.4169
2008-09-09,10.4968,10.3849
2008-09-10,10.529,10.2733
2008-09-11,10.1292,10.7592
2008-09-12,10.6714,10.8562
2008-09-15,10.5174,10.7619
2008-09-16,10.566,10.9869
2008-09-17,10.8765,10.2815
2008-09-18,10.4836,10.8914
2008-09-19,11.4351,11.1412
2008-09-22,11.2647,10.6697
2008-09-23,10.7468,10.6481
2008-09-24,10.6746,10.7929
2008-09-25,10.8855,10.9043
2008-09-26,10.6166,10.692
2008-09-29,10.406,9.4507
2008-09-30,9.8223,9.9349
2008-10-01,10.1986,10.2127
2008-10-02,10.1649,9.6861
2008-10-03,9.8563,9.5973
2008-10-06,9.2766,9.2079
2008-10-07,9.2605,8.5828
2008-10-08,8.1896,8.3868
2008-10-09,8.5458,8.1604
2008-10-10,7.768,8.2353
2008-10-13,8.8254,9.4512
2008-10-14,9.7615,8.997
2008-10-15,8.7971,8.4131
2008-10-16,8.2541,8.7567
2008-10-17,9.4001,9.2409
2008-10-20,9.4197,9.4091
2008-10-21,9.2372,8.998
2008-10-22,8.8552,8.8224
2008-10-23,8.7723,8.7393
2008-10-24,8.0981,8.4161
2008-10-27,8.305,8.173
2008-10-28,8.4102,9.1469
2008-10-29,9.0734,8.8802
2008-10-30,9.1397,8.9221
2008-10-31,8.8346,8.914
2008-11-03,8.8698,8.5947
2008-11-04,8.7671,9.102
2008-11-05,8.9832,8.4893
2008-11-06,8.433,8.2159
2008-11-07,8.2631,8.214
2008-11-10,8.1361,7.9074
2008-11-11,7.6571,7.7258
2008-11-12,7.4924,7.2183
2008-11-13,7.2374,7.7412
2008-11-14,7.5221,7.6901
2008-11-17,7.5159,7.4445
2008-11-18,7.4805,7.3775
2008-11-19,7.3272,6.9499
2008-11-20,6.8187,6.4384
2008-11-21,6.5116,6.5096
2008-11-24,6.679,6.3858
2008-11-25,6.6646,6.9963
2008-11-26,6.9524,7.2453
2008-11-28,7.2079,7.2669
2008-12-01,7.1111,6.5979
2008-12-02,6.6907,6.8241
2008-12-03,6.6936,6.9313
2008-12-04,6.8593,6.805
2008-12-05,6.7227,7.0444
2008-12-08,7.1932,7.4939
2008-12-09,7.3842,7.5896
2008-12-10,7.6707,7.6603
2008-12-11,7.545,7.447
2008-12-12,7.3351,7.8325
2008-12-15,7.789,7.7062
2008-12-16,7.8017,8.0686
2008-12-17,7.9039,7.8196
2008-12-18,7.8558,7.6965
2008-12-19,7.7141,7.6938
2008-12-22,7.6539,7.3698
2008-12-23,7.4522,7.3924
2008-12-24,7.4782,7.5147
2008-12-26,7.5425,7.4505
2008-12-29,7.447,7.3775
2008-12-30,7.4614,7.5187
2008-12-31,7.5457,7.6313
2009-01-02,7.6548,7.9704
2009-01-05,7.9624,8.1373
2009-01-06,8.2596,8.2864
2009-01-07,8.144,7.9875
2009-01-08,7.895,8.0664
2009-01-09,8.1237,7.8153
2009-01-12,7.8461,7.7563
2009-01-13,7.7335,7.7967
2009-01-14,7.6896,7.4656
2009-01-15,7.3812,7.4165
2009-01-16,7.566,7.4333
2009-01-20,7.4202,7.0136
2009-01-21,7.1525,7.5179
2009-01-22,7.3929,7.6028
2009-01-23,7.6715,8.0542
2009-01-26,8.0579,8.0336
2009-01-27,8.0976,8.2224
2009-01-28,8.3836,8.6488
2009-01-29,8.5463,8.5161
2009-01-30,8.5501,8.3973
2009-02-02,8.2921,8.4479
2009-02-03,8.4975,8.4449
2009-02-04,8.4355,8.5081
2009-02-05,8.4563,8.7741
2009-02-06,8.842,9.2096
2009-02-09,9.2096,9.3954
2009-02-10,9.3262,8.8929
2009-02-11,8.9038,8.8812
2009-02-12,8.7602,9.0055
2009-02-13,8.9842,8.8723
2009-02-17,8.5952,8.4997
2009-02-18,8.6133,8.7589
2009-02-19,8.8671,8.4992
2009-02-20,8.3854,8.5937
2009-02-23,8.6074,8.1872
2009-02-24,8.211,8.5689
2009-02-25,8.4871,8.4744
2009-02-26,8.5816,8.3638
2009-02-27,8.2588,8.3839
2009-03-02,8.2683,8.1152
2009-03-03,8.1874,8.0736
2009-03-04,8.016,7.9108
2009-03-05,7.8503,7.5814
2009-03-06,7.6206,7.6541
2009-03-09,7.441,7.2155
2009-03-10,7.3981,7.6442
2009-03-11,7.6921,7.8858
2009-03-12,7.8766,8.0252
2009-03-13,8.0889,8.0473
2009-03-16,8.0862,7.9299
2009-03-17,7.9421,8.3181
2009-03-18,8.305,8.2626
2009-03-19,8.2273,8.1842
2009-03-20,8.1931,8.1896
2009-03-23,8.274,8.647
2009-03-24,8.595,8.6116
2009-03-25,8.6917,8.5347
2009-03-26,8.7594,8.7634
2009-03-27,8.6818,8.6247
2009-03-30,8.497,8.5005
2009-03-31,8.6552,8.6337
2009-04-01,8.5275,8.7832
2009-04-02,9.0119,8.9918
2009-04-03,9.0414,9.1724
2009-04-06,9.1035,9.1342
2009-04-07,8.9943,8.8963
2009-04-08,9.0166,8.9794
2009-04-09,9.1655,9.2399
2009-04-13,9.2109,9.379
2009-04-14,9.35,9.1508
2009-04-15,9.1059,9.4135
2009-04-16,9.4631,9.6427
2009-04-17,9.5753,9.7295
2009-04-20,9.5785,9.4086
2009-04-21,9.3309,9.4624
2009-04-22,9.4693,9.5217
2009-04-23,9.6122,9.5423
2009-04-24,9.576,9.6613
2009-04-27,9.5336,9.5735
2009-04-28,9.5189,9.518
2009-04-29,9.574,9.7104
2009-04-30,9.8169,9.8221
2009-05-01,9.7987,9.7655
2009-05-04,9.8766,9.9711
2009-05-05,9.9215,9.9962
2009-05-06,10.0905,10.0081
2009-05-07,10.0237,9.8379
2009-05-08,9.9927,10.1038
2009-05-11,9.9915,10.12
2009-05-12,10.1703,9.8975
2009-05-13,9.7754,9.6626
2009-05-14,9.6442,9.612
2009-05-15,9.7013,9.674
2009-05-18,9.7913,9.8436
2009-05-19,9.8253,9.8942
2009-05-20,9.9739,9.8521
2009-05-21,9.8302,9.8352
2009-05-22,9.8392,9.7608
2009-05-26,9.7223,10.0302
2009-05-27,10.0619,10.0599
2009-05-28,10.1373,10.18
2009-05-29,10.2224,10.3494
2009-06-01,10.3866,10.5809
2009-06-02,10.5732,10.6265
2009-06-03,10.567,10.7071
2009-06-04,10.7976,10.9212
2009-06-05,11.04,11.0214
2009-06-08,10.9018,10.8837
2009-06-09,10.879,10.8056
2009-06-10,10.8207,10.7307
2009-06-11,10.7101,10.6414
2009-06-12,10.5883,10.5382
2009-06-15,10.4553,10.338
2009-06-16,10.401,10.3189
2009-06-17,10.3236,10.2981
2009-06-18,10.311,10.2708
2009-06-19,10.3737,10.4204
2009-06-22,10.3425,10.1043
2009-06-23,10.087,10.0629
2009-06-24,10.1388,10.1525
2009-06-25,10.0957,10.3132
2009-06-26,10.2614,10.5501
2009-06-29,10.567,10.5208
2009-06-30,10.5174,10.4576
2009-07-01,10.5223,10.3931
2009-07-02,10.3043,10.1326
2009-07-06,10.0833,10.1604
2009-07-07,10.1264,9.8384
2009-07-08,9.922,9.9838
2009-07-09,10.0738,10.1798
2009-07-10,10.1597,10.2792
2009-07-13,10.3231,10.5248
2009-07-14,10.5102,10.5345
2009-07-15,10.6577,10.8688
2009-07-16,10.8319,10.9787
2009-07-17,10.7406,10.6724
2009-07-20,10.6632,10.6704
2009-07-21,10.6895,10.6141
2009-07-22,10.6166,10.6089
2009-07-23,10.6334,10.8482
2009-07-24,10.8103,11.0809
2009-07-27,11.0641,11.0333
2009-07-28,10.939,10.9105
2009-07-29,10.8455,10.821
2009-07-30,10.979,11.0541
2009-07-31,11.1618,10.9899
2009-08-03,11.131,11.2171
2009-08-04,11.1467,11.2548
2009-08-05,11.3111,11.1906
2009-08-06,11.2689,11.1712
2009-08-07,11.3029,11.3384
2009-08-10,11.2898,11.3262
2009-08-11,11.2533,11.26
2009-08-12,11.2965,11.3751
2009-08-13,11.4637,11.4669
2009-08-14,11.4793,11.4103
2009-08-17,11.1995,11.0355
2009-08-18,11.0407,11.0452
2009-08-19,10.914,11.0127
2009-08-20,11.2119,11.4205
2009-08-21,11.5478,11.5403
2009-08-24,11.5926,11.6269
2009-08-25,11.6368,11.6924
2009-08-26,11.7268,11.6088
2009-08-27,11.6232,11.5607
2009-08-28,11.64,11.5282
2009-08-31,11.4051,11.4518
2009-09-01,11.4024,11.3052
2009-09-02,11.3066,11.2369
2009-09-03,11.3066,11.3488
2009-09-04,11.3501,11.4426
2009-09-08,11.5167,11.3761
2009-09-09,11.387,11.5088
2009-09-10,11.5753,11.6817
2009-09-11,11.6683,11.7115
2009-09-14,11.671,11.7854
2009-09-15,11.7844,11.8454
2009-09-16,11.9015,12.1121
2009-09-17,12.1686,12.1972
2009-09-18,12.3224,12.1907
2009-09-21,12.0984,12.3281
2009-09-22,12.4254,12.3792
2009-09-23,12.4219,12.3643
2009-09-24,12.4142,12.3224
2009-09-25,12.2609,12.216
2009-09-28,12.2745,12.3661
2009-09-29,12.3909,12.3661
2009-09-30,12.4025,12.2996
2009-10-01,12.2289,12.085
2009-10-02,11.9992,12.02
2009-10-05,12.0962,12.1178
2009-10-06,12.1967,12.3713
2009-10-07,12.3777,12.8376
2009-10-08,12.888,12.7543
2009-10-09,12.8155,12.8056
2009-10-12,12.9835,12.9988
2009-10-13,13.0075,13.0502
2009-10-14,13.2077,13.2787
2009-10-15,13.2397,13.1445
2009-10-16,13.5766,13.6391
2009-10-19,13.7095,13.6946
2009-10-20,13.6835,13.6855
2009-10-21,13.6406,13.6701
2009-10-22,13.6428,13.7442
2009-10-23,13.773,13.7343
2009-10-26,13.7854,13.7472
2009-10-27,13.6669,13.6004
2009-10-28,13.59,13.4022
2009-10-29,13.4694,13.6688
2009-10-30,13.6428,13.2985
2009-11-02,13.3223,13.2457
2009-11-03,13.1469,13.3275
2009-11-04,13.4146,13.4029
2009-11-05,13.4813,13.6093
2009-11-06,13.5862,13.6701
2009-11-09,13.778,13.9531
2009-11-10,13.9586,14.0585
2009-11-11,14.1508,14.1528
2009-11-12,14.128,14.0856
2009-11-13,14.1213,14.1897
2009-11-16,14.2629,14.2947
2009-11-17,14.2597,14.3247
2009-11-18,14.3038,14.3038
2009-11-19,14.2324,14.2131
2009-11-20,14.1265,14.1379
2009-11-23,14.2999,14.4452
2009-11-24,14.4494,14.4636
2009-11-25,14.5459,14.5293
2009-11-27,14.1885,14.381
2009-11-30,14.4026,14.4614
2009-12-01,14.5886,14.6318
2009-12-02,14.6598,14.5732
2009-12-03,14.6112,14.5293
2009-12-04,14.7099,14.5112
2009-12-07,14.4914,14.542
2009-12-08,14.4738,14.5618
2009-12-09,14.573,14.6107
2009-12-10,14.6459,14.6722
2009-12-11,14.7511,14.6476
2009-12-14,14.7677,14.7771
2009-12-15,14.7169,14.7129
2009-12-16,14.8483,14.8275
2009-12-17,14.7947,14.7327
2009-12-18,14.7846,14.7942
2009-12-21,14.8238,14.8503
2009-12-22,14.9163,14.9108
2009-12-23,14.9699,15.1728
2009-12-24,15.2038,15.3414
2009-12-28,15.4203,15.4503
2009-12-29,15.4967,15.3643
2009-12-30,15.3419,15.4469
2009-12-31,15.497,15.3786
2010-01-04,15.5515,15.5466
2010-01-05,15.5572,15.4781
2010-01-06,15.5245,15.0879
2010-01-07,15.1162,14.7367
2010-01-08,14.6846,14.9331
2010-01-11,14.9937,14.9106
2010-01-12,14.8248,14.6469
2010-01-13,14.2999,14.5628
2010-01-14,14.4837,14.6313
2010-01-15,14.7178,14.3869
2010-01-19,14.4167,14.576
2010-01-20,14.5353,14.3971
2010-01-21,14.4723,14.4609
2010-01-22,14.0025,13.643
2010-01-25,13.5582,13.3947
2010-01-26,13.3444,13.4548
2010-01-27,13.4262,13.4468
2010-01-28,13.5061,13.2531
2010-01-29,13.3573,13.1452
2010-02-01,13.2608,13.2216
2010-02-02,13.2697,13.1745
2010-02-03,13.1137,13.4151
2010-02-04,13.3203,13.0668
2010-02-05,13.107,13.1787
2010-02-08,13.2087,13.2328
2010-02-09,13.3833,13.3064
2010-02-10,13.2476,13.2571
2010-02-11,13.229,13.3054
2010-02-12,13.2204,13.2241
2010-02-16,13.3171,13.427
2010-02-17,13.4444,13.3503
2010-02-18,13.3337,13.4746
2010-02-19,13.4079,13.4136
2010-02-22,13.5771,13.4642
2010-02-23,13.4692,13.2724
2010-02-24,13.2454,13.1832
2010-02-25,13.0752,13.0581
2010-02-26,13.0827,13.0673
2010-03-01,13.1268,13.2134
2010-03-02,13.2826,13.421
2010-03-03,13.4533,13.5267
2010-03-04,13.556,13.7566
2010-03-05,13.9243,13.9953
2010-03-08,14.0094,13.9524
2010-03-09,13.8871,13.8956
2010-03-10,13.9841,14.2989
2010-03-11,14.2446,14.4152
2010-03-12,14.5889,14.3755
2010-03-15,14.0565,13.9697
2010-03-16,13.9362,14.0198
2010-03-17,14.0967,14.0288
2010-03-18,14.0079,14.0496
2010-03-19,13.8908,13.8908
2010-03-22,13.7944,13.8288
2010-03-23,13.8174,13.618
2010-03-24,13.5314,13.8246
2010-03-25,13.8665,13.9623
2010-03-26,14.0216,13.9576
2010-03-29,13.9653,13.9516
2010-03-30,13.961,14.0573
2010-03-31,14.0161,14.0675
2010-04-01,14.1724,14.1091
2010-04-05,14.1612,14.1639
2010-04-06,14.1255,14.0947
2010-04-07,14.0719,13.9787
2010-04-08,13.9732,14.0766
2010-04-09,14.0766,14.0451
2010-04-12,14.0732,14.2066
2010-04-13,14.2016,14.5549
2010-04-14,14.6365,14.6102
2010-04-15,14.6888,14.7665
2010-04-16,13.9653,13.6465
2010-04-19,13.6118,13.6453
2010-04-20,13.7462,13.7678
2010-04-21,13.803,13.7495
2010-04-22,13.6924,13.5699
2010-04-23,13.5746,13.5185
2010-04-26,13.518,13.1874
2010-04-27,13.1206,13.1234
2010-04-28,13.1988,13.1266
2010-04-29,13.2303,13.1963
2010-04-30,13.1747,13.04
2010-05-03,13.0599,13.1616
2010-05-04,13.0604,12.5605
2010-05-05,12.4268,12.6446
2010-05-06,12.6196,12.3695
2010-05-07,12.4018,12.2324
2010-05-10,12.7491,12.9396
2010-05-11,12.7912,12.627
2010-05-12,12.7012,12.5362
2010-05-13,12.8118,12.6724
2010-05-14,12.6449,12.5893
2010-05-17,12.5707,12.6002
2010-05-18,12.6506,12.3621
2010-05-19,12.3098,12.2644
2010-05-20,12.0322,11.7827
2010-05-21,11.6351,11.7092
2010-05-24,11.9245,11.836
2010-05-25,11.6125,11.8338
2010-05-26,11.9578,11.7941
2010-05-27,12.0292,12.1659
2010-05-28,12.2225,12.0461
2010-06-01,11.9171,11.9652
2010-06-02,12.0721,12.2381
2010-06-03,12.2812,12.5414
2010-06-04,12.3956,12.3708
2010-06-07,12.3792,12.0434
2010-06-08,12.1012,12.025
2010-06-09,12.0855,11.7581
2010-06-10,11.9156,12.0803
2010-06-11,11.9684,12.1173
2010-06-14,12.2656,11.9856
2010-06-15,11.9828,12.3527
2010-06-16,12.3075,12.434
2010-06-17,12.4881,12.4045
2010-06-18,12.4648,12.4033
2010-06-21,12.4001,12.1188
2010-06-22,12.152,12.0615
2010-06-23,12.0773,11.9573
2010-06-24,11.898,11.7849
2010-06-25,11.8335,11.7249
2010-06-28,11.7226,11.71
2010-06-29,11.4957,11.268
2010-06-30,11.2853,11.037
2010-07-01,11.0454,10.9016
2010-07-02,10.9544,10.8287
2010-07-06,11.0135,10.8167
2010-07-07,10.8723,11.1672
2010-07-08,11.2503,11.325
2010-07-09,11.707,11.5961
2010-07-12,11.7172,11.803
2010-07-13,11.9622,12.1346
2010-07-14,12.1515,12.1877
2010-07-15,12.1974,12.2542
2010-07-16,11.6366,11.4007
2010-07-19,11.4354,11.5636
2010-07-20,11.4359,11.9459
2010-07-21,12.0057,11.8444
2010-07-22,11.9866,12.0257
2010-07-23,11.9255,12.156
2010-07-26,12.1319,12.1289
2010-07-27,12.1689,12.2197
2010-07-28,12.277,12.0143
2010-07-29,12.054,12.0302
2010-07-30,11.8978,12.0267
2010-08-02,12.1294,12.1647
2010-08-03,12.1669,12.1503
2010-08-04,12.2086,12.5593
2010-08-05,12.5486,12.6035
2010-08-06,12.5365,12.408
2010-08-09,12.4583,12.5352
2010-08-10,12.4608,12.4946
2010-08-11,12.3462,12.1976
2010-08-12,12.0042,12.2043
2010-08-13,12.1297,12.0639
2010-08-16,11.9977,12.0451
2010-08-17,12.118,12.1674
2010-08-18,12.1654,11.9598
2010-08-19,11.9315,11.608
2010-08-20,11.608,11.4604
2010-08-23,11.4475,11.5113
2010-08-24,11.3533,11.1968
2010-08-25,11.1623,11.2769
2010-08-26,11.3126,11.1866
2010-08-27,11.2258,11.3813
2010-08-30,11.3892,11.229
2010-08-31,11.165,11.1628
2010-09-01,11.2858,11.4185
2010-09-02,11.4808,11.4892
2010-09-03,11.6713,11.6658
2010-09-07,11.522,11.5195
2010-09-08,11.5391,11.6728
2010-09-09,11.8526,11.8117
2010-09-10,11.8821,11.8107
2010-09-13,11.9288,11.9627
2010-09-14,11.9563,11.9171
2010-09-15,11.9052,11.9223
2010-09-16,11.9052,11.9327
2010-09-17,11.9995,12.1582
2010-09-20,12.2165,12.6079
2010-09-21,12.6426,12.7364
2010-09-22,12.7215,12.7994
2010-09-23,12.7649,12.7369
2010-09-24,12.9418,13.0795
2010-09-27,13.1182,13.1569
2010-09-28,13.233,13.0765
2010-09-29,13.0934,13.0894
2010-09-30,13.1259,13.0423
2010-10-01,13.1467,13.038
2010-10-04,13.0214,12.9569
2010-10-05,13.1065,13.3508
2010-10-06,13.3764,13.2546
2010-10-07,13.3007,13.1469
2010-10-08,13.2154,13.3042
2010-10-11,13.357,13.366
2010-10-12,13.3977,13.4292
2010-10-13,13.5684,13.4766
2010-10-14,13.4984,13.4178
2010-10-15,14.8649,14.919
2010-10-18,14.8967,15.3223
2010-10-19,15.1026,15.0773
2010-10-20,15.085,15.081
2010-10-21,15.1686,15.1805
2010-10-22,15.1787,15.1939
2010-10-25,15.2698,15.2923
2010-10-26,15.208,15.3444
2010-10-27,15.2742,15.2916
2010-10-28,15.3804,15.3439
2010-10-29,15.3065,15.2229
2010-11-01,15.2732,15.2551
2010-11-02,15.3462,15.27
2010-11-03,15.3171,15.3836
2010-11-04,15.4942,15.4851
2010-11-05,15.458,15.5052
2010-11-08,15.4789,15.5471
2010-11-09,15.6272,15.4987
2010-11-10,15.4307,15.4506
2010-11-11,15.3717,15.3094
2010-11-12,15.2301,14.9647
2010-11-15,14.9594,14.7707
2010-11-16,14.7035,14.4792
2010-11-17,14.511,14.475
2010-11-18,14.6102,14.7977
2010-11-19,14.8086,14.6556
2010-11-22,14.5722,14.6653
2010-11-23,14.5608,14.4616
2010-11-24,14.5683,14.7583
2010-11-26,14.6464,14.635
2010-11-29,14.6144,14.4393
2010-11-30,14.246,13.7844
2010-12-01,13.9653,13.9987
2010-12-02,14.1057,14.184
2010-12-03,14.1252,14.2133
2010-12-06,14.4011,14.3463
2010-12-07,14.6665,14.5641
2010-12-08,14.6839,14.6484
2010-12-09,14.7312,14.6722
2010-12-10,14.7129,14.6898
2010-12-13,14.8116,14.7496
2010-12-14,14.8109,14.7568
2010-12-15,14.7392,14.6424
2010-12-16,14.7057,14.6774
2010-12-17,14.6598,14.6548
2010-12-20,14.7503,14.7605
2010-12-21,14.8476,14.9592
2010-12-22,14.9823,15.0192
2010-12-23,15.0155,14.988
2010-12-27,14.951,14.9421
2010-12-28,14.9339,14.8563
2010-12-29,14.9327,14.9078
2010-12-30,14.8334,14.8548
2010-12-31,14.8022,14.7335
2011-01-03,14.7957,14.9909
2011-01-04,15.0224,14.9356
2011-01-05,14.8848,15.108
2011-01-06,15.148,15.2179
2011-01-07,15.2777,15.2908
2011-01-10,15.2502,15.2355
2011-01-11,15.3223,15.2802
2011-01-12,15.363,15.3015
2011-01-13,15.304,15.297
2011-01-14,15.3147,15.4828
2011-01-18,15.5295,15.8661
2011-01-19,15.9278,15.6706
2011-01-20,15.682,15.5471
2011-01-21,15.8648,15.1765
2011-01-24,15.0708,15.1579
2011-01-25,15.0864,15.3769
2011-01-26,15.3873,15.2923
2011-01-27,15.3268,15.2995
2011-01-28,15.3561,14.9076
2011-01-31,14.9723,14.892
2011-02-01,14.9944,15.1569
2011-02-02,15.1559,15.1807
2011-02-03,15.1182,15.1348
2011-02-04,15.1348,15.1554
2011-02-07,15.1351,15.2375
2011-02-08,15.2534,15.339
2011-02-09,15.3015,15.2923
2011-02-10,15.2278,15.2908
2011-02-11,15.2251,15.4908
2011-02-14,15.462,15.5813
2011-02-15,15.5607,15.4821
2011-02-16,15.5188,15.4838
2011-02-17,15.4101,15.5096
2011-02-18,15.528,15.6292
2011-02-22,15.3799,15.1363
2011-02-23,15.1393,15.1638
2011-02-24,15.1656,15.1018
2011-02-25,15.1772,15.1321
2011-02-28,15.1311,15.2154
2011-03-01,15.3241,14.9019
2011-03-02,14.8781,14.9026
2011-03-03,15.0413,15.1202
2011-03-04,15.0897,14.8984
2011-03-07,14.8967,14.6762
2011-03-08,14.7077,14.6923
2011-03-09,14.6598,14.6789
2011-03-10,14.5219,14.3944
2011-03-11,14.3428,14.3053
2011-03-14,14.2083,14.1386
2011-03-15,13.8288,14.128
2011-03-16,14.0895,13.8189
2011-03-17,14.002,13.9246
2011-03-18,14.0059,13.9171
2011-03-21,14.1443,14.3001
2011-03-22,14.3192,14.3205
2011-03-23,14.2676,14.4405
2011-03-24,14.5216,14.5578
2011-03-25,14.5576,14.3805
2011-03-28,14.4383,14.2718
2011-03-29,14.2877,14.4299
2011-03-30,14.4956,14.4326
2011-03-31,14.4614,14.5546
2011-04-01,14.6042,14.6796
2011-04-04,14.7094,14.5774
2011-04-05,14.4137,14.1163
2011-04-06,14.193,14.2426
2011-04-07,14.281,14.3869
2011-04-08,14.5082,14.3413
2011-04-11,14.2927,14.3217
2011-04-12,14.2629,14.154
2011-04-13,14.2756,14.2947
2011-04-14,14.2676,14.35
2011-04-15,13.526,13.1641
2011-04-18,13.0579,13.0683
2011-04-19,13.1454,12.9366
2011-04-20,13.045,13.0408
2011-04-21,13.0844,13.0251
2011-04-25,13.0289,13.0239
2011-04-26,13.0604,13.2166
2011-04-27,13.3451,13.3392
2011-04-28,13.3466,13.3444
2011-04-29,13.3947,13.4964
2011-05-02,13.5361,13.359
2011-05-03,13.3235,13.2432
2011-05-04,13.2749,13.2903
2011-05-05,13.2424,13.2526
2011-05-06,13.3488,13.2782
2011-05-09,13.2707,13.3372
2011-05-10,13.3947,13.4607
2011-05-11,13.3982,13.2819
2011-05-12,13.2767,13.272
2011-05-13,13.261,13.1355
2011-05-16,13.0552,12.8594
2011-05-17,12.7853,13.1581
2011-05-18,13.1353,13.142
2011-05-19,13.2144,13.1777
2011-05-20,13.1913,12.9986
2011-05-23,12.8143,12.8587
2011-05-24,12.9078,12.8555
2011-05-25,12.8324,12.8905
2011-05-26,12.8416,12.8523
2011-05-27,12.8609,12.921
2011-05-31,13.0227,13.1224
2011-06-01,13.0981,13.0375
2011-06-02,13.0864,13.0986
2011-06-03,12.9482,12.975
2011-06-06,12.9864,12.9249
2011-06-07,12.9703,12.8746
2011-06-08,12.8126,12.878
2011-06-09,12.8986,12.8175
2011-06-10,12.7518,12.6384
2011-06-13,12.6506,12.5199
2011-06-14,12.6047,12.6102
2011-06-15,12.5273,12.4757
2011-06-16,12.4722,12.4117
2011-06-17,12.5558,12.031
2011-06-20,12.0305,12.02
2011-06-21,12.0848,12.2289
2011-06-22,12.1905,12.0803
2011-06-23,11.9593,11.9119
2011-06-24,11.9233,11.7794
2011-06-27,11.7576,11.9759
2011-06-28,12.0062,12.245
2011-06-29,12.3167,12.3423
2011-06-30,12.4519,12.5608
2011-07-01,12.5697,12.9242
2011-07-05,13.0301,13.2072
2011-07-06,13.2335,13.2796
2011-07-07,13.4195,13.5585
2011-07-08,13.2199,13.1961
2011-07-11,13.1015,13.0792
2011-07-12,13.101,13.2462
2011-07-13,13.3203,13.3516
2011-07-14,13.3729,13.1204
2011-07-15,14.821,14.824
2011-07-18,14.6968,14.7575
2011-07-19,14.7873,14.9463
2011-07-20,14.9371,14.7677
2011-07-21,14.735,15.0564
2011-07-22,15.0167,15.3352
2011-07-25,15.2144,15.3538
2011-07-26,15.3308,15.4417
2011-07-27,15.3092,15.0621
2011-07-28,15.0118,15.1544
2011-07-29,14.988,14.9746
2011-08-01,15.1614,15.051
2011-08-02,15.0319,14.6945
2011-08-03,14.7409,14.9121
2011-08-04,14.7466,14.3254
2011-08-05,14.4499,14.3631
2011-08-08,13.9648,13.5441
2011-08-09,13.9156,14.2235
2011-08-10,13.9251,13.6182
2011-08-11,13.7375,13.9437
2011-08-12,14.1265,13.9844
2011-08-15,13.7279,13.8221
2011-08-16,13.7031,13.3699
2011-08-17,13.3955,13.2248
2011-08-18,12.9847,12.5236
2011-08-19,12.3862,12.1773
2011-08-22,12.5018,12.3571
2011-08-23,12.4894,12.8694
2011-08-24,12.882,12.9802
2011-08-25,13.1561,12.8996
2011-08-26,12.8984,13.0688
2011-08-29,13.2598,13.3719
2011-08-30,13.3498,13.4121
2011-08-31,13.5123,13.4186
2011-09-01,13.4133,13.2087
2011-09-02,13.0095,13.0187
2011-09-06,12.6704,12.9527
2011-09-07,13.1579,13.2467
2011-09-08,13.2409,13.2697
2011-09-09,13.1814,13.0189
2011-09-12,12.848,13.1497
2011-09-13,13.1963,13.1348
2011-09-14,13.2109,13.198
2011-09-15,13.2831,13.4582
2011-09-16,13.5138,13.5604
2011-09-19,13.4034,13.5602
2011-09-20,13.6279,13.5592
2011-09-21,13.5855,13.3749
2011-09-22,13.0537,12.915
2011-09-23,12.8133,13.0353
2011-09-26,13.0785,13.1936
2011-09-27,13.3501,13.3784
2011-09-28,13.4319,13.1179
2011-09-29,13.2965,13.0847
2011-09-30,12.9038,12.7756
2011-10-03,12.6469,12.2914
2011-10-04,12.1552,12.4497
2011-10-05,12.312,12.5191
2011-10-06,12.5886,12.7674
2011-10-07,12.82,12.7776
2011-10-10,13.0271,13.3245
2011-10-11,13.2325,13.4736
2011-10-12,13.5964,13.6056
2011-10-13,13.6435,13.8658
2011-10-14,14.8699,14.6767
2011-10-17,14.4792,14.4467
2011-10-18,14.3917,14.6476
2011-10-19,14.569,14.4043
2011-10-20,14.4341,14.478
2011-10-21,14.6228,14.6471
2011-10-24,14.5536,14.7942
2011-10-25,14.7119,14.4653
2011-10-26,14.6238,14.5435
2011-10-27,14.8439,14.8501
2011-10-28,14.7471,14.8865
2011-10-31,14.7613,14.7005
2011-11-01,14.3894,14.3535
2011-11-02,14.5085,14.5065
2011-11-03,14.5606,14.821
2011-11-04,14.7218,14.7873
2011-11-07,14.7173,15.0897
2011-11-08,15.1063,15.1891
2011-11-09,14.9887,14.9066
2011-11-10,15.0301,14.761
2011-11-11,14.9153,15.0902
2011-11-14,15.0815,15.2055
2011-11-15,15.2005,15.2938
2011-11-16,15.1827,15.1676
2011-11-17,15.1323,14.9046
2011-11-18,14.9327,14.756
2011-11-21,14.5794,14.4103
2011-11-22,14.3869,14.3869
2011-11-23,14.2716,14.1416
2011-11-25,14.0196,13.9653
2011-11-28,14.3713,14.5901
2011-11-29,14.5824,14.4596
2011-11-30,14.8322,14.8679
2011-12-01,14.883,15.2246
2011-12-02,15.306,15.3881
2011-12-05,15.5687,15.5193
2011-12-06,15.4533,15.4727
2011-12-07,15.4208,15.4632
2011-12-08,15.4049,15.2812
2011-12-09,15.3295,15.5632
2011-12-12,15.4258,15.5128
2011-12-13,15.5964,15.5188
2011-12-14,15.425,15.3313
2011-12-15,15.4417,15.3677
2011-12-16,15.4863,15.527
2011-12-19,15.5778,15.4245
2011-12-20,15.5776,15.6364
2011-12-21,15.6274,15.5235
2011-12-22,15.5763,15.6198
2011-12-23,15.6768,15.7051
2011-12-27,15.678,15.8814
2011-12-28,15.9435,15.8678
2011-12-29,15.9122,15.9348
2011-12-30,15.9254,16.0216
2012-01-03,16.1962,16.5055
2012-01-04,16.4961,16.5767
2012-01-05,16.4242,16.3468
2012-01-06,16.3503,16.1238
2012-01-09,16.0365,15.4402
2012-01-10,15.621,15.457
2012-01-11,15.466,15.527
2012-01-12,15.6575,15.6183
2012-01-13,15.5344,15.5029
2012-01-17,15.6763,15.592
2012-01-18,15.5436,15.6994
2012-01-19,15.8998,15.8646
2012-01-20,14.6481,14.5355
2012-01-23,14.5358,14.5239
2012-01-24,14.5437,14.41
2012-01-25,14.3252,14.1262
2012-01-26,14.188,14.0918
2012-01-27,14.1582,14.3864
2012-01-30,14.3386,14.3296
2012-01-31,14.4614,14.3897
2012-02-01,14.5095,14.4075
2012-02-02,14.5077,14.5137
2012-02-03,14.6514,14.792
2012-02-06,14.7593,15.1085
2012-02-07,15.0604,15.051
2012-02-08,15.0974,15.1274
2012-02-09,15.1812,15.1673
2012-02-10,15.0785,15.0296
2012-02-13,15.1435,15.1857
2012-02-14,15.1693,15.1251
2012-02-15,15.2038,15.021
2012-02-16,14.953,15.0448
2012-02-17,15.0063,14.9981
2012-02-21,14.979,15.2303
2012-02-22,15.1797,15.08
2012-02-23,15.0567,15.0346
2012-02-24,15.0654,15.1286
2012-02-27,15.0465,15.114
2012-02-28,15.1311,15.3392
2012-02-29,15.3444,15.3357
2012-03-01,15.4352,15.4387
2012-03-02,15.4288,15.4102
2012-03-05,15.3898,15.2365
2012-03-06,15.0827,15.0061
2012-03-07,15.1075,15.0517
2012-03-08,15.1321,15.0602
2012-03-09,15.0802,14.8892
2012-03-12,14.883,15.0108
2012-03-13,15.1001,15.3241
2012-03-14,15.2551,15.2797
2012-03-15,15.2948,15.4072
2012-03-16,15.4012,15.5042
2012-03-19,15.4565,15.7259
2012-03-20,15.65,15.7138
2012-03-21,15.7415,15.8748
2012-03-22,15.838,16.0253
2012-03-23,16.039,15.9395
2012-03-26,15.9993,16.1067
2012-03-27,16.0496,16.0494
2012-03-28,16.1736,16.2662
2012-03-29,16.2086,16.0839
2012-03-30,16.1667,15.906
2012-04-02,15.8943,16.0469
2012-04-03,16.0094,15.9402
2012-04-04,15.8368,15.7549
2012-04-05,15.6828,15.6847
2012-04-09,15.5895,15.648
2012-04-10,15.7145,15.5493
2012-04-11,15.7257,15.775
2012-04-12,15.9335,16.1484
2012-04-13,16.0625,15.4932
2012-04-16,15.4536,15.0336
2012-04-17,15.0954,15.1204
2012-04-18,15.0827,15.0678
2012-04-19,15.0242,14.8657
2012-04-20,14.9885,14.7853
2012-04-23,14.7069,14.8235
2012-04-24,14.8394,14.9145
2012-04-25,14.9823,15.1241
2012-04-26,15.1537,15.2668
2012-04-27,15.2556,15.2546
2012-04-30,15.2053,15.0033
2012-05-01,14.9771,14.9929
2012-05-02,14.9128,15.0631
2012-05-03,15.1217,15.1564
2012-05-04,15.0299,14.8079
2012-05-07,14.759,15.0703
2012-05-08,15.0202,15.2003
2012-05-09,15.0522,15.11
2012-05-10,15.2045,15.2219
2012-05-11,15.1398,15.0128
2012-05-14,14.9024,14.9823
2012-05-15,15.0158,15.1586
2012-05-16,15.3285,15.6007
2012-05-17,15.7222,15.4548
2012-05-18,15.5057,14.893
2012-05-21,14.8957,15.233
2012-05-22,15.2164,14.9029
2012-05-23,14.924,15.1177
2012-05-24,15.1103,14.9738
2012-05-25,14.9078,14.6729
2012-05-29,14.7791,14.7426
2012-05-30,14.5894,14.5911
2012-05-31,14.6032,14.4083
2012-06-01,14.1833,14.1632
2012-06-04,14.1443,14.352
2012-06-05,14.2741,14.1491
2012-06-06,14.2996,14.4011
2012-06-07,14.5755,14.343
2012-06-08,14.284,14.3981
2012-06-11,14.4914,14.1017
2012-06-12,14.1332,14.0173
2012-06-13,13.9335,13.9179
2012-06-14,13.9231,13.8673
2012-06-15,13.8993,14.0027
2012-06-18,13.9558,14.16
2012-06-19,14.2279,14.4249
2012-06-20,14.3822,14.3252
2012-06-21,14.383,14.0201
2012-06-22,14.0893,14.1756
2012-06-25,14.0727,13.9082
2012-06-26,13.9593,14.0069
2012-06-27,14.0818,14.1215
2012-06-28,14.0372,13.9977
2012-06-29,14.2619,14.3887
2012-07-02,14.4321,14.3986
2012-07-03,14.3872,14.5812
2012-07-05,14.6042,14.7818
2012-07-06,14.6958,14.5353
2012-07-09,14.5097,14.536
2012-07-10,14.6397,14.4291
2012-07-11,14.2952,14.1684
2012-07-12,14.0675,14.1508
2012-07-13,14.1922,14.3006
2012-07-16,14.2969,14.2609
2012-07-17,14.348,14.3058
2012-07-18,14.312,14.4058
2012-07-19,14.5392,14.7109
2012-07-20,15.1003,15.1514
2012-07-23,14.8949,15.2678
2012-07-24,15.2551,15.0708
2012-07-25,15.0894,15.0812
2012-07-26,15.2551,15.2144
2012-07-27,15.3516,15.7502
2012-07-30,15.7773,15.6842
2012-07-31,15.584,15.7009
2012-08-01,15.8083,15.6937
2012-08-02,15.5158,15.5962
2012-08-03,15.8752,15.9082
2012-08-06,15.8656,15.9452
2012-08-07,15.9196,15.8886
2012-08-08,15.8517,15.9306
2012-08-09,15.9871,15.9335
2012-08-10,15.8403,15.9249
2012-08-13,16.0593,16.3716
2012-08-14,16.3527,16.5862
2012-08-15,16.6263,16.5584
2012-08-16,16.5576,16.6906
2012-08-17,16.7216,16.7965
2012-08-20,16.7558,16.7568
2012-08-21,16.6965,16.6072
2012-08-22,16.5544,16.7975
2012-08-23,16.7253,16.7881
2012-08-24,16.7583,16.8335
2012-08-27,16.4455,16.6
2012-08-28,16.4954,16.7992
2012-08-29,16.8022,17.0661
2012-08-30,16.9726,16.9091
2012-08-31,16.9667,16.9937
2012-09-04,16.9803,16.8932
2012-09-05,16.8675,16.8853
2012-09-06,17.0153,17.3487
2012-09-07,17.3636,17.5161
2012-09-10,17.6057,17.3827
2012-09-11,17.3129,17.1698
2012-09-12,17.1009,17.1373
2012-09-13,17.1922,17.5134
2012-09-14,17.6017,17.6037
2012-09-17,17.5647,17.6111
2012-09-18,17.5565,17.817
2012-09-19,17.7976,18.0457
2012-09-20,17.9705,18.0611
2012-09-21,18.1625,18.2067
2012-09-24,18.1325,18.5884
2012-09-25,18.6795,18.583
2012-09-26,18.6001,18.6896
2012-09-27,18.8506,18.765
2012-09-28,18.7067,18.7154
2012-10-01,18.8283,18.896
2012-10-02,18.9808,18.7772
2012-10-03,18.7457,18.9139
2012-10-04,18.9201,19.0515
2012-10-05,19.1175,19.0416
2012-10-08,18.8767,18.7983
2012-10-09,18.8437,18.4572
2012-10-10,18.4019,18.4689
2012-10-11,18.6757,18.6405
2012-10-12,18.6497,18.4736
2012-10-15,18.4039,18.3801
2012-10-16,18.359,18.4723
2012-10-17,18.4537,18.74
2012-10-18,18.7412,17.2395
2012-10-19,17.502,16.9119
2012-10-22,16.8925,16.8345
2012-10-23,16.6693,16.8761
2012-10-24,17.0361,16.8005
2012-10-25,16.8675,16.8119
2012-10-26,16.7806,16.7471
2012-10-31,16.864,16.8749
2012-11-01,16.855,17.0557
2012-11-02,17.2343,17.0639
2012-11-05,16.9791,16.9409
2012-11-06,17.0034,16.9101
2012-11-07,16.7434,16.548
2012-11-08,16.6244,16.1801
2012-11-09,16.2386,16.4465
2012-11-12,16.4644,16.5177
2012-11-13,16.4458,16.3478
2012-11-14,16.3877,16.1866
2012-11-15,16.1233,16.0553
2012-11-16,16.0238,16.0533
2012-11-19,16.2647,16.575
2012-11-20,16.6072,16.6187
2012-11-21,16.5943,16.517
2012-11-23,16.6187,16.569
2012-11-26,16.5311,16.3999
2012-11-27,16.3756,16.637
2012-11-28,16.57,16.9585
2012-11-29,17.0604,17.1624
2012-11-30,17.148,17.3231
2012-12-03,17.4191,17.2457
2012-12-04,17.2395,17.141
2012-12-05,17.1688,17.0614
2012-12-06,17.0557,17.1435
2012-12-07,17.2395,16.9719
2012-12-10,17.0011,17.0019
2012-12-11,17.1155,17.2862
2012-12-12,17.3444,17.303
2012-12-13,17.7584,17.4305
2012-12-14,17.343,17.4122
2012-12-17,17.5,17.879
2012-12-18,17.7753,17.8862
2012-12-19,17.8773,17.8624
2012-12-20,17.9405,17.9182
2012-12-21,17.7101,17.7513
2012-12-24,17.7235,17.5992
2012-12-26,17.5637,17.5836
2012-12-27,17.5407,17.5196
2012-12-28,17.4055,17.3638
2012-12-31,17.3636,17.5466
2013-01-02,17.8453,17.9403
2013-01-03,17.9819,17.9507
2013-01-04,18.0913,18.3054
2013-01-07,18.2429,18.2255
2013-01-08,18.2451,18.1896
2013-01-09,18.164,18.3091
2013-01-10,18.426,18.3925
2013-01-11,18.4054,18.3555
2013-01-14,18.2813,17.9403
2013-01-15,17.843,17.9819
2013-01-16,17.9192,17.7403
2013-01-17,17.8028,17.6443
2013-01-18,17.6205,17.4754
2013-01-22,17.4791,17.4347
2013-01-23,18.2563,18.393
2013-01-24,18.3865,18.7082
2013-01-25,18.6229,18.6948
2013-01-28,18.6475,18.6219
2013-01-29,18.5232,18.6951
2013-01-30,18.6966,18.6988
2013-01-31,18.6165,18.7449
2013-02-01,18.8072,19.2388
2013-02-04,19.0426,18.8275
2013-02-05,18.8799,18.9942
2013-02-06,18.8288,19.1041
2013-02-07,19.0925,19.1979
2013-02-08,19.3512,19.4812
2013-02-11,19.3083,19.408
2013-02-12,19.3914,19.3653
2013-02-13,19.3512,19.4189
2013-02-14,19.3413,19.5419
2013-02-15,19.5315,19.6677
2013-02-19,19.7446,20.014
2013-02-20,19.9755,19.657
2013-02-21,19.7944,19.7332
2013-02-22,19.8257,19.8369
2013-02-25,19.9011,19.6151
2013-02-26,19.72,19.5992
2013-02-27,19.7151,19.8386
2013-02-28,19.8713,19.8738
2013-03-01,19.7895,19.9976
2013-03-04,19.9755,20.3774
2013-03-05,20.5617,20.8015
2013-03-06,20.8618,20.6224
2013-03-07,20.6889,20.6527
2013-03-08,20.6998,20.6259
2013-03-11,20.6301,20.7078
2013-03-12,20.6058,20.5289
2013-03-13,20.5361,20.4719
2013-03-14,20.5135,20.3784
2013-03-15,20.303,20.1988
2013-03-18,19.9681,20.0373
2013-03-19,20.1229,20.1249
2013-03-20,20.2615,20.2089
2013-03-21,20.1241,20.1234
2013-03-22,20.2097,20.0998
2013-03-25,20.1519,20.0832
2013-03-26,20.1789,20.1521
2013-03-27,20.0098,19.91
2013-03-28,19.943,19.6999
2013-04-01,19.7203,19.8736
2013-04-02,19.9567,20.1675
2013-04-03,20.1779,19.9979
2013-04-04,19.9495,19.7218
2013-04-05,19.4983,19.4236
2013-04-08,19.317,19.2202
2013-04-09,19.2363,19.2897
2013-04-10,19.4204,19.6005
2013-04-11,19.6674,19.6057
2013-04-12,19.6454,19.5972
2013-04-15,19.4955,19.3958
2013-04-16,19.5114,19.6796
2013-04-17,19.5154,19.4115
2013-04-18,19.4807,18.9985
2013-04-19,19.0791,19.8408
2013-04-22,19.8589,19.8468
2013-04-23,19.8689,20.04
2013-04-24,20.0452,20.1777
2013-04-25,20.2471,20.0698
2013-04-26,20.0326,19.8793
2013-04-29,19.9247,20.3168
2013-04-30,20.3154,20.4535
2013-05-01,20.421,20.3508
2013-05-02,20.3426,20.5785
2013-05-03,20.7609,20.9781
2013-05-06,21.0412,21.3708
2013-05-07,21.407,21.2637
2013-05-08,21.2579,21.6705
2013-05-09,21.6013,21.6171
2013-05-10,21.7121,21.8342
2013-05-13,21.8009,21.7672
2013-05-14,21.7665,22.0046
2013-05-15,22.2129,22.7187
2013-05-16,22.7959,22.4206
2013-05-17,22.5731,22.5523
2013-05-20,22.4486,22.5362
2013-05-21,22.5235,22.4975
2013-05-22,22.3881,22.0621
2013-05-23,21.7541,21.8977
2013-05-24,21.7109,21.6628
2013-05-28,21.9153,21.86
2013-05-29,21.7221,21.5385
2013-05-30,21.5784,21.5993
2013-05-31,21.5338,21.6107
2013-06-03,21.6548,21.5216
2013-06-04,21.5271,21.31
2013-06-05,21.3946,21.3249
2013-06-06,21.439,21.4475
2013-06-07,21.5908,21.8218
2013-06-10,21.8806,22.082
2013-06-11,21.9269,21.8237
2013-06-12,21.9639,21.6295
2013-06-13,21.5551,21.754
2013-06-14,21.8309,21.7054
2013-06-17,21.8094,21.9835
2013-06-18,22.043,22.3399
2013-06-19,22.3585,22.3414
2013-06-20,22.1755,21.946
2013-06-21,22.0353,21.8515
2013-06-24,21.627,21.5752
2013-06-25,21.7605,21.4862
2013-06-26,21.6734,21.671
2013-06-27,21.7987,21.7558
2013-06-28,21.702,21.8376
2013-07-01,21.9885,22.0239
2013-07-02,22.0815,21.8858
2013-07-03,21.826,21.988
2013-07-05,22.0768,22.1631
2013-07-08,22.305,22.4508
2013-07-09,22.5974,22.4545
2013-07-10,22.4101,22.4731
2013-07-11,22.647,22.8266
2013-07-12,22.8207,22.8951
2013-07-15,22.9273,22.937
2013-07-16,22.9975,22.811
2013-07-17,22.8455,22.7847
2013-07-18,22.7956,22.5895
2013-07-19,21.9924,22.2402
2013-07-22,22.3742,22.59
2013-07-23,22.59,22.4188
2013-07-24,22.5047,22.3965
2013-07-25,22.1725,22.0195
2013-07-26,22.0018,21.9612
2013-07-29,21.95,21.8848
2013-07-30,21.9639,22.0993
2013-07-31,22.1507,22.0207
2013-08-01,22.2005,22.4292
2013-08-02,22.4099,22.4875
2013-08-05,22.4583,22.4486
2013-08-06,22.4409,22.2395
2013-08-07,22.2015,22.0926
2013-08-08,22.2127,22.1425
2013-08-09,22.0904,22.0867
2013-08-12,21.9996,21.9651
2013-08-13,21.9979,21.8595
2013-08-14,21.788,21.5757
2013-08-15,21.4425,21.3239
2013-08-16,21.3641,21.2557
2013-08-19,21.2756,21.4725
2013-08-20,21.5395,21.4668
2013-08-21,21.5965,21.5638
2013-08-22,21.6474,21.6724
2013-08-23,21.7746,21.5856
2013-08-26,21.5804,21.4909
2013-08-27,21.3229,21.088
2013-08-28,21.0905,21.0483
2013-08-29,21.0612,21.219
2013-08-30,21.2272,21.0074
2013-09-03,21.1925,21.3418
2013-09-04,21.341,21.6208
2013-09-05,21.6672,21.8175
2013-09-06,21.889,21.818
2013-09-09,21.921,22.0281
2013-09-10,22.077,22.0435
2013-09-11,22.0403,22.2301
2013-09-12,22.2601,22.1524
2013-09-13,22.1881,22.0534
2013-09-16,22.2303,22.021
2013-09-17,22.0123,21.98
2013-09-18,21.986,22.4069
2013-09-19,22.4731,22.2846
2013-09-20,22.2846,22.4017
2013-09-23,22.2291,21.9897
2013-09-24,21.9897,21.9981
2013-09-25,21.9909,21.7598
2013-09-26,21.7863,21.7831
2013-09-27,21.7,21.7389
2013-09-30,21.5576,21.727
2013-10-01,21.8347,22.0021
2013-10-02,21.8962,22.0267
2013-10-03,22.0269,21.7315
2013-10-04,21.7044,21.6387
2013-10-07,21.5172,21.4747
2013-10-08,21.4643,21.1753
2013-10-09,21.2401,21.2297
2013-10-10,21.4276,21.5368
2013-10-11,21.4819,21.6298
2013-10-14,21.4976,21.732
2013-10-15,21.7233,21.8783
2013-10-16,21.9741,22.2757
2013-10-17,22.1507,22.0465
2013-10-18,24.2241,25.0881
2013-10-21,25.0893,24.8869
2013-10-22,24.9291,24.9787
2013-10-23,24.8299,25.5842
2013-10-24,25.5956,25.4388
2013-10-25,25.52,25.1821
2013-10-28,25.1821,25.1771
2013-10-29,25.2788,25.704
2013-10-30,25.7335,25.5596
2013-10-31,25.5227,25.5636
2013-11-01,25.5936,25.4758
2013-11-04,25.5864,25.4527
2013-11-05,25.3099,25.3389
2013-11-06,25.4401,25.3694
2013-11-07,25.3659,25.0023
2013-11-08,25.0221,25.2027
2013-11-11,25.041,25.0678
2013-11-12,24.9961,25.0973
2013-11-13,24.9725,25.6105
2013-11-14,25.6465,25.679
2013-11-15,25.67,25.6375
2013-11-18,25.6919,25.5877
2013-11-19,25.5919,25.4302
2013-11-20,25.548,25.3585
2013-11-21,25.4748,25.6502
2013-11-22,25.6341,25.5961
2013-11-25,25.7268,25.9444
2013-11-26,26.0106,26.2539
2013-11-27,26.3437,26.3705
2013-11-29,26.347,26.2832
2013-12-02,26.3804,26.1565
2013-12-03,26.0689,26.1262
2013-12-04,26.0793,26.2482
2013-12-05,26.2239,26.2274
2013-12-06,26.5362,26.5382
2013-12-09,26.566,26.7433
2013-12-10,26.694,26.9051
2013-12-11,26.973,26.7223
2013-12-12,26.7788,26.5404
2013-12-13,26.6754,26.313
2013-12-16,26.3926,26.6153
2013-12-17,26.6114,26.538
2013-12-18,26.5873,26.9073
2013-12-19,26.8086,26.9438
2013-12-20,26.9954,27.301
2013-12-23,27.4801,27.6601
2013-12-24,27.6569,27.5793
2013-12-26,27.6331,27.7187
2013-12-27,27.7817,27.742
2013-12-30,27.7901,27.5202
2013-12-31,27.5892,27.7993
2014-01-02,27.6691,27.611
2014-01-03,27.6577,27.4096
2014-01-06,27.6083,27.7152
2014-01-07,27.9057,28.2495
2014-01-08,28.4266,28.3083
2014-01-09,28.3631,28.0357
2014-01-10,28.255,28.0342
2014-01-13,27.9422,27.8556
2014-01-14,28.2269,28.511
2014-01-15,28.6,28.4916
2014-01-16,28.5035,28.6801
2014-01-17,28.6957,28.539
2014-01-21,28.797,28.8657
2014-01-22,28.9378,28.8984
2014-01-23,28.7739,28.7764
2014-01-24,28.5509,27.8767
2014-01-27,27.933,27.3161
2014-01-28,27.5416,27.8563
2014-01-29,27.7599,27.4572
2014-01-30,28.4018,28.1634
2014-01-31,29.0554,29.294
2014-02-03,29.2501,28.1148
2014-02-04,28.2279,28.2321
2014-02-05,28.3616,28.3572
2014-02-06,28.5539,28.7729
2014-02-07,28.9631,29.2065
2014-02-10,29.0666,29.0946
2014-02-11,29.2742,29.5225
2014-02-12,29.4932,29.4359
2014-02-13,29.2886,29.7636
2014-02-14,29.6572,29.8355
2014-02-18,29.8011,30.036
2014-02-19,29.8976,29.8241
2014-02-20,29.844,29.868
2014-02-21,29.9598,29.8601
2014-02-24,29.899,30.0764
2014-02-25,30.1615,30.2622
2014-02-26,30.3614,30.2664
2014-02-27,30.2223,30.2426
2014-02-28,30.2706,30.1543
2014-03-03,29.9335,29.8328
2014-03-04,30.1382,30.1359
2014-03-05,30.1394,30.219
2014-03-06,30.3187,30.2525
2014-03-07,30.4309,30.133
2014-03-10,30.1553,30.0531
2014-03-11,30.1077,29.7658
2014-03-12,29.6768,29.9472
2014-03-13,29.9633,29.4947
2014-03-14,29.3193,29.0914
2014-03-17,29.2514,29.5701
2014-03-18,29.6339,30.0454
2014-03-19,30.0588,29.7475
2014-03-20,29.7648,29.6956
2014-03-21,29.9226,29.3454
2014-03-24,29.3739,28.7225
2014-03-25,28.9227,28.7421
2014-03-26,28.8237,28.0786
2014-03-27,28.0508,27.6398
2014-03-28,27.7569,27.7854
2014-03-31,28.0397,27.6455
2014-04-01,27.7884,28.151
2014-04-02,28.3249,28.1562
2014-04-03,28.4175,28.3238
2014-04-04,28.6732,27.0229
2014-04-07,27.0001,26.7939
2014-04-08,27.013,27.6305
2014-04-09,28.0433,28.1028
2014-04-10,28.1504,27.0942
2014-04-11,26.6606,26.6517
2014-04-14,26.9441,27.0204
2014-04-15,27.3079,27.1939
2014-04-16,27.6399,27.9472
2014-04-17,27.5715,26.9282
2014-04-21,26.9609,26.7315
2014-04-22,26.5644,27.0353
2014-04-23,26.9446,26.6393
2014-04-24,26.8464,26.4871
2014-04-25,26.3791,25.9251
2014-04-28,26.0589,25.9192
2014-04-29,25.9643,26.5808
2014-04-30,26.5208,26.5089
2014-05-01,26.4777,26.6898
2014-05-02,26.8341,26.4589
2014-05-05,26.279,26.5312
2014-05-06,26.4361,25.8988
2014-05-07,25.9325,25.6724
2014-05-08,25.5594,25.7799
2014-05-09,25.7046,26.0996
2014-05-12,26.3583,26.6849
2014-05-13,26.7419,26.839
2014-05-14,26.8529,26.4856
2014-05-15,26.4227,26.2235
2014-05-16,26.2473,26.1828
2014-05-19,26.2116,26.7047
2014-05-20,26.7627,26.782
2014-05-21,26.9064,27.2434
2014-05-22,27.3673,27.5284
2014-05-23,27.6612,27.9422
2014-05-27,28.1395,28.4909
2014-05-28,28.476,28.2718
2014-05-29,28.4175,28.2773
2014-05-30,28.3308,28.3313
2014-06-02,28.2371,27.969
2014-06-03,27.7985,27.4818
2014-06-04,27.3336,27.4446
2014-06-05,27.6107,27.9982
2014-06-06,28.1583,28.0528
2014-06-09,28.0884,28.2857
2014-06-10,28.189,28.1653
2014-06-11,28.0473,28.1256
2014-06-12,28.1008,27.7291
2014-06-13,27.7579,27.7712
2014-06-16,27.6176,27.3723
2014-06-17,27.3753,27.289
2014-06-18,27.3971,27.7866
2014-06-19,27.8109,28.0012
2014-06-20,28.0736,28.077
2014-06-23,27.9695,28.4621
2014-06-24,28.4587,28.3754
2014-06-25,28.4254,29.039
2014-06-26,29.206,28.9815
2014-06-27,29.0152,29.0271
2014-06-30,29.0801,28.9766
2014-07-01,29.1242,29.3146
2014-07-02,29.3527,29.2794
2014-07-03,29.325,29.3934
2014-07-07,29.4147,29.2784
2014-07-08,29.0608,28.6658
2014-07-09,28.6931,28.9116
2014-07-10,28.3982,28.7471
2014-07-11,28.7947,29.0747
2014-07-14,29.2705,29.4518
2014-07-15,29.496,29.3924
2014-07-16,29.5822,29.2714
2014-07-17,29.1897,28.7857
2014-07-18,29.8855,29.9896
2014-07-21,29.8032,29.659
2014-07-22,29.7215,29.9133
2014-07-23,29.8379,29.9935
2014-07-24,30.0104,29.8855
2014-07-25,29.6991,29.6412
2014-07-28,29.6248,29.6878
2014-07-29,29.6223,29.4365
2014-07-30,29.5287,29.5103
2014-07-31,29.1892,28.7228
2014-08-01,28.6732,28.4279
2014-08-04,28.5721,28.8576
2014-08-05,28.7144,28.4051
2014-08-06,28.2247,28.472
2014-08-07,28.5493,28.3392
2014-08-08,28.3496,28.643
2014-08-11,28.6956,28.6088
2014-08-12,28.4973,28.3546
2014-08-13,28.5692,28.9711
2014-08-14,29.0767,28.9756
2014-08-15,29.1168,28.929
2014-08-18,29.097,29.3745
2014-08-19,29.5178,29.5931
2014-08-20,29.5852,29.5088
2014-08-21,29.4836,29.3607
2014-08-22,29.4028,29.3666
2014-08-25,29.4771,29.269
2014-08-26,29.3398,29.1475
2014-08-27,29.1322,28.8938
2014-08-28,28.7461,28.761
2014-08-29,28.8616,28.8621
2014-09-02,28.8913,29.1728
2014-09-03,29.3265,29.2169
2014-09-04,29.3463,29.3963
2014-09-05,29.495,29.6263
2014-09-08,29.6937,29.8171
2014-09-09,29.7497,29.3384
2014-09-10,29.327,29.4102
2014-09-11,29.2407,29.2957
2014-09-12,29.26,28.988
2014-09-15,28.8561,28.8264
2014-09-16,28.7922,29.1803
2014-09-17,29.2164,29.4038
2014-09-18,29.491,29.601
2014-09-19,29.711,30.004
2014-09-22,29.8602,29.601
2014-09-23,29.4885,29.2992
2014-09-24,29.3185,29.658
2014-09-25,29.5871,29.0053
2014-09-26,29.039,29.1366
2014-09-29,28.8358,29.1322
2014-09-30,29.1163,29.1619
2014-10-01,29.0821,28.7268
2014-10-02,28.646,28.7887
2014-10-03,28.9483,29.0549
2014-10-06,29.2382,29.1307
2014-10-07,28.988,28.4527
2014-10-08,28.4869,28.9305
2014-10-09,28.8249,28.2897
2014-10-10,28.1241,27.5155
2014-10-13,27.5125,26.9981
2014-10-14,27.2652,27.1934
2014-10-15,26.8658,26.7989
2014-10-16,26.1184,26.61
2014-10-17,26.785,25.9187
2014-10-20,25.7938,26.385
2014-10-21,26.6274,26.6651
2014-10-22,26.8147,26.896
2014-10-23,27.1731,27.4392
2014-10-24,27.5051,27.2038
2014-10-27,27.1473,27.2523
2014-10-28,27.343,27.7014
2014-10-29,27.796,27.6771
2014-10-30,27.6672,27.7673
2014-10-31,28.1653,28.1439
2014-11-03,27.9288,27.9407
2014-11-04,27.8114,27.9616
2014-11-05,28.0904,27.5532
2014-11-06,27.5309,27.3421
2014-11-07,27.5358,27.3485
2014-11-10,27.3772,27.6662
2014-11-11,27.6806,27.8178
2014-11-12,27.8109,27.6672
2014-11-13,27.794,27.5775
2014-11-14,27.6548,27.5155
2014-11-17,27.5155,27.0918
2014-11-18,27.1557,26.9862
2014-11-19,26.9981,27.1195
2014-11-20,26.8663,26.949
2014-11-21,27.3098,27.0546
2014-11-24,27.0883,27.1334
2014-11-25,27.12,27.2201
2014-11-26,27.2201,27.1458
2014-11-28,27.1096,27.2127
2014-12-01,27.015,26.7453
2014-12-02,26.7354,26.6928
2014-12-03,26.6388,26.6125
2014-12-04,26.6457,26.8906
2014-12-05,26.5991,26.1719
2014-12-08,26.2284,26.3033
2014-12-09,26.0629,26.5699
2014-12-10,26.5595,26.1699
2014-12-11,26.2676,26.3717
2014-12-12,26.1402,25.8463
2014-12-15,25.9578,25.5653
2014-12-16,25.4543,24.6891
2014-12-17,24.7733,25.0999
2014-12-18,25.5727,25.5048
2014-12-19,25.6223,25.7735
2014-12-22,25.8017,26.3811
2014-12-23,26.4906,26.7017
2014-12-24,26.7042,26.6105
2014-12-26,26.6105,26.838
2014-12-29,26.7875,26.6294
2014-12-30,26.5129,26.5288
2014-12-31,26.6507,26.2998
2015-01-02,26.3959,26.2448
2015-01-05,26.1258,25.7447
2015-01-06,25.7963,25.1094
2015-01-07,25.323,25.0355
2015-01-08,24.8551,25.1227
2015-01-09,25.1857,24.8159
2015-01-12,24.7426,24.6346
2015-01-13,24.9076,24.8695
2015-01-14,24.8011,25.0742
2015-01-15,25.2209,24.979
2015-01-16,24.9364,25.2987
2015-01-20,25.4132,25.2729
2015-01-21,25.3175,25.7908
2015-01-22,25.9202,26.6289
2015-01-23,26.6651,26.8593
2015-01-26,26.837,26.6001
2015-01-27,26.3365,25.8305
2015-01-28,26.0193,25.3963
2015-01-29,25.4196,25.436
2015-01-30,25.7219,26.6413
2015-02-02,26.4812,26.3761
2015-02-03,26.2641,26.4306
2015-02-04,26.4227,26.0738
2015-02-05,26.1645,26.2587
2015-02-06,26.3171,26.4594
2015-02-09,26.3196,26.2314
2015-02-10,26.3736,26.7706
2015-02-11,26.7493,26.6636
2015-02-12,26.7458,27.0606
2015-02-13,27.1349,27.3158
2015-02-17,27.3158,27.011
2015-02-18,26.952,26.894
2015-02-19,26.8851,27.0824
2015-02-20,27.1384,26.8519
2015-02-23,26.7131,26.5149
2015-02-24,26.3439,26.6958
2015-02-25,26.6854,27.126
2015-02-26,27.0472,27.7187
2015-02-27,27.6622,27.8842
2015-03-02,28.1008,28.4983
2015-03-03,28.5642,28.6851
2015-03-04,28.5949,28.6623
2015-03-05,28.7263,28.816
2015-03-06,28.8442,28.3932
2015-03-09,28.2951,28.4527
2015-03-10,28.1742,27.7465
2015-03-11,27.744,27.5403
2015-03-12,27.6786,27.8119
2015-03-13,27.7157,27.407
2015-03-16,27.6017,27.8352
2015-03-17,27.6691,27.6354
2015-03-18,27.6414,28.0592
2015-03-19,27.9779,27.9358
2015-03-20,28.0865,27.9992
2015-03-23,28.0513,28.02
2015-03-24,28.1771,28.6232
2015-03-25,28.6247,28.1008
2015-03-26,27.9844,27.9343
2015-03-27,27.8446,27.6325
2015-03-30,27.7663,27.8104
2015-03-31,27.6518,27.4912
2015-04-01,27.4977,27.233
2015-04-02,27.1299,26.8276
2015-04-06,26.7052,26.9585
2015-04-07,27.01,27.0036
2015-04-08,27.0601,27.2008
2015-04-09,27.2191,27.1602
2015-04-10,27.237,27.1859
2015-04-13,27.1121,27.1909
2015-04-14,27.0883,26.7518
2015-04-15,26.6616,26.8142
2015-04-16,26.6809,26.9371
2015-04-17,26.6294,26.4029
2015-04-20,26.4529,26.9872
2015-04-21,27.0754,26.9074
2015-04-22,26.9143,27.2177
2015-04-23,27.2786,27.628
2015-04-24,28.7476,28.4309
2015-04-27,28.3868,28.0572
2015-04-28,27.968,27.9705
2015-04-29,27.7792,27.8228
2015-04-30,27.6825,27.1973
2015-05-01,27.2836,27.3158
2015-05-04,27.3074,27.399
2015-05-05,27.2662,26.9134
2015-05-06,26.8935,26.5189
2015-05-07,26.5595,26.8638
2015-05-08,27.2023,27.2063
2015-05-11,27.1835,27.0491
2015-05-12,26.902,26.6997
2015-05-13,26.786,26.7374
2015-05-14,26.9594,27.2186
2015-05-15,27.2776,27.0843
2015-05-18,26.952,27.0933
2015-05-19,27.1592,27.2226
2015-05-20,27.3039,27.3827
2015-05-21,27.2682,27.5958
2015-05-22,27.4793,27.4823
2015-05-26,27.3862,27.119
2015-05-27,27.1929,27.4689
2015-05-28,27.4461,27.4655
2015-05-29,27.4169,27.0264
2015-06-01,27.1954,27.2191
2015-06-02,27.1309,27.4541
2015-06-03,27.5111,27.5205
2015-06-04,27.3663,27.3421
2015-06-05,27.3574,27.235
2015-06-08,27.239,26.9352
2015-06-09,26.9322,26.8697
2015-06-10,27.0452,27.3871
2015-06-11,27.4808,27.2603
2015-06-12,27.117,27.1329
2015-06-15,26.898,26.9114
2015-06-16,26.9847,27.004
2015-06-17,27.0313,27.0898
2015-06-18,27.1592,27.5646
2015-06-19,27.5814,27.631
2015-06-22,27.7247,27.738
2015-06-23,27.7435,27.9219
2015-06-24,27.8768,27.683
2015-06-25,27.7688,27.6523
2015-06-26,27.7395,27.41
2015-06-29,27.0972,26.8246
2015-06-30,27.015,26.7647
2015-07-01,26.9441,26.9262
2015-07-02,26.9976,27.1265
2015-07-06,26.8742,27.0412
2015-07-07,27.1309,27.2598
2015-07-08,27.0402,26.8469
2015-07-09,27.1914,26.9931
2015-07-10,27.4422,27.5611
2015-07-13,27.7296,28.3352
2015-07-14,28.4725,28.9523
2015-07-15,28.9305,28.9414
2015-07-16,29.2159,29.8245
2015-07-17,33.7012,34.6735
2015-07-20,34.1462,34.3375
2015-07-21,33.943,34.4619
2015-07-22,34.396,34.4495
2015-07-23,34.2885,33.44
2015-07-24,33.5411,32.4507
2015-07-27,32.2922,32.6242
2015-07-28,32.7972,32.6931
2015-07-29,32.822,32.7808
2015-07-30,32.5831,32.936
2015-07-31,32.9429,32.5861
2015-08-03,32.594,32.9439
2015-08-04,32.925,32.7734
2015-08-05,32.9949,33.3686
2015-08-06,33.4033,33.213
2015-08-07,33.0955,32.9275
2015-08-10,33.0613,32.8656
2015-08-11,34.6716,34.2116
2015-08-12,34.4193,34.2696
2015-08-13,34.1571,34.0238
2015-08-14,33.9014,34.1656
2015-08-17,34.0996,34.4005
2015-08-18,34.2498,34.1338
2015-08-19,34.2022,34.397
2015-08-20,34.1522,33.6754
2015-08-21,33.2571,31.9185
2015-08-24,29.7661,30.6339
2015-08-25,32.0394,30.3543
2015-08-26,31.8724,32.6971
2015-08-27,33.3042,33.1045
2015-08-28,32.9954,32.6946
2015-08-31,32.4294,32.1063
2015-09-01,31.412,31.2013
2015-09-02,31.6196,31.9621
2015-09-03,32.1118,31.5725
2015-09-04,31.2083,31.1716
2015-09-08,31.7683,31.911
2015-09-09,32.3075,31.8877
2015-09-10,31.912,32.2679
2015-09-11,32.2248,32.477
2015-09-14,32.4934,32.3368
2015-09-15,32.5469,32.9612
2015-09-16,32.985,32.9835
2015-09-17,33.0812,33.2883
2015-09-18,32.9607,32.7556
2015-09-21,32.983,33.0559
2015-09-22,32.5846,32.3729
2015-09-23,32.3581,32.3774
2015-09-24,32.1633,32.4577
2015-09-25,32.6396,31.7262
2015-09-28,31.6717,30.9382
2015-09-29,31.0001,30.8569
2015-09-30,31.3138,31.638
2015-10-01,31.6166,31.8179
2015-10-02,31.6201,32.5608
2015-10-05,32.7893,33.2888
2015-10-06,33.1733,33.2868
2015-10-07,33.5723,33.2056
2015-10-08,33.1783,33.0569
2015-10-09,33.0812,33.267
2015-10-12,33.1654,33.5242
2015-10-13,33.4167,33.8583
2015-10-14,33.886,33.7215
2015-10-15,33.9614,34.3464
2015-10-16,34.4644,34.4604
2015-10-19,34.395,34.6899
2015-10-20,34.5878,33.7012
2015-10-21,33.8603,33.2948
2015-10-22,33.4752,33.7577
2015-10-23,37.1734,35.6504
2015-10-26,35.6846,36.2347
2015-10-27,36.0092,36.319
2015-10-28,36.3279,36.5221
2015-10-29,36.5078,36.9152
2015-10-30,36.9504,36.5454
2015-11-02,36.4037,37.0584
2015-11-03,36.9439,37.1119
2015-11-04,37.1654,37.4336
2015-11-05,37.607,37.6992
2015-11-06,37.6358,37.7453
2015-11-09,37.5927,37.4068
2015-11-10,37.3429,37.5798
2015-11-11,37.784,37.9262
2015-11-12,37.6749,37.494
2015-11-13,37.3706,36.6783
2015-11-16,36.6852,37.1912
2015-11-17,37.2928,36.9712
2015-11-18,37.1491,37.6665
2015-11-19,37.6551,37.663
2015-11-20,38.1269,38.5085
2015-11-23,38.5318,38.4937
2015-11-24,38.3083,38.1433
2015-11-25,38.2454,38.1249
2015-11-27,38.12,38.2592
2015-11-30,38.2543,37.8073
2015-12-01,38.01,38.845
2015-12-02,38.9174,38.5507
2015-12-03,38.685,38.0724
2015-12-04,38.1472,38.6181
2015-12-07,38.6602,38.3098
2015-12-08,37.889,38.4164
2015-12-09,38.2161,37.7924
2015-12-10,37.8439,37.668
2015-12-11,37.1208,37.1912
2015-12-14,37.2328,37.7919
2015-12-15,38.0521,37.6705
2015-12-16,37.9916,38.4882
2015-12-17,38.7147,38.1532
2015-12-18,38.0243,37.5099
2015-12-21,37.8172,37.7057
2015-12-22,37.8776,38.0194
2015-12-23,38.1958,38.0878
2015-12-24,38.0883,37.9554
2015-12-28,38.1616,38.7682
2015-12-29,39.0036,39.3491
2015-12-30,39.3491,39.1677
2015-12-31,39.0448,38.5586
2016-01-04,37.775,37.6383
2016-01-05,37.8692,37.7418
2016-01-06,37.1887,37.6328
2016-01-07,36.9964,36.7244
2016-01-08,37.0614,36.2243
2016-01-11,36.2758,36.3313
2016-01-12,36.712,36.9394
2016-01-13,37.1377,35.6623
2016-01-14,35.9036,36.2481
2016-01-15,35.1875,35.2123
2016-01-19,35.691,35.638
2016-01-20,34.9848,35.6122
2016-01-21,35.692,36.0142
2016-01-22,36.7739,36.9454
2016-01-25,36.8651,36.3586
2016-01-26,36.4374,36.367
2016-01-27,36.4711,35.5636
2016-01-28,36.5851,37.0861
2016-01-29,37.1189,37.7329
2016-02-01,38.2241,38.1998
2016-02-02,39.6732,38.7023
2016-02-03,38.9685,37.1397
2016-02-04,36.9023,36.1807
2016-02-05,35.9562,34.8787
2016-02-08,34.0818,34.8985
2016-02-09,34.343,34.7429
2016-02-10,35.2767,35.0319
2016-02-11,34.511,35.0076
2016-02-12,35.2975,35.0338
2016-02-16,35.6167,35.5666
2016-02-17,36.0305,36.2768
2016-02-18,36.3755,35.5602
2016-02-19,35.4804,35.7882
2016-02-22,36.1549,36.1321
2016-02-23,35.9859,35.5493
2016-02-24,35.2182,35.7282
2016-02-25,35.8288,36.1356
2016-02-26,36.3576,35.9245
2016-02-29,35.7331,35.5458
2016-03-01,35.748,36.7823
2016-03-02,36.817,36.649
2016-03-03,36.649,36.258
2016-03-04,36.4171,36.1901
2016-03-07,35.9388,35.3268
2016-03-08,35.1082,35.3629
2016-03-09,35.4442,35.9517
2016-03-10,36.0697,36.2867
2016-03-11,36.6723,36.9162
2016-03-14,36.9211,37.1823
2016-03-15,36.9731,37.1987
2016-03-16,37.1233,37.5352
2016-03-17,37.5495,37.5907
2016-03-18,37.7468,37.4385
2016-03-21,37.3642,37.7731
2016-03-22,37.5887,37.6685
2016-03-23,37.832,37.5451
2016-03-24,37.2299,37.4103
2016-03-28,37.4762,37.333
2016-03-29,37.3528,37.9579
2016-03-30,38.0729,38.0793
2016-03-31,38.0793,37.8097
2016-04-01,37.5253,38.1453
2016-04-04,38.1373,37.9198
2016-04-05,37.5733,37.5951
2016-04-06,37.559,38.066
2016-04-07,37.9297,37.672
2016-04-08,37.9569,37.6397
2016-04-11,37.9361,37.5441
2016-04-12,37.5882,37.8801
2016-04-13,38.177,38.2563
2016-04-14,38.4273,38.4287
2016-04-15,38.4342,38.6572
2016-04-18,38.6666,39.0378
2016-04-19,39.1776,38.4714
2016-04-20,38.6156,38.4054
2016-04-21,38.5239,38.6572
2016-04-22,36.8686,36.5643
2016-04-25,36.4443,36.7843
2016-04-26,36.8939,35.9497
2016-04-27,35.9473,35.756
2016-04-28,35.8466,34.9431
2016-04-29,34.8966,35.0829
2016-05-02,35.2831,35.4065
2016-05-03,35.3119,35.1107
2016-05-04,35.0279,35.2559
2016-05-05,35.4358,35.4214
2016-05-06,35.297,35.9403
2016-05-09,36.0156,36.1361
2016-05-10,36.425,36.6441
2016-05-11,36.7006,36.2065
2016-05-12,36.2783,36.0835
2016-05-13,36.0117,35.923
2016-05-16,35.8977,36.1941
2016-05-17,36.2317,35.693
2016-05-18,35.6092,35.7718
2016-05-19,35.5993,35.4511
2016-05-20,35.5081,35.7683
2016-05-23,35.6826,35.5473
2016-05-24,35.6762,36.3294
2016-05-25,36.427,36.5806
2016-05-26,36.4766,36.5226
2016-05-27,36.5514,37.0515
2016-05-31,37.1089,37.1134
2016-06-01,37.0946,37.0941
2016-06-02,36.9771,36.8864
2016-06-03,36.7486,36.4696
2016-06-06,36.6005,36.1822
2016-06-07,36.3413,36.2332
2016-06-08,36.65,36.82
2016-06-09,36.5296,36.7997
2016-06-10,36.4741,36.3373
2016-06-13,36.1703,36.2724
2016-06-14,36.145,36.3403
2016-06-15,36.423,36.2877
2016-06-16,36.0781,35.8942
2016-06-17,35.7525,34.903
2016-06-20,35.2033,34.9962
2016-06-21,35.1905,35.1325
2016-06-22,35.3887,35.2113
2016-06-23,35.2152,35.4293
2016-06-24,34.2052,33.9589
2016-06-27,33.8246,33.7577
2016-06-28,34.2647,34.2592
2016-06-29,34.4079,34.454
2016-06-30,34.5759,34.8673
2016-07-01,34.9451,35.2004
2016-07-05,34.9407,34.9347
2016-07-06,34.6844,35.1369
2016-07-07,35.1934,35.0522
2016-07-08,35.2157,35.5736
2016-07-11,35.6548,36.0404
2016-07-12,36.2743,36.3036
2016-07-13,36.4528,36.1534
2016-07-14,36.3745,36.4666
2016-07-15,36.7244,36.4582
2016-07-18,36.5712,37.329
2016-07-19,37.164,37.3394
2016-07-20,37.3711,37.5213
2016-07-21,37.5173,37.389
2016-07-22,37.5332,37.6303
2016-07-25,37.551,37.5431
2016-07-26,37.5431,37.5495
2016-07-27,37.615,37.7636
2016-07-28,38.1041,37.9554
2016-07-29,39.5349,39.2192
2016-08-01,38.9878,39.695
2016-08-02,39.5161,39.6544
2016-08-03,39.4735,39.5949
2016-08-04,39.5612,39.5121
2016-08-05,39.6539,39.9919
2016-08-08,39.9458,39.9076
2016-08-09,39.871,40.0191
2016-08-10,39.9978,40.0692
2016-08-11,40.1673,40.0548
2016-08-12,39.9007,39.9978
2016-08-15,40.0058,39.9438
2016-08-16,39.8219,39.7074
2016-08-17,39.6484,39.917
2016-08-18,39.9141,39.7847
2016-08-19,39.638,39.6311
2016-08-22,39.5746,39.4973
2016-08-23,39.6722,39.4794
2016-08-24,39.4928,39.3312
2016-08-25,39.2519,39.2173
2016-08-26,39.2762,39.3124
2016-08-29,39.304,39.4413
2016-08-30,39.2956,39.248
2016-08-31,39.133,39.1454
2016-09-01,39.251,39.2222
2016-09-02,39.414,39.4933
2016-09-06,39.5686,40.0459
2016-09-07,40.0414,40.0444
2016-09-08,39.9071,39.7892
2016-09-09,39.5875,39.0775
2016-09-12,38.8812,39.59
2016-09-13,39.3516,39.0894
2016-09-14,39.0304,39.1756
2016-09-15,39.1533,39.7094
2016-09-16,39.5999,39.5478
2016-09-19,39.7034,39.42
2016-09-20,39.6484,39.6375
2016-09-21,39.7109,39.8977
2016-09-22,40.144,40.4389
2016-09-23,40.3988,40.3899
2016-09-26,40.1351,39.7798
2016-09-27,39.7391,40.1802
2016-09-28,39.8506,40.147
2016-09-29,40.0068,39.7793
2016-09-30,39.8269,39.8496
2016-10-03,39.7748,39.6673
2016-10-04,39.8962,39.7867
2016-10-05,39.9458,39.7094
2016-10-06,39.8506,39.8011
2016-10-07,39.9423,39.6836
2016-10-10,39.8432,40.3507
2016-10-11,40.3507,40.1227
2016-10-12,40.2412,40.2318
2016-10-13,39.9493,39.8506
2016-10-14,40.0177,39.8764
2016-10-17,39.9453,39.9874
2016-10-18,40.3527,40.7135
2016-10-19,40.7824,40.9786
2016-10-20,41.0143,40.7204
2016-10-21,40.6396,40.8409
2016-10-24,41.1397,41.4197
2016-10-25,41.5565,41.0634
2016-10-26,40.9925,40.7437
2016-10-27,40.7888,40.5083
2016-10-28,41.1323,40.6178
2016-10-31,40.7601,40.1391
2016-11-01,40.1871,39.92
2016-11-02,39.9835,39.0745
2016-11-03,38.8802,38.7658
2016-11-04,38.226,38.7117
2016-11-07,39.3981,39.749
2016-11-08,39.749,40.2422
2016-11-09,39.7391,39.9255
2016-11-10,40.144,38.6716
2016-11-11,38.4991,38.2483
2016-11-14,38.2488,37.33
2016-11-15,37.9371,38.4173
2016-11-16,38.1824,38.6562
2016-11-17,38.7811,38.9625
2016-11-18,39.0126,38.4575
2016-11-21,38.5631,38.8951
2016-11-22,39.1028,38.905
2016-11-23,39.129,38.6077
2016-11-25,38.7866,38.6686
2016-11-28,38.5754,38.9442
2016-11-29,39.0725,39.1251
2016-11-30,39.1082,38.453
2016-12-01,38.5854,37.8806
2016-12-02,37.7602,37.887
2016-12-05,38.1616,38.569
2016-12-06,38.6666,38.4679
2016-12-07,38.6547,39.2257
2016-12-08,39.299,39.409
2016-12-09,39.6137,40.1168
2016-12-12,39.8873,40.04
2016-12-13,40.2625,40.4087
2016-12-14,40.4374,40.5351
2016-12-15,40.5088,40.4241
2016-12-16,40.5559,40.1361
2016-12-19,40.1084,40.2679
2016-12-20,40.3111,40.4017
2016-12-21,40.4275,40.2531
2016-12-22,40.0994,40.1282
2016-12-23,40.0454,40.035
2016-12-27,40.0786,40.1406
2016-12-28,40.3091,39.8749
2016-12-29,39.7639,39.7912
2016-12-30,39.8075,39.2743
2017-01-03,39.6792,40.0454
2017-01-04,40.1386,40.0335
2017-01-05,40.0201,40.2937
2017-01-06,40.3913,40.8979
2017-01-09,40.9553,40.9955
2017-01-10,40.99,40.9375
2017-01-11,40.9677,41.1283
2017-01-12,41.055,41.1119
2017-01-13,41.1848,41.1818
2017-01-17,41.1352,41.0094
2017-01-18,41.1253,41.0867
2017-01-19,41.0857,40.8562
2017-01-20,41.0901,41.0446
2017-01-23,41.215,41.8504
2017-01-24,41.9768,42.1032
2017-01-25,42.3024,42.5452
2017-01-26,42.575,42.4724
2017-01-27,42.5725,41.8801
2017-01-30,41.4851,40.8295
2017-01-31,40.6149,40.6491
2017-02-01,40.8379,40.4037
2017-02-02,40.3918,40.5534
2017-02-03,40.7948,40.6461
2017-02-06,40.6852,40.7199
2017-02-07,40.9122,41.0971
2017-02-08,41.1615,41.1293
2017-02-09,41.221,41.1382
2017-02-10,41.2815,41.3756
2017-02-13,41.5169,41.5793
2017-02-14,41.6194,41.6323
2017-02-15,41.5719,41.498
2017-02-16,41.5565,41.7384
2017-02-17,41.6958,41.9555
2017-02-21,42.0268,42.0903
2017-02-22,42.0273,42.1939
2017-02-23,42.18,42.176
2017-02-24,42.01,42.0179
2017-02-27,41.8762,42.1101
2017-02-28,41.9951,41.8752
2017-03-01,42.1948,42.461
2017-03-02,42.4392,42.119
2017-03-03,42.0739,42.0809
2017-03-06,41.9708,41.9911
2017-03-07,41.9907,42.1835
2017-03-08,42.2811,42.3069
2017-03-09,42.3093,42.515
2017-03-10,42.7559,42.6919
2017-03-13,42.6632,42.8491
2017-03-14,42.8079,42.915
2017-03-15,43.0156,43.0379
2017-03-16,43.1439,43.1177
2017-03-17,43.3,43.2351
2017-03-20,43.0919,43.0141
2017-03-21,43.1206,42.1334
2017-03-22,42.1007,42.1165
2017-03-23,41.6997,41.6135
2017-03-24,41.73,41.39
2017-03-27,41.0406,41.557
2017-03-28,41.6155,41.6621
2017-03-29,41.7671,42.12
2017-03-30,42.2246,42.1007
2017-03-31,41.9693,42.0174
2017-04-03,42.0645,42.461
2017-04-04,42.0273,42.2538
2017-04-05,42.3599,42.0724
2017-04-06,42.1017,41.8836
2017-04-07,41.8787,41.7349
2017-04-10,41.7072,41.7151
2017-04-11,41.7151,41.6249
2017-04-12,41.5545,41.7032
2017-04-13,41.6824,41.6398
2017-04-17,41.6992,42.3807
2017-04-18,42.2523,42.3242
2017-04-19,42.4927,42.4491
2017-04-20,42.6092,42.626
2017-04-21,42.6528,42.57
2017-04-24,43.0404,43.5602
2017-04-25,43.7253,44.0514
2017-04-26,44.1778,44.0663
2017-04-27,44.1089,44.1802
2017-04-28,46.0417,45.8197
2017-05-01,45.8014,46.2311
2017-05-02,46.2534,46.4427
2017-05-03,46.3911,47.0057
2017-05-04,47.0969,47.3164
2017-05-05,47.4156,47.0964
2017-05-08,46.9561,47.5132
2017-05-09,47.644,47.4151
2017-05-10,47.3908,47.3224
2017-05-11,47.1464,47.3744
2017-05-12,47.4716,47.3373
2017-05-15,47.3447,47.5395
2017-05-16,47.7541,47.8066
2017-05-17,47.5632,46.6945
2017-05-18,46.7455,47.1073
2017-05-19,47.2223,47.313
2017-05-22,47.4294,47.7798
2017-05-23,48.0717,48.101
2017-05-24,48.3344,48.4509
2017-05-25,48.5198,49.1571
2017-05-26,49.164,49.227
2017-05-30,49.1888,49.3707
2017-05-31,49.3727,48.9207
2017-06-01,49.1125,48.9802
2017-06-02,48.9951,49.3682
2017-06-05,49.456,49.7528
2017-06-06,49.7246,49.396
2017-06-07,49.5154,49.6349
2017-06-08,49.7702,49.7727
2017-06-09,49.8326,48.0797
2017-06-12,47.5147,47.6678
2017-06-13,48.1748,48.0985
2017-06-14,48.3463,47.9711
2017-06-15,46.9844,47.587
2017-06-16,47.4745,47.5097
2017-06-19,48.0564,48.3324
2017-06-20,48.3369,48.0237
2017-06-21,48.1129,48.4994
2017-06-22,48.4142,48.4018
2017-06-23,48.3463,48.8712
2017-06-26,49.0649,48.1773
2017-06-27,47.6574,46.9878
2017-06-28,47.1152,47.6282
2017-06-29,47.1494,46.4789
2017-06-30,46.7847,46.0754
2017-07-03,46.2509,45.5689
2017-07-05,45.8038,46.2033
2017-07-06,45.8435,45.9768
2017-07-07,46.1404,46.6271
2017-07-10,46.6836,47.1321
2017-07-11,47.1083,47.2575
2017-07-12,47.6207,47.9577
2017-07-13,48.1134,48.0167
2017-07-14,48.272,48.4162
2017-07-17,48.3869,48.3691
2017-07-18,48.2402,48.9138
2017-07-19,49.0654,49.2022
2017-07-20,49.4118,49.1735
2017-07-21,49.0154,49.2552
2017-07-24,49.2681,49.4768
2017-07-25,48.1084,48.0256
2017-07-26,48.2115,47.8413
2017-07-27,48.0331,47.2069
2017-07-28,46.9829,47.4953
2017-07-31,47.5781,46.8595
2017-08-01,46.974,46.912
2017-08-02,47.0017,46.9655
2017-08-03,47.0379,46.6018
2017-08-04,46.7827,46.8739
2017-08-07,46.9596,46.8719
2017-08-08,46.7995,46.7946
2017-08-09,46.5101,46.5909
2017-08-10,46.3391,45.7736
2017-08-11,45.7796,46.0958
2017-08-14,46.5408,46.5339
2017-08-15,46.6379,46.4917
2017-08-16,46.6489,46.7985
2017-08-17,46.7331,45.9753
2017-08-18,45.9416,45.902
2017-08-21,45.8817,45.6388
2017-08-22,45.9406,46.6067
2017-08-23,46.4382,46.7148
2017-08-24,46.7708,46.4328
2017-08-25,46.5478,46.1161
2017-08-28,46.1845,45.9986
2017-08-29,45.5932,46.3763
2017-08-30,46.3723,46.7668
2017-08-31,46.8991,47.3422
2017-09-01,47.4527,47.1811
2017-09-05,46.9269,46.6603
2017-09-06,46.7787,46.687
2017-09-07,46.7975,47.0771
2017-09-08,47.0676,46.6568
2017-09-11,46.9437,46.75
2017-09-12,46.9299,46.9165
2017-09-13,46.8595,47.1043
2017-09-14,46.8843,46.5933
2017-09-15,46.5914,46.3535
2017-09-18,46.3396,46.0789
2017-09-19,46.2603,46.4313
2017-09-20,46.4744,46.9606
2017-09-21,46.9898,46.9611
2017-09-22,46.7242,46.7485
2017-09-25,46.5596,46.3034
2017-09-26,46.4229,46.4595
2017-09-27,46.7227,47.5732
2017-09-28,47.3923,47.8165
2017-09-29,47.8755,48.2581
2017-10-02,48.3537,47.9483
2017-10-03,47.9528,48.1768
2017-10-04,48.1609,47.9141
2017-10-05,48.212,48.8265
2017-10-06,48.5693,49.2453
2017-10-09,49.3127,49.1794
2017-10-10,49.3276,48.9559
2017-10-11,49.0173,49.8405
2017-10-12,49.7508,49.8405
2017-10-13,50.012,49.9506
2017-10-16,50.0378,50.0239
2017-10-17,49.9293,50.1057
2017-10-18,50.1082,50.1919
2017-10-19,49.796,49.6517
2017-10-20,49.9099,49.8118
2017-10-23,49.8173,48.8439
2017-10-24,48.8915,48.9901
2017-10-25,48.8801,49.1373
2017-10-26,49.4847,49.1353
2017-10-27,51.0964,51.2292
2017-10-30,51.0057,51.2025
2017-10-31,51.196,51.198
2017-11-01,51.3606,51.6718
2017-11-02,51.5425,51.6902
2017-11-03,51.6793,52.0381
2017-11-06,51.994,51.6758
2017-11-07,52.0212,52.157
2017-11-08,52.041,52.4494
2017-11-09,51.9394,51.9256
2017-11-10,51.7348,51.7486
2017-11-13,51.5826,51.6024
2017-11-14,51.43,51.6242
2017-11-15,51.2952,51.365
2017-11-16,51.481,51.9627
2017-11-17,52.0287,51.3393
2017-11-20,51.3447,51.2783
2017-11-21,51.5449,52.0534
2017-11-22,52.0961,52.1337
2017-11-24,52.2561,52.3617
2017-11-27,52.4633,53.1294
2017-11-28,53.2275,52.6972
2017-11-29,52.3448,51.4131
2017-11-30,51.54,51.3531
2017-12-01,51.0677,50.803
2017-12-04,50.9383,50.1488
2017-12-05,50.1052,50.5319
2017-12-06,50.3793,51.1822
2017-12-07,51.3482,51.7695
2017-12-08,52.1283,52.0078
2017-12-11,52.0936,52.1362
2017-12-12,52.0386,51.9776
2017-12-13,52.1417,52.1075
2017-12-14,52.3106,52.4088
2017-12-15,52.7215,53.1289
2017-12-18,53.3494,53.7776
2017-12-19,53.6751,53.5145
2017-12-20,53.571,53.2062
2017-12-21,53.2969,53.0719
2017-12-22,53.0298,52.9733
2017-12-26,52.9624,52.8241
2017-12-27,52.8613,52.5441
2017-12-28,52.6457,52.3335
2017-12-29,52.3106,52.2071
2018-01-02,52.1882,53.1889
2018-01-03,53.2245,54.0963
2018-01-04,54.3724,54.3064
2018-01-05,54.6876,55.0266
2018-01-08,55.0618,55.2208
2018-01-09,55.4305,55.1505
2018-01-10,54.8635,55.0191
2018-01-11,55.1267,55.1138
2018-01-12,55.0172,56.0356
2018-01-16,56.5144,56.0381
2018-01-17,56.3186,56.4544
2018-01-18,56.4668,56.2993
2018-01-19,56.4014,56.6725
2018-01-22,56.6883,57.6964
2018-01-23,58.0165,58.2916
2018-01-24,58.7282,58.0498
2018-01-25,58.5166,58.5875
2018-01-26,58.8546,58.8561
2018-01-29,58.8779,58.8026
2018-01-30,58.3684,58.3511
2018-01-31,58.6703,58.5915
2018-02-01,58.2827,58.5602
2018-02-02,55.8755,55.4682
2018-02-05,54.5468,52.6526
2018-02-06,51.2446,53.7449
2018-02-07,53.7717,52.3067
2018-02-08,52.5277,49.9426
2018-02-09,50.8432,51.8537
2018-02-12,52.3691,52.2646
2018-02-13,52.0386,52.2437
2018-02-14,52.2527,53.1636
2018-02-15,53.6964,54.0884
2018-02-16,54.1885,54.2936
2018-02-20,54.1578,54.6945
2018-02-21,54.9676,55.198
2018-02-22,55.4667,55.0072
2018-02-23,55.4414,55.9087
2018-02-26,56.0956,56.6824
2018-02-27,56.6824,55.3844
2018-02-28,55.6069,54.7109
2018-03-01,54.9894,53.0996
2018-03-02,52.4341,53.7306
2018-03-05,53.4327,54.2569
2018-03-06,54.6207,54.5612
2018-03-07,54.1607,55.262
2018-03-08,55.369,55.9727
2018-03-09,56.4742,57.5319
2018-03-12,57.7405,57.7841
2018-03-13,58.0765,56.4945
2018-03-14,56.7865,56.9396
2018-03-15,56.9733,57.0248
2018-03-16,57.2598,56.2225
2018-03-19,55.3968,54.5201
2018-03-20,54.4373,54.3084
2018-03-21,54.1484,54.2192
2018-03-22,53.5259,52.1947
2018-03-23,52.1065,50.8764
2018-03-26,52.0683,52.2413
2018-03-27,52.7275,49.9045
2018-03-28,49.6552,49.8173
2018-03-29,50.1161,51.4012
2018-04-02,50.9294,50.1865
2018-04-03,50.3609,50.4863
2018-04-04,49.4728,51.033
2018-04-05,51.8596,51.1782
2018-04-06,50.7054,50.0537
2018-04-09,50.5537,50.5562
2018-04-10,51.0602,51.3695
2018-04-11,51.1465,50.8025
2018-04-12,51.1202,51.4086
2018-04-13,51.8844,51.3467
2018-04-16,51.818,51.8453
2018-04-17,52.5936,53.4937
2018-04-18,53.4763,53.2969
2018-04-19,52.9812,53.9937
2018-04-20,53.737,53.3926
2018-04-23,53.6731,53.2186
2018-04-24,52.4945,50.6826
2018-04-25,51.035,50.6999
2018-04-26,51.2069,51.707
2018-04-27,51.8175,51.1192
2018-04-30,51.2664,50.4814
2018-05-01,50.3684,51.5801
2018-05-02,51.2456,50.8516
2018-05-03,50.8179,50.864
2018-05-04,50.5324,52.0881
2018-05-07,52.2314,52.5074
2018-05-08,52.7631,52.4643
2018-05-09,52.7374,53.9689
2018-05-10,54.2688,54.7877
2018-05-11,54.5369,54.6841
2018-05-14,54.7926,54.8437
2018-05-15,54.3629,53.7667
2018-05-16,53.7776,53.7281
2018-05-17,53.5977,53.5878
2018-05-18,52.8315,53.0119
2018-05-21,53.4758,53.7241
2018-05-22,54.0111,53.2929
2018-05-23,53.0298,53.8208
2018-05-24,53.8673,53.7955
2018-05-25,53.85,53.7276
2018-05-29,53.3271,52.9341
2018-05-30,53.2022,53.4
2018-05-31,53.6245,54.5166
2018-06-01,55.1544,56.2512
2018-06-04,56.4247,57.1453
2018-06-05,57.2256,57.0452
2018-06-06,57.1319,56.8435
2018-06-07,56.726,56.2225
2018-06-08,56.0634,56.1377
2018-06-11,56.1491,56.5436
2018-06-12,56.5496,56.9049
2018-06-13,57.1076,56.7086
2018-06-14,57.1041,57.4957
2018-06-15,57.4863,57.454
2018-06-18,57.1279,58.6589
2018-06-19,57.9913,58.4165
2018-06-20,58.645,58.6831
2018-06-21,58.7545,57.9581
2018-06-22,58.0597,57.9506
2018-06-25,57.2424,56.4633
2018-06-26,56.7042,56.1333
2018-06-27,56.3008,55.3561
2018-06-28,55.1306,55.8438
2018-06-29,56.1179,55.9633
2018-07-02,55.2773,56.6036
2018-07-03,56.9659,55.3234
2018-07-05,55.7358,56.5629
2018-07-06,56.5867,57.2464
2018-07-09,57.4902,57.851
2018-07-10,57.9853,57.8441
2018-07-11,57.2731,58.0582
2018-07-12,58.2267,59.5351
2018-07-13,59.6114,59.6917
2018-07-16,59.6615,59.2997
2018-07-17,58.6172,60.1209
2018-07-18,59.8954,60.1125
2018-07-19,59.8022,59.428
2018-07-20,59.435,59.3676
2018-07-23,59.2576,60.0178
2018-07-24,62.9914,62.3546
2018-07-25,62.0805,63.2363
2018-07-26,62.8021,63.7101
2018-07-27,63.8895,62.0939
2018-07-30,61.7053,60.9614
2018-07-31,61.0442,60.8217
2018-08-01,61.411,61.1077
2018-08-02,60.3895,61.5111
2018-08-03,61.7118,61.3639
2018-08-06,61.5349,61.3396
2018-08-07,62.0503,62.2401
2018-08-08,62.2837,62.5122
2018-08-09,62.5816,62.6673
2018-08-10,62.4056,62.0751
2018-08-13,62.0101,61.8833
2018-08-14,62.0746,62.3541
2018-08-15,61.6672,61.0695
2018-08-16,61.5537,60.6651
2018-08-17,60.565,60.2582
2018-08-20,60.4966,60.5605
2018-08-21,60.6135,60.3355
2018-08-22,60.1774,60.5506
2018-08-23,60.4579,60.5213
2018-08-24,60.7612,61.294
2018-08-27,61.6602,62.2614
2018-08-28,62.2431,61.7455
2018-08-29,62.1985,62.6767
2018-08-30,62.6148,62.1707
2018-08-31,62.0602,61.0487
2018-09-04,60.5887,60.0332
2018-09-05,59.9296,59.428
2018-09-06,59.4018,58.6792
2018-09-07,58.0849,58.362
2018-09-10,58.6896,58.2366
2018-09-11,58.0403,58.9765
2018-09-12,58.5806,58.0651
2018-09-13,58.4666,58.5875
2018-09-14,58.8779,58.3813
2018-09-17,58.3709,57.4818
2018-09-18,57.622,57.8426
2018-09-19,57.9343,58.1975
2018-09-20,58.5146,59.0548
2018-09-21,59.2209,58.0909
2018-09-24,57.461,58.4596
2018-09-25,58.6921,59.1698
2018-09-26,59.1599,59.1783
2018-09-27,59.4726,59.8374
2018-09-28,59.6753,59.8235
2018-10-01,60.1169,59.8954
2018-10-02,59.8032,59.8513
2018-10-03,60.0674,60.0441
2018-10-04,59.7219,58.3362
2018-10-05,58.2832,57.8783
2018-10-08,57.4902,57.288
2018-10-09,57.0595,56.7552
2018-10-10,56.3206,54.128
2018-10-11,53.4778,54.0577
2018-10-12,55.49,55.5346
2018-10-15,55.4087,54.6375
2018-10-16,55.1847,56.1561
2018-10-17,56.499,55.884
2018-10-18,56.0034,54.413
2018-10-19,54.7005,54.7733
2018-10-22,55.1366,55.0801
2018-10-23,54.0849,55.2555
2018-10-24,55.26,52.3914
2018-10-25,53.5402,54.6945
2018-10-26,51.9558,53.7112
2018-10-29,54.3451,51.2818
2018-10-30,50.5522,52.0143
2018-10-31,52.9406,54.0497
2018-11-01,54.0904,53.8218
2018-11-02,53.9714,53.1036
2018-11-05,53.1552,52.3225
2018-11-06,52.2874,53.0085
2018-11-07,53.6983,54.925
2018-11-08,54.8784,54.2504
2018-11-09,53.7246,53.3777
2018-11-12,53.1849,52.0068
2018-11-13,52.277,51.938
2018-11-14,52.5342,52.2655
2018-11-15,52.1109,53.0818
2018-11-16,52.7934,52.944
2018-11-19,52.7022,50.9195
2018-11-20,49.9218,51.0697
2018-11-21,51.8061,51.713
2018-11-23,51.2208,51.0523
2018-11-26,51.7412,52.333
2018-11-27,52.105,52.1516
2018-11-28,52.4083,54.1097
2018-11-29,53.7003,54.248
2018-11-30,54.3,54.9948
2018-12-03,56.1105,55.3274
2018-12-04,55.1604,52.6566
2018-12-06,51.7908,53.4302
2018-12-07,53.1403,51.8691
2018-12-10,51.6887,52.1962
2018-12-11,52.8781,52.6159
2018-12-12,53.3807,53.2146
2018-12-13,53.3108,53.2052
2018-12-14,52.5352,52.1233
2018-12-17,51.8904,50.8318
2018-12-18,51.2456,51.712
2018-12-19,51.9043,51.318
2018-12-20,50.8491,50.7292
2018-12-21,51.1485,49.1269
2018-12-24,48.7834,48.8008
2018-12-26,49.4609,51.932
2018-12-27,50.859,52.1823
2018-12-28,52.5094,51.874
2018-12-31,52.4266,51.7888
2019-01-02,50.9086,52.2705
2019-01-03,52.0718,50.8228
2019-01-04,51.6698,53.4297
2019-01-07,53.5735,53.3232
2019-01-08,53.8227,53.7915
2019-01-09,53.9214,53.6072
2019-01-10,53.2746,53.4674
2019-01-11,53.0248,52.7557
2019-01-14,52.2041,52.1134
2019-01-15,52.4355,53.848
2019-01-16,54.021,53.9967
2019-01-17,53.9214,54.473
2019-01-18,54.9423,54.8784
2019-01-22,54.3184,53.4575
2019-01-23,53.8654,53.7439
2019-01-24,53.6498,53.7236
2019-01-25,54.2306,54.5914
2019-01-28,54.0244,53.5184
2019-01-29,53.5769,53.0327
2019-01-30,53.3945,54.417
2019-01-31,55.1232,55.7997
2019-02-01,55.6213,55.4394
2019-02-04,55.4587,56.5694
2019-02-05,55.9851,57.0873
2019-02-06,56.9584,55.651
2019-02-07,55.1024,54.8095
2019-02-08,54.2628,54.6345
2019-02-11,54.7024,54.6217
2019-02-12,55.0623,55.8835
2019-02-13,56.1541,55.9355
2019-02-14,55.7556,55.9637
2019-02-15,56.4643,55.4895
2019-02-19,55.3413,55.8304
2019-02-20,55.9479,55.537
2019-02-21,55.4473,54.7252
2019-02-22,54.9973,55.3373
2019-02-25,55.6035,55.3755
2019-02-26,55.2288,55.6074
2019-02-27,55.2109,55.651
2019-02-28,55.4582,55.8324
2019-03-01,56.053,56.9213
2019-03-04,57.2206,57.1641
2019-03-05,57.292,57.9457
2019-03-06,58.073,57.735
2019-03-07,57.515,57.0367
2019-03-08,56.1967,56.9931
2019-03-11,57.0937,58.4448
2019-03-12,58.5954,59.3364
2019-03-13,59.7665,59.4261
2019-03-14,59.4241,59.1024
2019-03-15,59.3735,58.9919
2019-03-18,58.9617,58.9052
2019-03-19,59.0623,59.5946
2019-03-20,59.542,60.7825
2019-03-21,60.4639,61.2633
2019-03-22,60.9025,59.8518
2019-03-25,59.4508,59.3428
2019-03-26,59.7299,58.9691
2019-03-27,59.0722,58.3828
2019-03-28,58.2584,58.0983
2019-03-29,58.4903,58.3273
2019-04-01,58.8551,59.4221
2019-04-02,59.4751,59.7472
2019-04-03,60.1021,60.0084
2019-04-04,60.0322,60.4366
2019-04-05,60.4292,60.0401
2019-04-08,60.0233,59.883
2019-04-09,59.5663,59.606
2019-04-10,59.7249,59.7923
2019-04-11,59.9137,59.9479
2019-04-12,60.2468,60.5992
2019-04-15,60.6666,60.7875
2019-04-16,60.9595,61.0541
2019-04-17,61.3064,61.462
2019-04-18,61.7029,61.5279
2019-04-22,61.29,62.137
2019-04-23,62.2798,62.9711
2019-04-24,62.9711,62.4488
2019-04-25,62.9567,62.8101
2019-04-26,63.1094,63.3096
2019-04-29,63.4628,64.2404
2019-04-30,59.0083,59.4211
2019-05-01,59.3487,58.1504
2019-05-02,58.1147,57.8129
2019-05-03,58.3531,58.9547
2019-05-06,58.0849,59.1485
2019-05-07,58.7694,58.4249
2019-05-08,58.3471,58.0245
2019-05-09,57.6191,57.8852
2019-05-10,57.9283,57.8689
2019-05-13,56.7587,56.33
2019-05-14,56.614,55.7487
2019-05-15,55.6342,58.0255
2019-05-16,58.077,58.7045
2019-05-17,58.2748,57.9254
2019-05-20,57.1433,56.73
2019-05-21,57.2166,57.2147
2019-05-22,57.0566,57.2845
2019-05-23,56.7998,56.7637
2019-05-24,57.0937,56.4301
2019-05-28,56.5724,56.4772
2019-05-29,56.1372,55.5048
2019-05-30,55.5152,55.5777
2019-05-31,54.7961,54.8387
2019-06-03,52.8776,51.4805
2019-06-04,51.7655,52.2611
2019-06-05,52.2864,51.7729
2019-06-06,51.8507,51.9275
2019-06-07,52.2507,52.949
2019-06-10,53.3767,53.6622
2019-06-11,54.3674,53.5769
2019-06-12,53.5229,53.4808
2019-06-13,53.7588,54.071
2019-06-14,54.0081,53.8376
2019-06-17,53.9764,54.2138
2019-06-18,55.0865,54.7763
2019-06-19,54.8754,54.7401
2019-06-20,55.5921,55.1708
2019-06-21,55.0053,55.7739
2019-06-24,55.5078,55.3442
2019-06-25,55.264,53.901
2019-06-26,54.0705,53.5412
2019-06-27,53.8599,53.3584
2019-06-28,53.3881,53.6641
2019-07-01,54.5681,54.5166
2019-07-02,54.756,55.1411
2019-07-03,55.4335,55.656
2019-07-05,55.4766,56.1357
2019-07-08,55.7987,55.3487
2019-07-09,55.0281,55.7204
2019-07-10,56.1184,56.5441
2019-07-11,56.8043,56.7012
2019-07-12,56.6442,56.7637
2019-07-15,56.7637,57.0199
2019-07-16,56.8326,57.1661
2019-07-17,57.0402,56.8331
2019-07-18,56.5981,56.8578
2019-07-19,56.9609,56.0802
2019-07-22,56.2745,56.4599
2019-07-23,56.67,56.898
2019-07-24,56.1332,56.4856
2019-07-25,56.447,56.2978
2019-07-26,60.8603,61.7138
2019-07-29,61.579,61.5463
2019-07-30,60.8108,60.8603
2019-07-31,60.7052,60.3746
2019-08-01,60.3464,60.0565
2019-08-02,59.6213,59.2903
2019-08-05,58.133,57.23
2019-08-06,57.7638,58.0394
2019-08-07,57.3812,58.2787
2019-08-08,58.8001,59.7794
2019-08-09,59.4721,58.9225
2019-08-12,58.4814,58.2088
2019-08-13,58.2014,59.3106
2019-08-14,58.2867,57.7009
2019-08-15,57.908,57.9521
2019-08-16,58.5206,58.4423
2019-08-19,59.0677,59.4944
2019-08-20,59.2422,58.6564
2019-08-21,59.2655,59.0553
2019-08-22,59.1654,59.0524
2019-08-23,58.7377,57.172
2019-08-26,57.463,58.0443
2019-08-27,58.6301,58.0265
2019-08-28,57.7316,58.1717
2019-08-29,58.7996,59.1872
2019-08-30,59.49,59.0033
2019-09-03,58.5731,57.9635
2019-09-04,58.4542,58.5939
2019-09-05,59.1584,60.0768
2019-09-06,59.9256,59.7859
2019-09-09,59.8235,59.7338
2019-09-10,59.2789,59.7551
2019-09-11,59.6654,60.4639
2019-09-12,60.6358,61.2058
2019-09-13,61.064,61.4566
2019-09-16,60.9813,61.0402
2019-09-17,61.0402,60.9535
2019-09-18,60.9714,61.0908
2019-09-19,61.0744,61.3931
2019-09-20,61.1399,60.9515
2019-09-23,60.7895,61.1919
2019-09-24,61.4551,60.3811
2019-09-25,60.2661,61.7495
2019-09-26,61.5611,61.5686
2019-09-27,61.5953,60.7587
2019-09-30,60.4936,60.5203
2019-10-01,60.5873,59.77
2019-10-02,59.2992,58.3783
2019-10-03,58.647,58.9488
2019-10-04,59.1896,60.0158
2019-10-07,59.8196,59.8815
2019-10-08,59.4117,58.9835
2019-10-09,59.5386,59.5916
2019-10-10,59.4033,59.942
2019-10-11,60.6636,60.2512
2019-10-14,60.161,60.3533
2019-10-15,60.5382,61.5661
2019-10-16,61.5448,61.6037
2019-10-17,62.0201,62.0894
2019-10-18,62.1831,61.6736
2019-10-21,61.8862,61.6672
2019-10-22,61.6771,61.5145
2019-10-23,61.4655,62.3288
2019-10-24,62.4022,62.4022
2019-10-25,62.0498,62.6594
2019-10-28,63.1897,63.8825
2019-10-29,63.2392,62.479
2019-10-30,62.2059,62.481
2019-10-31,62.4463,62.3868
2019-11-01,62.7337,63.0534
2019-11-04,63.2447,63.9138
2019-11-05,63.9926,64.0045
2019-11-06,63.9376,63.9832
2019-11-07,64.1452,64.7727
2019-11-08,64.504,64.8747
2019-11-11,64.6269,64.3435
2019-11-12,64.3578,64.2904
2019-11-13,64.0907,64.2394
2019-11-14,64.1809,64.8822
2019-11-15,65.1746,66.091
2019-11-18,66.0315,65.412
2019-11-19,65.7485,65.0527
2019-11-20,64.9917,64.5209
2019-11-21,64.3915,64.4357
2019-11-22,64.5774,64.115
2019-11-25,64.2433,64.7082
2019-11-26,64.9198,65.073
2019-11-27,65.1929,65.0299
2019-11-29,64.7558,64.6314
2019-12-02,64.5556,63.8766
2019-12-03,63.3711,64.168
2019-12-04,64.731,65.3674
2019-12-05,65.7668,65.7648
2019-12-06,66.0518,66.3809
2019-12-09,66.3546,66.5593
2019-12-10,66.4081,66.5544
2019-12-11,66.8225,66.6217
2019-12-12,66.5702,66.8319
2019-12-13,66.8026,66.7516
2019-12-16,67.1545,67.437
2019-12-17,67.5218,67.1491
2019-12-18,67.2536,67.0014
2019-12-19,67.0014,67.2259
2019-12-20,67.556,66.9672
2019-12-23,67.3394,66.938
2019-12-24,66.9171,66.6307
2019-12-26,66.7357,67.5247
2019-12-27,67.6006,67.1367
2019-12-30,67.2442,66.3967
2019-12-31,66.2025,66.3809
2020-01-02,66.8279,67.8325
2020-01-03,66.8076,67.4777
2020-01-06,66.9875,69.2762
2020-01-07,69.4075,69.1424
2020-01-08,69.128,69.6345
2020-01-09,70.4716,70.3655
2020-01-10,70.8453,70.82
2020-01-13,71.1318,71.3687
2020-01-14,71.3672,70.9008
2020-01-15,71.0212,71.3275
2020-01-16,71.6373,71.8707
2020-01-17,72.4843,73.3258
2020-01-21,73.3,73.4611
2020-01-22,73.8318,73.5414
2020-01-23,73.7238,73.582
2020-01-24,73.985,72.6642
2020-01-27,70.9479,70.9573
2020-01-28,71.4534,71.8876
2020-01-29,72.2821,72.1948
2020-01-30,71.273,72.0734
2020-01-31,72.7479,71.0093
2020-02-03,72.4402,73.4784
2020-02-04,72.0853,71.6353
2020-02-05,72.5373,71.667
2020-02-06,71.9609,73.1499
2020-02-07,72.7246,73.3055
2020-02-10,73.2123,74.77
2020-02-11,74.9985,74.8394
2020-02-12,75.1268,75.2641
2020-02-13,74.8364,75.0044
2020-02-14,75.0609,75.2691
2020-02-18,75.0515,75.3043
2020-02-19,75.6888,75.5734
2020-02-20,75.283,75.1828
2020-02-21,74.5678,73.5211
2020-02-24,70.5271,70.369
2020-02-25,70.9211,68.7068
2020-02-26,69.136,68.9124
2020-02-27,67.3597,65.1696
2020-02-28,63.1555,66.3739
2020-03-02,66.9756,68.7068
2020-03-03,69.2698,66.2981
2020-03-04,67.3508,68.4728
2020-03-05,66.6862,65.1602
2020-03-06,62.9394,64.2176
2020-03-09,59.7185,60.2552
2020-03-10,62.1682,63.1981
2020-03-11,61.8649,60.0129
2020-03-12,55.6377,55.089
2020-03-13,58.2331,60.1799
2020-03-16,54.0017,53.1785
2020-03-17,54.0527,55.4117
2020-03-18,52.5312,54.08
2020-03-19,53.9328,55.095
2020-03-20,56.048,52.9411
2020-03-23,52.3543,52.2432
2020-03-24,54.7138,56.0039
2020-03-25,55.7348,54.5969
2020-03-26,55.2461,57.6349
2020-03-27,55.878,55.0251
2020-03-30,56.1342,56.8117
2020-03-31,56.9317,57.5869
2020-04-01,55.706,54.6207
2020-04-02,54.5166,55.3606
2020-04-03,55.2456,54.1548
2020-04-06,56.1521,58.6395
2020-04-07,60.3157,58.6083
2020-04-08,59.6263,59.8196
2020-04-09,60.3737,59.7983
2020-04-13,59.547,59.9886
2020-04-14,61.4536,62.7055
2020-04-15,61.7777,62.3125
2020-04-16,62.8001,62.3189
2020-04-17,63.5217,63.3879
2020-04-20,62.9364,62.5033
2020-04-21,61.5894,60.0753
2020-04-22,61.5101,62.3675
2020-04-23,62.7307,62.9999
2020-04-24,62.1985,63.269
2020-04-27,64.0322,62.9845
2020-04-28,63.5961,61.0878
2020-04-29,66.6589,66.5192
2020-04-30,65.9829,66.7432
2020-05-01,65.6226,65.2871
2020-05-04,64.8316,65.5636
2020-05-05,66.2872,66.8581
2020-05-06,67.3032,66.6802
2020-05-07,67.4673,67.8623
2020-05-08,68.4837,68.6086
2020-05-11,68.2344,69.5627
2020-05-12,69.7922,68.1547
2020-05-13,68.2032,66.824
2020-05-14,66.09,67.2467
2020-05-15,66.8205,68.0496
2020-05-18,67.4806,68.6503
2020-05-19,68.6651,68.116
2020-05-20,68.8475,69.8387
2020-05-21,69.9294,69.7193
2020-05-22,69.578,70.0409
2020-05-26,71.4643,70.4439
2020-05-27,70.376,70.3898
2020-05-28,69.3847,70.2887
2020-05-29,70.3973,71.046
2020-06-01,70.6584,71.1129
2020-06-02,71.1194,71.4817
2020-06-03,71.501,71.33
2020-06-04,71.2076,70.0935
2020-06-05,70.1599,71.3682
2020-06-08,70.6872,71.7656
2020-06-09,71.6269,71.9659
2020-06-10,72.4332,72.5913
2020-06-11,71.4182,69.4789
2020-06-12,70.6664,70.0251
2020-06-15,68.8639,70.4126
2020-06-16,71.8132,71.6878
2020-06-17,72.0085,71.9887
2020-06-18,71.8553,71.0758
2020-06-19,71.3672,70.6059
2020-06-22,70.6243,71.8955
2020-06-23,71.9619,72.5556
2020-06-24,72.5209,71.0054
2020-06-25,70.932,71.4217
2020-06-26,71.0019,67.5282
2020-06-29,67.4192,69.2445
2020-06-30,69.2301,70.2793
2020-07-01,70.3348,71.4663
2020-07-02,71.954,72.8505
2020-07-06,73.7535,74.3235
2020-07-07,74.149,73.8412
2020-07-08,74.3804,74.5192
2020-07-09,74.8329,75.2656
2020-07-10,74.9975,76.2742
2020-07-13,76.8159,74.9469
2020-07-14,73.9835,75.3746
2020-07-15,75.4921,75.1774
2020-07-16,74.4151,75.0802
2020-07-17,75.1789,75.1759
2020-07-20,75.0842,77.5047
2020-07-21,78.5549,77.1122
2020-07-22,77.1018,77.5548
2020-07-23,77.6083,75.1709
2020-07-24,74.3007,74.7477
2020-07-27,74.998,75.7994
2020-07-28,75.5798,74.5217
2020-07-29,74.5886,75.506
2020-07-30,74.2402,76.2424
2020-07-31,74.1946,73.7436
2020-08-03,73.8948,73.4864
2020-08-04,73.6822,73.0175
2020-08-05,73.192,73.3045
2020-08-06,73.1588,74.5861
2020-08-07,74.7888,74.26
2020-08-10,73.8848,74.1832
2020-08-11,74.0434,73.3764
2020-08-12,73.7025,74.6996
2020-08-13,74.7477,75.166
2020-08-14,75.0153,74.5703
2020-08-17,75.1323,75.1457
2020-08-18,75.6353,77.1053
2020-08-19,76.9422,76.5517
2020-08-20,76.3217,78.1198
2020-08-21,77.8992,78.0861
2020-08-24,78.9237,78.5609
2020-08-25,78.3106,79.5868
2020-08-26,79.6091,81.484
2020-08-27,81.6069,80.7103
2020-08-28,80.7574,81.251
2020-08-31,81.4562,80.7604
2020-09-01,80.8907,82.0266
2020-09-02,82.6675,85.1148
2020-09-03,84.2291,80.7594
2020-09-04,79.7429,78.3656
2020-09-08,75.5798,75.5104
2020-09-09,76.7643,76.6816
2020-09-10,76.8278,75.6319
2020-09-11,75.7359,75.1219
2020-09-14,75.9094,74.7784
2020-09-15,75.723,76.0814
2020-09-16,76.4461,74.94
2020-09-17,73.6375,73.6985
2020-09-18,73.7609,71.9168
2020-09-21,70.9519,70.8785
2020-09-22,71.8786,72.3494
2020-09-23,71.9663,69.8501
2020-09-24,69.5176,70.5177
2020-09-25,70.6262,71.3206
2020-09-28,72.9526,72.292
2020-09-29,72.5522,72.6567
2020-09-30,72.405,72.6359
2020-10-01,73.531,73.7411
2020-10-02,72.34,72.1403
2020-10-05,72.4897,73.4899
2020-10-06,73.1266,71.9133
2020-10-07,72.3242,72.3158
2020-10-08,72.6285,73.5196
2020-10-09,73.9869,74.8587
2020-10-12,76.2241,77.5419
2020-10-13,78.1575,77.6648
2020-10-14,78.038,77.4849
2020-10-15,76.5462,77.0899
2020-10-16,77.4051,77.6961
2020-10-19,78.1039,75.8251
2020-10-20,75.4861,76.8724
2020-10-21,77.8026,78.6025
2020-10-22,78.5534,79.6269
2020-10-23,80.0427,80.9314
2020-10-26,80.0403,78.5183
2020-10-27,78.7482,79.2414
2020-10-28,76.8193,74.876
2020-10-29,75.1843,77.1598
2020-10-30,82.6392,80.0953
2020-11-02,80.4635,80.5022
2020-11-03,80.8213,81.5598
2020-11-04,84.5295,86.5253
2020-11-05,87.7444,87.3504
2020-11-06,86.7973,87.2132
2020-11-09,89.0097,87.2969
2020-11-10,85.7283,86.1223
2020-11-11,86.6516,86.5937
2020-11-12,86.3345,86.3751
2020-11-13,86.6318,87.8342
2020-11-16,87.4317,87.9219
2020-11-17,87.6161,87.3088
2020-11-18,87.06,86.2671
2020-11-19,85.8998,87.1557
2020-11-20,87.3257,86.0559
2020-11-23,86.2462,85.6188
2020-11-24,85.6158,87.4198
2020-11-25,87.6136,87.4312
2020-11-27,87.4515,88.5657
2020-11-30,88.0022,86.949
2020-12-01,87.5566,88.979
2020-12-02,88.979,90.4465
2020-12-03,90.2269,90.2914
2020-12-04,90.2111,90.3865
2020-12-07,89.9796,90.053
2020-12-08,89.6312,89.7705
2020-12-09,89.7224,88.1117
2020-12-10,87.3554,87.6057
2020-12-11,87.2265,87.96
2020-12-14,87.7578,86.8429
2020-12-15,87.2196,87.2801
2020-12-16,87.678,87.0873
2020-12-17,87.4213,86.2606
2020-12-18,86.5411,85.5524
2020-12-21,84.7054,85.9657
2020-12-22,85.7065,85.255
2020-12-23,85.4389,85.652
2020-12-24,85.6902,85.9459
2020-12-28,86.4787,87.9184
2020-12-29,88.5761,87.1155
2020-12-30,87.4743,86.0495
2020-12-31,86.1,86.8618
2021-01-04,87.2265,85.5479
2021-01-05,85.4964,86.2378
2021-01-06,84.2658,85.3868
2021-01-07,85.5792,87.9372
2021-01-08,88.077,89.1014
2021-01-11,88.0701,87.0427
2021-01-12,86.501,86.108
2021-01-13,85.6069,86.5947
2021-01-14,86.6749,85.7853
2021-01-15,85.6912,85.6218
2021-01-19,86.384,88.4393
2021-01-20,90.5159,93.1773
2021-01-21,93.8503,93.3795
2021-01-22,93.7418,93.7963
2021-01-25,94.7964,93.8815
2021-01-26,93.4707,94.559
2021-01-27,92.9215,90.1476
2021-01-28,90.7453,91.8456
2021-01-29,90.895,90.5649
2021-02-01,91.4189,93.8216
2021-02-02,94.8157,95.1126
2021-02-03,102.3727,102.0392
2021-02-04,102.1254,101.779
2021-02-05,102.0729,103.5235
2021-02-08,104.0771,103.3099
2021-02-09,102.8282,102.8574
2021-02-10,103.2415,103.4071
2021-02-11,103.6311,103.5196
2021-02-12,103.0745,103.8308
2021-02-16,103.6683,104.6074
2021-02-17,103.7788,104.9999
2021-02-18,104.3249,104.3651
2021-02-19,104.4632,103.5225
2021-02-22,101.7775,101.8102
2021-02-23,99.8144,102.1006
2021-02-24,100.6099,103.2747
2021-02-25,101.893,99.9116
2021-02-26,100.6054,100.2069
2021-03-01,101.5,102.5735
2021-03-02,102.3346,102.3167
2021-03-03,101.6957,99.6866
2021-03-04,99.858,100.8027
2021-03-05,102.1517,103.9319
2021-03-08,103.2871,99.4928
2021-03-09,101.5867,101.1213
2021-03-10,102.1641,100.9147
2021-03-11,102.0065,104.1039
2021-03-12,102.908,101.5991
2021-03-15,101.3503,101.8191
2021-03-16,102.3916,103.2787
2021-03-17,102.5145,103.1959
2021-03-18,101.5089,100.1787
2021-03-19,100.5945,100.4572
2021-03-22,100.4904,100.6421
2021-03-23,101.101,101.1694
2021-03-24,101.6863,100.7333
2021-03-25,100.5608,100.7298
2021-03-26,100.6966,100.3467
2021-03-29,100.2193,101.3904
2021-03-30,101.7468,101.4242
2021-03-31,101.8172,102.2196
2021-04-01,103.693,105.553
2021-04-05,106.4139,109.9729
2021-04-06,109.5744,109.4921
2021-04-07,109.6824,110.9675
2021-04-08,112.2051,111.5325
2021-04-09,111.2852,112.5356
2021-04-12,111.7154,111.2446
2021-04-13,111.5603,111.7308
2021-04-14,112.375,111.1103
2021-04-15,112.1035,113.2582
2021-04-16,113.456,113.1343
2021-04-19,112.5113,113.4817
2021-04-20,113.8648,112.949
2021-04-21,112.604,112.9163
2021-04-22,112.77,111.6361
2021-04-23,112.3537,113.9858
2021-04-26,114.2132,114.4814
2021-04-27,114.863,113.5422
2021-04-28,118.5736,116.9153
2021-04-29,118.4115,118.5865
2021-04-30,117.3603,116.6407
2021-05-03,117.2062,116.1243
2021-05-04,114.6608,114.3277
2021-05-05,115.4082,114.7212
2021-05-06,114.3029,115.8403
2021-05-07,117.1556,116.5629
2021-05-10,115.3839,113.5804
2021-05-11,111.1678,112.5054
2021-05-12,110.3312,109.0456
2021-05-13,110.3277,110.4724
2021-05-14,111.9345,112.9177
2021-05-17,112.1837,113.4401
2021-05-18,114.1057,112.1292
2021-05-19,110.4422,112.5768
2021-05-20,113.5432,114.3337
2021-05-21,114.8521,113.6983
2021-05-24,114.7272,117.0144
2021-05-25,117.5576,117.1051
2021-05-26,117.286,117.9694
2021-05-27,118.4026,117.0957
2021-05-28,117.6775,116.8067
2021-06-01,117.6785,118.0126
2021-06-02,118.4076,117.4877
2021-06-03,116.2556,116.3473
2021-06-04,117.4223,118.6266
2021-06-07,118.4219,119.0593
2021-06-08,119.5405,118.868
2021-06-09,119.5118,119.3388
2021-06-10,119.2883,120.6864
2021-06-11,120.9277,120.442
2021-06-14,120.5441,121.3693
2021-06-15,121.3737,120.3523
2021-06-16,120.5035,119.711
2021-06-17,119.6367,120.6735
2021-06-18,120.3003,119.0553
2021-06-21,119.4414,120.7418
2021-06-22,120.6799,121.2553
2021-06-23,121.0204,121.0536
2021-06-24,121.6215,121.4233
2021-06-25,120.9277,121.4317
2021-06-28,121.6002,121.459
2021-06-29,121.5923,121.1978
2021-06-30,120.9223,121.0164
2021-07-01,120.6551,121.3683
2021-07-02,122.0676,124.1566
2021-07-06,124.5441,125.0809
2021-07-07,126.0443,125.3624
2021-07-08,122.9359,123.9449
2021-07-09,123.9261,124.4153
2021-07-12,125.069,125.8595
2021-07-13,125.9219,126.2223
2021-07-14,126.8333,127.1099
2021-07-15,127.5183,125.8887
2021-07-16,126.5409,125.854
2021-07-19,124.9813,123.483
2021-07-20,124.4242,125.1002
2021-07-21,125.0249,126.4279
2021-07-22,126.7204,127.2928
2021-07-23,129.2841,131.8459
2021-07-26,132.1566,132.8569
2021-07-27,133.0705,130.7407
2021-07-28,135.1139,134.8978
2021-07-29,134.9533,134.5841
2021-07-30,133.8481,133.5423
2021-08-02,133.9294,133.6692
2021-08-03,133.9472,134.4379
2021-08-04,134.1599,133.9379
2021-08-05,134.488,135.054
2021-08-06,134.8463,134.5454
2021-08-09,134.7477,135.7096
2021-08-10,136.1349,135.6046
2021-08-11,135.9758,135.0812
2021-08-12,134.7804,135.9882
2021-08-13,136.0437,136.517
2021-08-16,136.3163,137.0939
2021-08-17,136.5393,135.4603
2021-08-18,135.3003,134.2585
2021-08-19,133.2539,134.4875
2021-08-20,134.8046,136.2216
2021-08-23,136.7568,138.8106
2021-08-24,139.3756,140.0199
2021-08-25,140.3802,140.8302
2021-08-26,140.5041,140.1973
2021-08-27,140.4075,142.7383
2021-08-30,143.1308,143.3196
2021-08-31,143.8712,143.4257
2021-09-01,143.7256,143.9392
2021-09-02,143.9396,142.0276
2021-09-03,141.8229,142.4761
2021-09-07,142.5703,143.0124
2021-09-08,142.8335,142.428
2021-09-09,142.5762,142.2794
2021-09-10,142.945,139.6378
2021-09-13,140.7019,141.0815
2021-09-14,141.7387,141.2916
2021-09-15,141.5167,143.1601
2021-09-16,142.6853,142.3478
2021-09-17,141.7734,139.5625
2021-09-20,136.9472,137.5003
2021-09-21,138.5212,137.811
2021-09-22,138.0796,139.0505
2021-09-23,139.7483,139.9748
2021-09-24,139.3033,140.965
2021-09-27,139.5669,139.8321
2021-09-28,137.4363,134.6361
2021-09-29,135.776,133.1726
2021-09-30,133.0814,132.5011
2021-10-01,133.2658,135.3429
2021-10-04,134.7655,132.4847
2021-10-05,132.8629,134.8275
2021-10-06,133.5657,136.3559
2021-10-07,137.6712,138.0013
2021-10-08,138.3502,138.5569
2021-10-11,138.0677,137.6931
2021-10-12,138.2541,135.2497
2021-10-13,136.1948,136.3728
2021-10-14,138.2481,139.9104
2021-10-15,140.3698,140.1255
2021-10-18,139.8365,141.5231
2021-10-19,142.1272,141.978
2021-10-20,142.0782,140.5229
2021-10-21,140.523,140.6389
2021-10-22,137.927,136.3574
2021-10-25,136.341,136.2389
2021-10-26,138.0395,138.0841
2021-10-27,138.1797,144.9324
2021-10-28,145.8413,144.5671
2021-10-29,143.8029,146.7448
2021-11-01,146.7448,142.2358
2021-11-02,143.3088,144.1543
2021-11-03,144.6181,145.3095
2021-11-04,145.8314,146.9643
2021-11-05,147.8584,147.5437
2021-11-08,148.5081,147.7211
2021-11-09,147.9214,147.6096
2021-11-10,146.2036,144.6112
2021-11-11,145.202,144.4853
2021-11-12,145.3268,147.3712
2021-11-15,147.5918,147.1472
2021-11-16,146.8474,146.5763
2021-11-17,146.7264,146.7458
2021-11-18,146.9386,148.5215
2021-11-19,148.6573,147.6175
2021-11-22,148.02,145.0161
2021-11-23,144.8684,144.5007
2021-11-24,144.1949,144.8357
2021-11-26,143.0798,140.9333
2021-11-29,142.7344,144.2514
2021-11-30,143.734,140.6503
2021-12-01,142.7343,139.8118
2021-12-02,140.0085,141.7094
2021-12-03,142.4182,140.7534
2021-12-06,141.7833,141.8968
2021-12-07,144.3168,145.9751
2021-12-08,146.2992,146.884
2021-12-09,146.2938,146.3409
2021-12-10,147.393,146.7007
2021-12-13,146.4826,144.5448
2021-12-14,142.7026,142.6422
2021-12-15,142.1485,145.1539
2021-12-16,145.877,143.1754
2021-12-17,141.2475,140.4794
2021-12-20,138.7695,140.3624
2021-12-21,140.8049,142.2115
2021-12-22,141.81,145.1281
2021-12-23,145.2124,145.6252
2021-12-27,145.9617,146.6065
2021-12-28,146.9331,145.3977
2021-12-29,145.3556,145.366
2021-12-30,145.4047,144.9155
2021-12-31,144.7663,143.5789
2022-01-03,143.7801,143.7171
2022-01-04,144.1181,143.1303
2022-01-05,143.1507,136.5641
2022-01-06,135.7944,136.5368
2022-01-07,136.9313,135.8127
2022-01-10,133.8908,137.4507
2022-01-11,136.794,138.5078
2022-01-12,139.9094,140.1874
2022-01-13,140.296,137.3689
2022-01-14,135.8742,138.2546
2022-01-18,134.9781,134.8027
2022-01-19,135.3236,133.9289
2022-01-20,135.0525,132.1358
2022-01-21,131.4281,129.2058
2022-01-24,124.8707,129.6543
2022-01-25,127.6085,125.8193
2022-01-26,129.9665,128.0971
2022-01-27,130.1499,127.8711
2022-01-28,128.5194,132.1789
2022-01-31,132.9828,134.1143
2022-02-01,136.3851,136.4342
2022-02-02,149.9206,146.6992
2022-02-03,144.4249,141.8324
2022-02-04,142.1837,142.0336
2022-02-07,142.9822,137.9775
2022-02-08,137.8046,138.1738
2022-02-09,139.7245,140.3475
2022-02-10,138.4756,137.4016
2022-02-11,137.3818,133.1022
2022-02-14,132.0853,134.3348
2022-02-15,136.3614,135.4078
2022-02-16,135.4455,136.5274
2022-02-17,135.0455,131.3741
2022-02-18,132.2939,129.2569
2022-02-22,128.6968,128.6725
2022-02-23,130.4914,126.4666
2022-02-24,123.8552,131.5247
2022-02-25,132.3782,133.2777
2022-02-28,131.8806,133.8699
2022-03-01,133.693,132.8832
2022-03-02,133.4447,133.3887
2022-03-03,134.8145,132.7226
2022-03-04,131.7592,130.7471
2022-03-07,130.3323,125.2677
2022-03-08,125.1404,125.9873
2022-03-09,130.0964,132.2473
2022-03-10,130.1123,131.2655
2022-03-11,132.3152,128.729
2022-03-14,129.1052,124.844
2022-03-15,125.86,128.0625
2022-03-16,129.5839,132.1091
2022-03-17,131.9787,132.6626
2022-03-18,132.2518,134.9291
2022-03-21,134.9667,134.9053
2022-03-22,134.9053,138.6387
2022-03-23,137.4834,137.0601
2022-03-24,137.9765,140.3277
2022-03-25,140.6687,140.4278
2022-03-28,139.6621,140.2122
2022-03-29,141.3938,141.253
2022-03-30,141.2079,140.691
2022-03-31,140.8044,137.8452
2022-04-01,138.2739,138.9187
2022-04-04,139.1248,141.7149
2022-04-05,141.6133,139.3553
2022-04-06,137.5305,135.3478
2022-04-07,134.8146,134.6941
2022-04-08,134.3918,132.116
2022-04-11,130.6649,127.6913
2022-04-12,130.4433,126.592
2022-04-13,126.875,128.7523
2022-04-14,129.3327,125.6161
2022-04-18,125.8838,126.5543
2022-04-19,126.5692,128.8663
2022-04-20,129.7416,126.9146
2022-04-21,128.114,123.7175
2022-04-22,123.9013,118.584
2022-04-25,118.0542,121.9923
2022-04-26,121.2196,117.6072
2022-04-27,113.4634,113.2899
2022-04-28,115.3918,117.4808
2022-04-29,115.7085,113.1066
2022-05-02,112.4082,115.5583
2022-05-03,115.4072,116.3027
2022-05-04,116.0029,121.1864
2022-05-05,119.1475,115.4815
2022-05-06,114.1721,114.7292
2022-05-09,112.2546,111.5221
2022-05-10,114.4923,113.3895
2022-05-11,112.2412,112.604
2022-05-12,110.3986,111.8522
2022-05-13,113.5263,115.0305
2022-05-16,113.9451,113.4391
2022-05-17,115.8136,115.4493
2022-05-18,113.9892,110.916
2022-05-19,110.4521,109.4138
2022-05-20,110.967,107.9508
2022-05-23,108.6243,110.5081
2022-05-24,104.8424,105.0386
2022-05-25,104.0628,104.8751
2022-05-26,104.7482,106.8451
2022-05-27,108.5207,111.3293
2022-05-31,111.7555,112.7621
2022-06-01,113.8455,112.891
2022-06-02,112.998,116.5887
2022-06-03,115.0424,113.5343
2022-06-06,115.6788,115.7937
2022-06-07,114.4655,116.1198
2022-06-08,115.7353,116.164
2022-06-09,115.3051,113.8262
2022-06-10,111.4567,110.1845
2022-06-13,105.8479,105.4574
2022-06-14,105.5986,105.7775
2022-06-15,107.591,108.7997
2022-06-16,106.2786,105.1015
2022-06-17,105.1015,106.2018
2022-06-21,107.9721,110.5636
2022-06-22,109.5848,110.5076
2022-06-23,111.2451,111.2555
2022-06-24,112.0019,116.9381
2022-06-27,117.2335,114.8154
2022-06-28,114.7847,111.023
2022-06-29,110.5715,110.7197
2022-06-30,109.0332,108.0053
2022-07-01,106.9844,107.7818
2022-07-05,106.1592,112.2675
2022-07-06,112.3062,113.565
2022-07-07,114.0685,117.739
2022-07-08,116.2195,118.3045
2022-07-11,116.9609,114.6598
2022-07-12,115.1935,113.0183
2022-07-13,110.7192,110.3748
2022-07-14,109.2418,109.3974
2022-07-15,111.0161,110.7951
2022-07-18,111.65,108.0717
2022-07-19,109.8757,112.8097
2022-07-20,112.1753,112.8989
2022-07-21,113.2756,113.335
2022-07-22,110.0244,106.9516
2022-07-25,107.4572,106.5651
2022-07-26,105.6631,104.097
2022-07-27,108.2997,112.0663
2022-07-28,111.3823,113.2161
2022-07-29,112.0861,115.2976
2022-08-01,114.2866,113.8505
2022-08-02,112.998,114.1181
2022-08-03,114.693,117.0422
2022-08-04,116.4474,117.1512
2022-08-05,115.2084,116.4375
2022-08-08,117.3494,116.269
2022-08-09,116.1104,115.6049
2022-08-10,117.736,118.6479
2022-08-11,120.2141,117.7955
2022-08-12,119.203,120.6105
2022-08-15,120.0653,121.007
2022-08-16,120.4519,120.6303
2022-08-17,119.0642,118.4992
2022-08-18,118.3803,119.1138
2022-08-19,118.0135,116.1798
2022-08-22,114.1875,113.2359
2022-08-23,112.4826,112.8592
2022-08-24,112.5024,112.6908
2022-08-25,113.2359,115.6247
2022-08-26,113.7117,109.3702
2022-08-29,109.0233,108.4583
2022-08-30,109.2017,107.9825
2022-08-31,109.6775,107.2688
2022-09-01,107.3283,108.7755
2022-09-02,109.618,106.9021
2022-09-06,106.3569,105.8712
2022-09-07,106.119,108.488
2022-09-08,107.0904,107.4274
2022-09-09,108.1114,109.6775
2022-09-12,110.0145,109.8856
2022-09-13,106.8525,103.4031
2022-09-14,103.6509,104.0771
2022-09-15,103.1156,102.0055
2022-09-16,101.1729,101.8965
2022-09-19,100.8557,102.1641
2022-09-20,101.1828,100.2511
2022-09-21,100.7764,98.4074
2022-09-22,97.9514,99.2598
2022-09-23,98.7543,97.8721
2022-09-26,97.2378,97.3072
2022-09-27,98.5561,96.643
2022-09-28,96.7917,99.1706
2022-09-29,97.773,96.5637
2022-09-30,96.197,94.8093
2022-10-03,95.9096,97.773
2022-10-04,99.5572,100.7467
2022-10-05,98.9526,100.5385
2022-10-06,99.7951,100.5286
2022-10-07,98.9724,97.8127
2022-10-10,98.1298,96.9999
2022-10-11,96.5737,96.3259
2022-10-12,96.4448,96.7025
2022-10-13,94.3137,98.1893
2022-10-14,99.1112,95.7113
2022-10-17,97.9911,99.0913
2022-10-18,102.2236,99.8843
2022-10-19,99.131,98.7543
2022-10-20,99.1211,99.0913
2022-10-21,96.99,100.2411
2022-10-24,100.9053,101.6189
2022-10-25,101.9956,103.5617
2022-10-26,95.5824,94.0956
2022-10-27,93.6892,91.4095
2022-10-28,91.459,95.4437
2022-10-31,94.5813,93.6793
2022-11-01,94.6111,89.6748
2022-11-02,90.1407,86.2056
2022-11-03,85.5613,82.6967
2022-11-04,84.6494,85.819
2022-11-07,86.5129,87.7122
2022-11-08,88.1186,88.1186
2022-11-09,87.6726,86.5525
2022-11-10,91.4392,93.1143
2022-11-11,93.8577,95.5626
2022-11-14,94.2542,94.8589
2022-11-15,97.3964,97.5748
2022-11-16,97.0395,97.9812
2022-11-17,96.1177,97.4955
2022-11-18,97.9019,96.5737
2022-11-21,96.4349,94.7598
2022-11-22,95.1067,96.197
2022-11-23,96.2366,97.5946
2022-11-25,97.3765,96.6034
2022-11-28,96.1871,95.2058
2022-11-29,94.8886,94.3533
2022-11-30,93.9866,100.1024
2022-12-01,100.1321,100.1024
2022-12-02,98.1794,99.5572
2022-12-05,98.5263,98.6056
2022-12-06,98.4272,96.1276
2022-12-07,95.5626,94.1055
2022-12-08,94.5417,92.8864
2022-12-09,92.9458,92.0141
2022-12-12,91.8951,92.4899
2022-12-13,96.9008,94.7895
2022-12-14,94.3633,94.2344
2022-12-15,92.3114,90.0614
2022-12-16,89.9623,89.4667
2022-12-19,89.4667,87.6627
2022-12-20,87.3356,88.2376
2022-12-21,88.297,88.7926
2022-12-22,87.3851,86.9887
2022-12-23,86.3444,88.4457
2022-12-27,88.0195,86.6219
2022-12-28,86.2155,85.2639
2022-12-29,85.8587,87.6726
2022-12-30,86.2155,87.4545
2023-01-03,88.8026,88.3367
2023-01-04,89.5559,87.3058
2023-01-05,86.7012,85.4423
2023-01-06,86.0272,86.5723
2023-01-09,87.5834,87.2464
2023-01-10,85.2243,87.6429
2023-01-11,88.3962,90.7156
2023-01-12,90.676,90.329
2023-01-13,90.0515,91.3103
2023-01-17,91.2508,90.4876
2023-01-18,91.3302,90.3191
2023-01-19,89.9226,92.2322
2023-01-20,94.2641,97.1585
2023-01-23,97.0891,98.9129
2023-01-24,97.2378,96.8413
2023-01-25,94.73,94.3831
2023-01-26,95.6518,96.6629
2023-01-27,96.4547,98.4966
2023-01-30,96.6232,96.088
2023-01-31,96.0186,97.9713
2023-02-01,97.8424,99.5473
2023-02-02,104.8701,106.793
2023-02-03,102.0253,103.8591
2023-02-06,101.5,101.9956
2023-02-07,102.3128,106.6939
2023-02-08,101.1531,98.4966
2023-02-09,99.1211,94.1749
2023-02-10,94.6111,93.7388
2023-02-13,93.9073,93.7785
2023-02-14,93.6,93.8478
2023-02-15,93.6595,96.088
2023-02-16,94.5318,94.6705
2023-02-17,94.0163,93.5207
2023-02-21,92.1826,90.9832
2023-02-22,90.894,90.8445
2023-02-23,91.1121,90.0911
2023-02-24,88.6539,88.3466
2023-02-27,89.0801,89.0801
2023-02-28,88.5449,89.2684
2023-03-01,89.1891,89.5658
2023-03-02,88.872,91.1914
2023-03-03,91.6672,92.8269
2023-03-06,93.1936,94.2939
2023-03-07,94.1452,93.035
2023-03-08,93.2927,93.4216
2023-03-09,93.2234,91.5086
2023-03-10,91.3599,89.8334
2023-03-13,89.2982,90.3092
2023-03-14,91.7465,93.1441
2023-03-15,92.4007,95.2653
2023-03-16,95.3545,99.4383
2023-03-17,99.3788,100.7268
2023-03-20,99.24,100.3303
2023-03-21,100.3601,103.9978
2023-03-22,103.3535,102.4615
2023-03-23,104.1366,104.6718
2023-03-24,104.0672,104.5133
2023-03-27,103.7005,101.5594
2023-03-28,101.5396,100.142
2023-03-29,101.381,100.4988
2023-03-30,100.0231,100.0033
2023-03-31,100.4097,102.8183
2023-04-03,101.4901,103.4427
2023-04-04,103.413,103.7996
2023-04-05,104.8503,103.5518
2023-04-06,104.3348,107.4671
2023-04-10,106.0397,105.5045
2023-04-11,105.6135,104.424
2023-04-12,105.6432,103.7203
2023-04-13,104.9097,106.4858
2023-04-14,105.9505,107.9131
2023-04-17,103.7401,105.0386
2023-04-18,105.554,103.5815
2023-04-19,102.6696,103.2643
2023-04-20,102.9967,104.3646
2023-04-21,104.543,104.4835
2023-04-24,104.5628,105.0386
2023-04-25,104.8998,102.9372
2023-04-26,103.9978,102.7985
2023-04-27,103.532,106.6444
2023-04-28,106.0992,106.3965
2023-05-01,105.9009,106.2578
2023-05-02,106.1983,104.3943
2023-05-03,104.6025,104.4835
2023-05-04,104.5628,103.7699
2023-05-05,103.8987,104.6421
2023-05-08,104.2556,106.8228
2023-05-09,107.4373,106.4065
2023-05-10,107.021,110.7678
2023-05-11,114.3857,115.5454
2023-05-12,115.6545,116.4772
2023-05-15,115.0895,115.486
2023-05-16,115.4661,118.4596
2023-05-17,118.5587,119.7779
2023-05-18,119.8869,121.7504
2023-05-19,122.4641,121.681
2023-05-22,121.8594,123.9509
2023-05-23,123.0687,121.4828
2023-05-24,120.0554,119.8374
2023-05-25,123.4256,122.3947
2023-05-26,122.0874,123.5148
2023-05-30,124.5357,122.583
2023-05-31,121.6711,121.7901
2023-06-01,121.7405,122.6326
2023-06-02,122.9002,123.5742
2023-06-05,122.92,124.9025
2023-06-06,124.9025,126.191
2023-06-07,125.854,121.4233
2023-06-08,121.1557,121.0665
2023-06-09,121.1755,121.1557
2023-06-12,121.7108,122.5533
2023-06-13,123.8815,122.7416
2023-06-14,122.018,122.583
2023-06-15,122.0577,123.9905
2023-06-16,124.8232,122.4443
2023-06-20,121.8495,122.018
2023-06-21,121.3242,119.4905
2023-06-22,118.9453,122.0676
2023-06-23,120.3132,121.2647
2023-06-26,119.6986,117.2999
2023-06-27,116.0509,117.29
2023-06-28,116.0609,119.1237
2023-06-29,118.192,118.0532
2023-06-30,119.1138,118.6479
2023-07-03,118.192,118.8462
2023-07-05,118.192,120.6799
2023-07-06,118.747,119.0543
2023-07-07,119.0444,118.4299
2023-07-10,117.2602,115.4265
2023-07-11,115.2679,116.1104
2023-07-12,117.7558,117.8847
2023-07-13,119.8671,123.4454
2023-07-14,123.7031,124.3176
2023-07-17,124.8331,123.5544
2023-07-18,123.5048,122.6722
2023-07-19,123.5049,120.9574
2023-07-20,120.3528,118.1523
2023-07-21,119.5599,118.9651
2023-07-24,120.5907,120.4618
2023-07-25,120.2933,121.1359
2023-07-26,128.9267,128.1338
2023-07-27,130.5127,128.2627
2023-07-28,129.6306,131.4147
2023-07-31,131.5634,131.5535
2023-08-01,129.6305,130.3938
2023-08-02,128.3122,127.2516
2023-08-03,126.8452,127.321
2023-08-04,128.1437,126.984
2023-08-07,128.0248,130.374
2023-08-08,129.472,130.2451
2023-08-09,130.5028,128.5204
2023-08-10,130.1658,128.5501
2023-08-11,127.5292,128.4213
2023-08-14,128.2528,130.1757
2023-08-15,129.9477,128.6393
2023-08-16,127.5688,127.5688
2023-08-17,128.6592,128.7781
2023-08-18,127.3805,126.3397
2023-08-21,126.0622,127.2417
2023-08-22,127.3805,127.9455
2023-08-23,129.0358,131.2066
2023-08-24,132.7727,128.6393
2023-08-25,128.4014,128.7384
2023-08-28,130.1559,129.8585
2023-08-29,131.0777,133.3873
2023-08-30,133.5954,134.6857
2023-08-31,134.8146,134.9732
2023-09-01,136.2518,134.4677
2023-09-05,134.2496,134.5767
2023-09-06,134.8245,133.2782
2023-09-07,132.4158,134.0711
2023-09-08,133.7242,135.1813
2023-09-11,135.3399,135.7166
2023-09-12,135.0624,134.1505
2023-09-13,133.9027,135.5084
2023-09-14,136.3906,136.8862
2023-09-15,136.7672,136.1923
2023-09-18,135.4093,136.9952
2023-09-19,136.2122,136.8267
2023-09-20,136.8664,132.5645
2023-09-21,130.2847,129.2935
2023-09-22,129.6107,129.1052
2023-09-25,128.6889,129.9576
2023-09-26,128.6294,127.44
2023-09-27,127.44,129.3926
2023-09-28,128.6988,131.1471
2023-09-29,132.1086,129.7098
2023-10-02,130.0568,132.9908
2023-10-03,132.7628,131.266
2023-10-04,131.6229,134.0513
2023-10-05,133.8828,133.8828
2023-10-06,132.8321,136.3708
2023-10-09,135.7364,137.2034
2023-10-10,137.2827,136.8466
2023-10-11,137.362,139.3147
2023-10-12,139.8103,137.7485
2023-10-13,138.1549,136.1527
2023-10-16,136.9556,137.8774
2023-10-17,137.4115,138.492
2023-10-18,138.2243,136.7475
2023-10-19,137.2827,136.5393
2023-10-20,136.123,134.4082
2023-10-23,133.8531,135.3002
2023-10-24,136.6186,137.59
2023-10-25,127.0336,124.506
2023-10-26,122.1866,121.2053
2023-10-27,121.8,121.0962
2023-10-30,122.1271,123.3661
2023-10-31,123.9608,122.9894
2023-11-01,122.9795,125.3386
2023-11-02,127.2913,126.3695
2023-11-03,126.8948,127.9653
2023-11-06,127.9158,129.1052
2023-11-07,129.5612,129.8189
2023-11-08,129.8189,130.6812
2023-11-09,130.8002,129.0953
2023-11-10,128.9565,131.4246
2023-11-13,130.6218,130.929
2023-11-14,133.0106,132.4456
2023-11-15,133.6846,133.4368
2023-11-16,134.0018,135.7265
2023-11-17,134.8047,134.1207
2023-11-20,132.515,135.0525
2023-11-21,135.0921,135.7661
2023-11-22,136.2617,137.2728
2023-11-24,136.8168,135.4886
2023-11-27,134.8344,135.2111
2023-11-28,134.884,135.9941
2023-11-29,136.3609,133.8035
2023-11-30,133.863,131.3652
2023-12-01,130.701,130.701
2023-12-04,128.7384,128.1338
2023-12-05,127.8166,129.8387
2023-12-06,130.2847,128.8772
2023-12-07,133.8531,135.7265
2023-12-08,133.0205,133.8035
2023-12-11,131.2165,132.1185
2023-12-12,130.6515,131.3553
2023-12-13,132.2077,131.4048
2023-12-14,132.2077,130.7803
2023-12-15,130.4631,131.4345
2023-12-18,131.4643,134.6064
2023-12-19,135.6373,135.4489
2023-12-20,137.7485,137.1241
2023-12-21,138.264,139.1858
2023-12-22,139.5327,140.2464
2023-12-26,140.3455,140.2762
2023-12-27,140.3455,139.1363
2023-12-28,139.5427,138.9975
2023-12-29,138.4027,138.4622
2024-01-02,137.3322,136.9556
2024-01-03,136.0437,137.699
2024-01-04,137.2034,135.1912
2024-01-05,135.5481,134.537
2024-01-08,135.0921,137.6197
2024-01-09,137.2827,139.7112
2024-01-10,139.7607,141.0295
2024-01-11,142.2288,140.8312
2024-01-12,141.416,141.3962
2024-01-16,140.7519,141.2376
2024-01-17,140.1077,140.2266
2024-01-18,140.8015,142.2189
2024-01-19,143.4678,145.0934
2024-01-22,145.8071,144.7069
2024-01-23,144.6077,145.7476
2024-01-24,147.2344,147.393
2024-01-25,148.751,150.5352
2024-01-26,149.772,150.8524
2024-01-29,150.7235,152.1608
2024-01-30,151.457,150.1288
2024-01-31,142.3577,138.8686
2024-02-01,140.8709,139.9193
2024-02-02,138.036,141.1286
2024-02-05,141.5647,142.4172
2024-02-06,143.3786,142.8335
2024-02-07,143.4876,144.2608
2024-02-08,144.5483,144.6276
2024-02-09,145.3908,147.6904
2024-02-12,147.1155,146.2333
2024-02-13,143.6462,143.8643
2024-02-14,144.7961,144.6573
2024-02-15,141.8819,141.5152
2024-02-16,141.7332,139.2849
2024-02-20,138.4325,139.8796
2024-02-21,140.2068,141.2971
2024-02-22,143.6561,142.8235
2024-02-23,142.4072,142.6947
2024-02-26,140.8907,136.3609
2024-02-27,136.8069,137.6594
2024-02-28,136.6879,135.1813
2024-02-29,136.0734,137.243
2024-03-01,137.2133,135.9346
2024-03-04,134.4676,132.1779
2024-03-05,130.7209,131.5039
2024-03-06,131.95,130.2451
2024-03-07,131.6229,133.1989
2024-03-08,133.0304,134.2199
2024-03-11,134.9335,136.46
2024-03-12,135.8256,137.2827
2024-03-13,137.7783,138.5613
2024-03-14,139.949,141.8422
2024-03-15,141.2475,139.9391
2024-03-18,147.3038,146.382
2024-03-19,146.8578,145.7377
2024-03-20,146.6992,147.4327
2024-03-21,148.1562,146.3027
2024-03-22,147.8093,149.4448
2024-03-25,148.6221,148.751
2024-03-26,148.8997,149.3457
2024-03-27,149.8512,149.5439
2024-03-28,149.5241,149.6034
2024-04-01,149.3655,154.1233
2024-04-02,152.1509,153.2015
2024-04-03,152.25,153.5584
2024-04-04,152.1508,149.2069
2024-04-05,148.7114,151.1597
2024-04-08,151.4372,153.489
2024-04-09,154.7181,155.2236
2024-04-10,154.837,154.7677
2024-04-11,155.5309,158.0089
2024-04-12,156.5716,156.3437
2024-04-15,157.4638,153.4989
2024-04-16,152.8348,153.0429
2024-04-17,154.2522,154.1035
2024-04-18,153.9747,154.6388
2024-04-19,154.8271,152.7357
2024-04-22,152.9537,154.9064
2024-04-23,155.5804,156.869
2024-04-24,156.1058,157.7314
2024-04-25,149.9999,154.6289
2024-04-26,172.8374,170.4387
2024-04-29,167.5741,164.6897
2024-04-30,164.1544,161.3493
2024-05-01,162.8559,162.4198
2024-05-02,163.3416,165.1555
2024-05-03,166.0873,165.7701
2024-05-06,165.9882,166.6225
2024-05-07,167.019,169.7448
2024-05-08,167.5146,167.8913
2024-05-09,167.9012,168.4662
2024-05-10,166.5531,167.1677
2024-05-13,162.8163,167.6534
2024-05-14,168.2779,168.8428
2024-05-15,169.1303,170.9937
2024-05-16,171.7669,172.6491
2024-05-17,172.6491,174.5126
2024-05-20,174.6414,175.365
2024-05-21,175.3452,176.2868
2024-05-22,175.0875,174.8298
2024-05-23,175.5137,172.0246
2024-05-24,173.442,173.452
2024-05-28,172.9167,174.8495
2024-05-29,173.8881,174.3539
2024-05-30,173.6601,170.5973
2024-05-31,170.3495,170.9839
2024-06-03,171.0235,171.6479
2024-06-04,171.757,172.2625
2024-06-05,173.6601,173.8683
2024-06-06,174.354,175.1767
2024-06-07,175.4939,172.9266
2024-06-10,173.6312,173.6709
2024-06-11,174.8716,175.2686
2024-06-12,176.8861,176.4296
2024-06-13,174.7625,173.8197
2024-06-14,172.8869,175.4372
2024-06-17,174.1174,175.8838
2024-06-18,175.7846,173.7503
2024-06-20,174.0281,174.951
2024-06-21,175.6457,178.2556
2024-06-24,178.7815,177.8487
2024-06-25,178.2456,182.6219
2024-06-26,181.2326,182.473
2024-06-27,182.7707,183.9913
2024-06-28,182.9097,180.7563
2024-07-01,181.6295,181.5898
2024-07-02,180.657,183.8226
2024-07-03,183.4356,184.3982
2024-07-05,184.4379,189.1416
2024-07-08,188.4469,187.5836
2024-07-09,188.8538,187.534
2024-07-10,187.7027,189.7171
2024-07-11,188.3973,184.1501
2024-07-12,183.6638,183.6539
2024-07-15,183.505,185.1027
2024-07-16,185.9264,182.5127
2024-07-17,181.57,179.6349
2024-07-18,180.5379,176.3304
2024-07-19,177.5113,176.3006
2024-07-22,179.2082,180.2799
2024-07-23,180.657,180.399
2024-07-24,172.2717,171.3091
2024-07-25,171.1999,166.0
2024-07-26,165.871,165.7222
2024-07-29,167.5382,168.2328
2024-07-30,168.9374,168.987
2024-07-31,171.9144,170.2274
2024-08-01,168.9473,169.4534
2024-08-02,165.1664,165.3848
2024-08-05,154.3102,158.0315
2024-08-06,158.1109,157.0788
2024-08-07,160.0162,157.7238
2024-08-08,159.2818,160.7902
2024-08-09,158.7856,162.4176
2024-08-12,163.0925,161.0482
2024-08-13,162.1596,162.9039
2024-08-14,161.1574,159.1429
2024-08-15,159.2719,160.0658
2024-08-16,160.2345,161.7131
2024-08-19,164.0153,165.3947
2024-08-20,165.6229,165.9008
2024-08-21,163.8863,164.581
2024-08-22,165.9802,162.5466
2024-08-23,163.4596,164.3527
2024-08-26,165.1069,164.8886
2024-08-27,164.571,163.4199
2024-08-28,163.7772,161.604
2024-08-29,163.0528,160.5421
2024-08-30,161.3757,162.1299
2024-09-03,160.4826,156.1559
2024-09-04,155.4613,155.2529
2024-09-05,155.104,156.0368
2024-09-06,156.0964,149.7652
2024-09-09,151.5439,147.768
2024-09-10,149.4969,147.7183
2024-09-11,148.9703,150.2024
2024-09-12,152.8257,153.7101
2024-09-13,154.4454,156.4625
2024-09-16,156.3135,157.0587
2024-09-17,158.0126,158.3107
2024-09-18,158.8473,158.7976
2024-09-19,162.6729,161.1129
2024-09-20,162.4642,162.5537
2024-09-23,163.3089,160.8247
2024-09-24,161.9972,161.2619
2024-09-25,160.4471,160.467
2024-09-26,162.6034,161.6991
2024-09-27,161.7786,162.9114
2024-09-30,162.2854,164.7993
2024-10-01,166.6277,165.9321
2024-10-02,165.3657,164.8093
2024-10-03,163.3685,164.8093
2024-10-04,166.9954,166.0017
2024-10-07,166.6575,161.9475
2024-10-08,162.9015,163.3387
2024-10-09,162.4145,160.8346
2024-10-10,159.8509,161.0532
2024-10-11,161.1029,162.2059
2024-10-14,162.6034,163.915
2024-10-15,164.7397,164.4118
2024-10-16,163.4877,164.1137
2024-10-17,164.6801,161.8978
2024-10-18,162.1562,162.3848
2024-10-21,161.9177,163.0306
2024-10-22,161.9475,164.0938
2024-10-23,163.7163,161.7488
2024-10-24,161.7985,161.6892
2024-10-25,162.6332,164.223
2024-10-28,167.681,165.6638
2024-10-29,166.6675,168.6051
2024-10-30,179.5354,173.3548
2024-10-31,172.0333,170.026
2024-11-01,168.9926,170.2049
2024-11-04,168.8535,168.1679
2024-11-05,168.3567,168.6647
2024-11-06,172.699,175.3918
2024-11-07,176.2861,179.605
2024-11-08,179.5056,177.2202
2024-11-11,177.4487,179.2075
2024-11-12,178.6809,180.4694
2024-11-13,179.3168,177.7468
2024-11-14,177.1506,174.4677
2024-11-15,172.6294,171.3973
2024-11-18,172.3214,174.1895
2024-11-19,172.6195,176.9916
2024-11-20,176.2166,174.8652
2024-11-21,172.7984,166.5681
2024-11-22,164.7994,163.7163
2024-11-25,165.0378,166.588
2024-11-26,166.5681,168.0486
2024-11-27,167.9294,168.1579
2024-11-29,167.4326,167.8797
2024-12-02,167.7009,170.4036
2024-12-03,170.4037,170.2546
2024-12-04,170.0658,173.2654
2024-12-05,174.2491,171.5464
2024-12-06,170.9402,173.6032
2024-12-09,173.0561,174.4587
2024-12-10,181.8999,184.2078
2024-12-11,184.3471,194.3847
2024-12-12,193.9868,190.9626
2024-12-13,190.0175,188.8337
2024-12-16,191.8678,195.6381
2024-12-17,196.2251,194.4046
2024-12-18,194.2056,187.4211
2024-12-19,190.6343,187.5305
2024-12-20,184.8147,190.4154
2024-12-23,191.6191,193.6187
2024-12-24,193.8276,195.091
2024-12-26,194.136,194.5837
2024-12-27,193.937,191.7584
2024-12-30,188.8138,190.2463
2024-12-31,190.0871,188.3164
2025-01-02,189.6594,188.4457
2025-01-03,190.3756,190.7935
2025-01-06,192.972,195.847
2025-01-07,196.0858,194.4742
2025-01-08,191.5694,192.9422
2025-01-10,193.2904,191.0421
2025-01-13,189.0824,190.0175
2025-01-14,190.2463,188.6745
2025-01-15,192.0867,194.5339
2025-01-16,193.1312,191.9076
2025-01-17,195.5088,194.9816
2025-01-21,198.0356,197.0209
2025-01-22,198.0257,197.3393
2025-01-23,197.1105,196.9513
2025-01-24,197.0707,199.1697
2025-01-27,191.4102,190.8133
2025-01-28,191.7485,194.2852
2025-01-29,194.5439,194.3946
2025-01-30,196.9712,199.8262
2025-01-31,200.9504,202.9599
2025-02-03,199.6472,200.1844
2025-02-04,202.3332,205.3076
2025-02-05,190.0772,190.3358
2025-02-06,188.5154,190.6044
2025-02-07,190.0573,184.377
2025-02-10,186.3765,185.5011
2025-02-11,184.0686,184.3571
2025-02-12,182.268,182.656
2025-02-13,183.3623,185.1728
2025-02-14,184.0984,184.2675
2025-02-18,184.6356,182.8151
2025-02-19,183.1136,184.3073
2025-02-20,183.8398,183.601
2025-02-21,184.188,178.7265
2025-02-24,181.0444,178.3186
2025-02-25,177.1149,174.5085
2025-02-26,174.1603,171.8325
2025-02-27,173.0859,167.6245
2025-02-28,167.8035,169.3952
2025-03-03,171.0366,166.1422
2025-03-04,165.3762,170.0319
2025-03-05,169.634,172.121
2025-03-06,169.6439,171.4545
2025-03-07,170.3701,172.9566
2025-03-10,167.5785,165.1982
2025-03-11,164.2421,163.3756
2025-03-12,165.9053,166.4332
2025-03-13,165.3675,162.1008
2025-03-14,162.6087,164.8197
2025-03-17,164.3616,163.6246
2025-03-18,163.017,160.0192
2025-03-19,161.1048,163.2262
2025-03-20,160.9156,162.1406
2025-03-21,160.5571,163.3258
2025-03-24,166.3933,167.0008
2025-03-25,168.2956,169.8692
2025-03-26,168.3155,164.3914
2025-03-27,163.9632,161.5829
2025-03-28,159.84,153.7049
2025-03-31,152.4899,154.0137
2025-04-01,152.9978,156.4338
2025-04-02,154.5216,156.4039
2025-04-03,150.4979,150.1095
2025-04-04,147.4105,145.0103
2025-04-07,140.9767,146.1556
2025-04-08,150.6075,144.1139
2025-04-09,143.8351,158.0672
2025-04-10,155.906,152.201
2025-04-11,152.2807,156.5035
2025-04-14,159.3519,158.4257
2025-04-15,158.4855,155.6769
2025-04-16,152.4799,152.709
2025-04-17,153.6651,150.5477
2025-04-21,148.277,147.0719
2025-04-22,148.2869,150.8565
2025-04-23,154.9797,154.7208
2025-04-24,155.5175,158.6349
2025-04-25,164.4014,161.304
2025-04-28,161.7721,159.9595
2025-04-29,159.6707,159.5113
2025-04-30,157.3401,158.1568
2025-05-01,159.8001,160.6467
2025-05-02,162.7481,163.3656
2025-05-05,162.3398,163.5449
2025-05-06,161.5131,162.5688
2025-05-07,163.4154,150.7669
2025-05-08,154.3722,153.6551
2025-05-09,153.5455,152.1313
2025-05-12,156.8521,157.8182
2025-05-13,158.1468,158.8839
2025-05-14,159.3121,164.7002
2025-05-15,165.1683,163.2959
2025-05-16,167.0506,165.5169
2025-05-19,163.8437,165.8654
2025-05-20,165.7559,163.3158
2025-05-21,163.027,167.8773
2025-05-22,171.154,170.1779
2025-05-23,168.3753,167.7876
2025-05-27,169.4708,172.1997
2025-05-28,172.4586,171.6619
2025-05-29,173.2952,171.1639
2025-05-30,170.656,171.0444
2025-06-02,167.1602,168.3454
2025-06-03,166.8116,165.5069
2025-06-04,166.0647,167.3694
2025-06-05,169.65,167.5287
2025-06-06,170.1381,172.9765
2025-06-09,174.0435,175.5891
2025-06-10,175.6988,178.092
2025-06-11,179.2586,176.8455
2025-06-12,175.6788,175.2002
2025-06-13,171.9495,174.1731
2025-06-16,174.2329,176.2672
2025-06-17,175.2002,175.4495
2025-06-18,175.5093,172.827
2025-06-20,173.4552,166.166
2025-06-23,165.797,164.7201
2025-06-24,166.4452,166.2956
2025-06-25,167.1531,170.1945
2025-06-26,171.9395,173.0463
2025-06-27,173.0463,178.0221
2025-06-30,180.2657,175.7287
2025-07-01,175.2401,175.3398
2025-07-02,175.0406,178.1318
2025-07-03,177.9922,179.0193
2025-07-07,178.5506,176.2871
2025-07-08,177.3441,173.864
2025-07-09,174.7515,176.1176
2025-07-10,175.1304,177.1147
2025-07-11,176.2871,179.6774
2025-07-14,180.4951,181.0435
2025-07-15,182.29,181.4823
2025-07-16,182.7188,182.4495
2025-07-17,181.6219,183.0578
2025-07-18,184.8726,184.5336
2025-07-21,185.7202,189.5592
2025-07-22,190.9552,190.7957
2025-07-23,190.9552,189.6889
2025-07-24,196.4695,191.6233
2025-07-25,191.4339,192.6305
2025-07-28,193.0991,192.0322
2025-07-29,191.8826,195.1932
2025-07-30,195.0436,195.9709
2025-07-31,195.1533,191.3541
2025-08-01,188.4923,188.592
2025-08-04,189.7487,194.4852
2025-08-05,194.1561,194.1162
2025-08-06,193.9467,195.5322
2025-08-07,196.4994,195.961
2025-08-08,196.659,200.847
2025-08-11,200.3684,200.4282
2025-08-12,200.7972,202.7616
2025-08-13,203.5493,201.3855
2025-08-14,200.9268,202.3627
2025-08-15,203.2701,203.32
2025-08-18,203.6191,202.9211
2025-08-19,202.4525,200.9966
2025-08-20,200.159,198.753
2025-08-21,199.1818,199.1818
2025-08-22,202.1533,205.5037
2025-08-25,205.8428,207.8969
2025-08-26,206.9197,206.5508
2025-08-27,205.1149,206.8898
2025-08-28,206.6604,211.0379
2025-08-29,209.9112,212.3044
2025-09-02,207.8471,210.7488
2025-09-03,225.5665,230.0039
2025-09-04,228.9967,231.6392
2025-09-05,231.5395,234.3315
2025-09-08,235.0102,233.583
2025-09-09,233.7127,239.162
2025-09-10,238.4335,238.703
2025-09-11,239.4116,239.9006
2025-09-12,239.9006,240.3298
2025-09-15,244.1822,251.1187
2025-09-16,251.5877,250.6695
2025-09-17,250.7294,249.0427
2025-09-18,251.1885,251.5378
2025-09-19,252.7555,254.2226
2025-09-22,253.9331,252.0369
2025-09-23,252.5459,251.1686
2025-09-24,251.1686,246.6574
2025-09-25,243.9227,245.31
2025-09-26,246.5875,246.0585
2025-09-29,247.366,243.5734
2025-09-30,242.3358,242.6253
2025-10-01,240.2799,244.4218
2025-10-02,244.6713,245.2102
2025-10-03,244.0126,244.8709
2025-10-06,244.302,249.9409
2025-10-07,247.7852,245.2801
2025-10-08,244.4817,244.1423
2025-10-09,243.9926,241.0583
2025-10-10,240.9585,236.108
2025-10-13,239.7409,243.6732
2025-10-14,240.7589,244.9707
2025-10-15,246.7672,250.5398
2025-10-16,251.2783,250.9689
2025-10-17,250.2703,252.8054
2025-10-20,254.1927,256.049
2025-10-21,254.2425,249.9709
2025-10-22,253.8733,251.1985
2025-10-23,252.486,252.5858
2025-10-24,256.0789,259.4124
2025-10-27,264.3028,268.7441
2025-10-28,269.1634,266.9477
2025-10-29,267.2272,274.0338
2025-10-30,291.0206,280.9304
2025-10-31,282.6569,280.6409
2025-11-03,281.629,283.166
2025-11-04,276.2096,276.998
2025-11-05,278.3254,283.7548
2025-11-06,284.7728,284.1939
2025-11-07,282.6569,278.2855
2025-11-10,283.8646,289.5335
2025-11-11,287.1881,290.7411
2025-11-12,291.1104,286.1501
2025-11-13,281.7887,278.026
2025-11-14,270.88,275.8702
2025-11-17,285.2219,284.4634
2025-11-18,287.3578,283.7249
2025-11-19,286.5992,292.2382
2025-11-20,303.9453,288.8848
2025-11-21,295.8411,299.0748
2025-11-24,310.5224,317.9579
2025-11-25,325.573,322.8084
2025-11-26,320.0538,319.3252
2025-11-28,322.7385,319.5547
2025-12-01,317.0796,314.2751
2025-12-02,316.1214,315.1933
2025-12-03,315.2731,319.0058
2025-12-04,321.6008,316.9998
2025-12-05,318.8661,320.6426
2025-12-08,319.6339,313.3122
2025-12-09,311.9639,316.6678
2025-12-10,315.4194,319.7937
2025-12-11,319.6639,312.0239
2025-12-12,313.2922,308.8879
2025-12-15,310.9153,307.8193
2025-12-16,304.5536,306.1715
2025-12-17,307.6096,296.3343
2025-12-18,301.3278,302.0668
2025-12-19,301.3378,306.7607
2025-12-22,309.4772,309.3773
2025-12-23,309.2275,313.9413
2025-12-24,314.3608,313.6817
2025-12-26,314.0712,313.1025
2025-12-29,310.9652,313.1524
2025-12-30,312.0938,313.442
