Date,Open,Close
1986-03-13,0.0538,0.0591
1986-03-14,0.0591,0.0612
1986-03-17,0.0612,0.0623
1986-03-18,0.0623,0.0607
1986-03-19,0.0607,0.0597
1986-03-20,0.0597,0.0581
1986-03-21,0.0581,0.0565
1986-03-24,0.0565,0.0549
1986-03-25,0.0549,0.056
1986-03-26,0.056,0.0575
1986-03-27,0.0575,0.0586
1986-03-31,0.0586,0.0581
1986-04-01,0.0581,0.0575
1986-04-02,0.0575,0.0581
1986-04-03,0.0586,0.0586
1986-04-04,0.0586,0.0586
1986-04-07,0.0586,0.0575
1986-04-08,0.0575,0.0581
1986-04-09,0.0581,0.0591
1986-04-10,0.0591,0.0597
1986-04-11,0.0602,0.0607
1986-04-14,0.0607,0.0612
1986-04-15,0.0612,0.0612
1986-04-16,0.0612,0.0633
1986-04-17,0.0633,0.0639
1986-04-18,0.0639,0.0618
1986-04-21,0.0618,0.0618
1986-04-22,0.0618,0.0607
1986-04-23,0.0607,0.061
1986-04-24,0.061,0.067
1986-04-25,0.0676,0.0713
1986-04-28,0.0713,0.0718
1986-04-29,0.0718,0.0697
1986-04-30,0.0697,0.0681
1986-05-01,0.0681,0.067
1986-05-02,0.067,0.067
1986-05-05,0.067,0.0665
1986-05-06,0.067,0.067
1986-05-07,0.067,0.067
1986-05-08,0.067,0.0676
1986-05-09,0.0676,0.067
1986-05-12,0.067,0.0676
1986-05-13,0.0676,0.0681
1986-05-14,0.0681,0.0676
1986-05-15,0.0676,0.0676
1986-05-16,0.0676,0.0681
1986-05-19,0.0681,0.067
1986-05-20,0.067,0.0665
1986-05-21,0.0665,0.0655
1986-05-22,0.0655,0.0655
1986-05-23,0.0655,0.0655
1986-05-27,0.0655,0.0676
1986-05-28,0.0676,0.0697
1986-05-29,0.0697,0.0713
1986-05-30,0.0718,0.0739
1986-06-02,0.0739,0.0718
1986-06-03,0.0718,0.0718
1986-06-04,0.0718,0.0713
1986-06-05,0.0713,0.0723
1986-06-06,0.0723,0.0723
1986-06-09,0.0723,0.0692
1986-06-10,0.0692,0.0692
1986-06-11,0.0692,0.0692
1986-06-12,0.0692,0.0665
1986-06-13,0.0665,0.0665
1986-06-16,0.0665,0.066
1986-06-17,0.0665,0.067
1986-06-18,0.067,0.0665
1986-06-19,0.0665,0.066
1986-06-20,0.066,0.0663
1986-06-23,0.0663,0.067
1986-06-24,0.067,0.0665
1986-06-25,0.0665,0.0655
1986-06-26,0.0655,0.0633
1986-06-27,0.0633,0.0628
1986-06-30,0.0628,0.0649
1986-07-01,0.0649,0.0649
1986-07-02,0.0649,0.0649
1986-07-03,0.0655,0.066
1986-07-07,0.066,0.0633
1986-07-08,0.0633,0.0618
1986-07-09,0.0618,0.0591
1986-07-10,0.0591,0.0575
1986-07-11,0.0575,0.0591
1986-07-14,0.0575,0.0583
1986-07-15,0.0583,0.0591
1986-07-16,0.0597,0.0612
1986-07-17,0.0612,0.0623
1986-07-18,0.0623,0.0628
1986-07-21,0.0628,0.0628
1986-07-22,0.0628,0.0649
1986-07-23,0.0649,0.0633
1986-07-24,0.0644,0.0655
1986-07-25,0.0655,0.066
1986-07-28,0.066,0.0644
1986-07-29,0.0644,0.0628
1986-07-30,0.0628,0.0607
1986-07-31,0.0607,0.0602
1986-08-01,0.0602,0.0597
1986-08-04,0.0597,0.0597
1986-08-05,0.0597,0.0591
1986-08-06,0.0591,0.0586
1986-08-07,0.0586,0.0581
1986-08-08,0.0581,0.0586
1986-08-11,0.0597,0.0607
1986-08-12,0.0607,0.0623
1986-08-13,0.0623,0.0628
1986-08-14,0.0628,0.0644
1986-08-15,0.0644,0.0647
1986-08-18,0.0647,0.0639
1986-08-19,0.0639,0.0639
1986-08-20,0.0639,0.0633
1986-08-21,0.0633,0.0633
1986-08-22,0.0633,0.0623
1986-08-25,0.0623,0.0623
1986-08-26,0.0623,0.0618
1986-08-27,0.0618,0.0618
1986-08-28,0.0618,0.0618
1986-08-29,0.0618,0.0602
1986-09-02,0.0602,0.0586
1986-09-03,0.0581,0.057
1986-09-04,0.0581,0.0618
1986-09-05,0.0618,0.0644
1986-09-08,0.0644,0.0639
1986-09-09,0.0639,0.0649
1986-09-10,0.0649,0.0639
1986-09-11,0.0639,0.0612
1986-09-12,0.0612,0.0597
1986-09-15,0.0597,0.0607
1986-09-16,0.0607,0.0607
1986-09-17,0.0607,0.0623
1986-09-18,0.0623,0.0628
1986-09-19,0.0628,0.0628
1986-09-22,0.0628,0.0623
1986-09-23,0.0623,0.0633
1986-09-24,0.0633,0.0626
1986-09-25,0.0626,0.0612
1986-09-26,0.0612,0.0612
1986-09-29,0.0612,0.0597
1986-09-30,0.0597,0.0597
1986-10-01,0.0597,0.0591
1986-10-02,0.0591,0.0591
1986-10-03,0.0591,0.0597
1986-10-06,0.0612,0.0644
1986-10-07,0.0644,0.0657
1986-10-08,0.0657,0.0676
1986-10-09,0.0676,0.0697
1986-10-10,0.0697,0.0729
1986-10-13,0.0729,0.0697
1986-10-14,0.0702,0.0707
1986-10-15,0.0707,0.0739
1986-10-16,0.0739,0.0739
1986-10-17,0.0739,0.076
1986-10-20,0.076,0.0765
1986-10-21,0.0771,0.0797
1986-10-22,0.0797,0.0797
1986-10-23,0.0797,0.0797
1986-10-24,0.0797,0.0792
1986-10-27,0.0797,0.0818
1986-10-28,0.0818,0.0837
1986-10-29,0.0837,0.0813
1986-10-30,0.0813,0.0829
1986-10-31,0.0829,0.0818
1986-11-03,0.0824,0.0834
1986-11-04,0.0834,0.0866
1986-11-05,0.0866,0.0919
1986-11-06,0.0919,0.094
1986-11-07,0.094,0.0934
1986-11-10,0.0934,0.0897
1986-11-11,0.0903,0.0903
1986-11-12,0.0903,0.0903
1986-11-13,0.0903,0.089
1986-11-14,0.089,0.0897
1986-11-17,0.0897,0.0903
1986-11-18,0.0903,0.0855
1986-11-19,0.0855,0.0887
1986-11-20,0.0887,0.0956
1986-11-21,0.0961,0.0987
1986-11-24,0.0987,0.1066
1986-11-25,0.1066,0.1077
1986-11-26,0.1077,0.1066
1986-11-28,0.1066,0.1051
1986-12-01,0.1051,0.1029
1986-12-02,0.1035,0.1035
1986-12-03,0.1035,0.1027
1986-12-04,0.1027,0.104
1986-12-05,0.104,0.1035
1986-12-08,0.1035,0.1024
1986-12-09,0.1024,0.1019
1986-12-10,0.1019,0.1027
1986-12-11,0.1027,0.1035
1986-12-12,0.1035,0.0998
1986-12-15,0.0998,0.0971
1986-12-16,0.0977,0.0982
1986-12-17,0.0982,0.0992
1986-12-18,0.0992,0.1
1986-12-19,0.1003,0.1024
1986-12-22,0.1024,0.1035
1986-12-23,0.1035,0.1045
1986-12-24,0.1045,0.1043
1986-12-26,0.1043,0.104
1986-12-29,0.104,0.0998
1986-12-30,0.0998,0.1008
1986-12-31,0.1008,0.1019
1987-01-02,0.1019,0.1008
1987-01-05,0.1008,0.1066
1987-01-06,0.1066,0.1082
1987-01-07,0.1082,0.114
1987-01-08,0.1146,0.1177
1987-01-09,0.1177,0.1225
1987-01-12,0.1225,0.1304
1987-01-13,0.1293,0.1267
1987-01-14,0.1267,0.1267
1987-01-15,0.1267,0.1336
1987-01-16,0.1336,0.1304
1987-01-19,0.1304,0.1351
1987-01-20,0.1351,0.1373
1987-01-21,0.1373,0.1431
1987-01-22,0.1431,0.1573
1987-01-23,0.1573,0.1425
1987-01-26,0.1436,0.1452
1987-01-27,0.1452,0.151
1987-01-28,0.151,0.1515
1987-01-29,0.1515,0.1452
1987-01-30,0.1452,0.1544
1987-02-02,0.1544,0.1541
1987-02-03,0.1541,0.1515
1987-02-04,0.1515,0.152
1987-02-05,0.152,0.151
1987-02-06,0.151,0.1454
1987-02-09,0.1452,0.1441
1987-02-10,0.1441,0.1446
1987-02-11,0.1452,0.1515
1987-02-12,0.1515,0.1621
1987-02-13,0.1621,0.1605
1987-02-17,0.1605,0.1615
1987-02-18,0.1615,0.1515
1987-02-19,0.151,0.1452
1987-02-20,0.1452,0.1436
1987-02-23,0.1436,0.1526
1987-02-24,0.1526,0.16
1987-02-25,0.16,0.1573
1987-02-26,0.1573,0.1631
1987-02-27,0.1631,0.1621
1987-03-02,0.1621,0.1573
1987-03-03,0.1573,0.1573
1987-03-04,0.1573,0.1684
1987-03-05,0.1684,0.1763
1987-03-06,0.1763,0.1758
1987-03-09,0.1758,0.1726
1987-03-10,0.1726,0.1779
1987-03-11,0.1805,0.1805
1987-03-12,0.1805,0.1813
1987-03-13,0.1813,0.1747
1987-03-16,0.1742,0.1737
1987-03-17,0.1737,0.1795
1987-03-18,0.1805,0.189
1987-03-19,0.189,0.1927
1987-03-20,0.1927,0.1906
1987-03-23,0.1906,0.1893
1987-03-24,0.1848,0.1906
1987-03-25,0.1906,0.1898
1987-03-26,0.1898,0.1885
1987-03-27,0.1895,0.1937
1987-03-30,0.1937,0.2043
1987-03-31,0.2017,0.2043
1987-04-01,0.2043,0.1922
1987-04-02,0.1953,0.2006
1987-04-03,0.2006,0.2106
1987-04-06,0.2106,0.2096
1987-04-07,0.2096,0.1985
1987-04-08,0.1985,0.2043
1987-04-09,0.2043,0.2006
1987-04-10,0.2006,0.2019
1987-04-13,0.2017,0.1953
1987-04-14,0.1953,0.1985
1987-04-15,0.2001,0.2027
1987-04-16,0.2027,0.208
1987-04-20,0.208,0.2022
1987-04-21,0.2022,0.2054
1987-04-22,0.2054,0.208
1987-04-23,0.208,0.208
1987-04-24,0.208,0.2091
1987-04-27,0.2091,0.2091
1987-04-28,0.2091,0.2244
1987-04-29,0.2244,0.218
1987-04-30,0.218,0.2196
1987-05-01,0.2196,0.2217
1987-05-04,0.2217,0.2259
1987-05-05,0.2265,0.2444
1987-05-06,0.2444,0.2386
1987-05-07,0.2386,0.2497
1987-05-08,0.2502,0.2671
1987-05-11,0.2671,0.2597
1987-05-12,0.2597,0.2508
1987-05-13,0.2523,0.2571
1987-05-14,0.2571,0.2592
1987-05-15,0.2587,0.2518
1987-05-18,0.2518,0.2434
1987-05-19,0.2434,0.2349
1987-05-20,0.2339,0.2312
1987-05-21,0.2318,0.2354
1987-05-22,0.2354,0.2286
1987-05-26,0.2286,0.2312
1987-05-27,0.2312,0.2312
1987-05-28,0.2312,0.2455
1987-05-29,0.2455,0.2434
1987-06-01,0.2434,0.2386
1987-06-02,0.2386,0.2376
1987-06-03,0.2386,0.2391
1987-06-04,0.2391,0.2376
1987-06-05,0.2376,0.2307
1987-06-08,0.2307,0.2318
1987-06-09,0.2318,0.2302
1987-06-10,0.2302,0.2186
1987-06-11,0.2222,0.2059
1987-06-12,0.2059,0.2075
1987-06-15,0.2075,0.2075
1987-06-16,0.2075,0.2117
1987-06-17,0.2127,0.2191
1987-06-18,0.2186,0.2215
1987-06-19,0.2222,0.2207
1987-06-22,0.2217,0.2191
1987-06-23,0.2191,0.217
1987-06-24,0.218,0.2212
1987-06-25,0.2207,0.2207
1987-06-26,0.2212,0.2212
1987-06-29,0.2212,0.2201
1987-06-30,0.2207,0.2154
1987-07-01,0.2149,0.2164
1987-07-02,0.217,0.2112
1987-07-06,0.2106,0.2059
1987-07-07,0.2054,0.1906
1987-07-08,0.1922,0.1969
1987-07-09,0.198,0.2022
1987-07-10,0.2011,0.2048
1987-07-13,0.2048,0.2096
1987-07-14,0.2112,0.2217
1987-07-15,0.2217,0.2159
1987-07-16,0.2164,0.2154
1987-07-17,0.2154,0.2159
1987-07-20,0.2154,0.2101
1987-07-21,0.2101,0.2096
1987-07-22,0.2096,0.2112
1987-07-23,0.2112,0.2064
1987-07-24,0.2069,0.208
1987-07-27,0.208,0.2106
1987-07-28,0.2117,0.2101
1987-07-29,0.2101,0.2096
1987-07-30,0.2096,0.2048
1987-07-31,0.2038,0.1985
1987-08-03,0.1985,0.1937
1987-08-04,0.1937,0.198
1987-08-05,0.1985,0.2054
1987-08-06,0.2059,0.2133
1987-08-07,0.2133,0.2186
1987-08-10,0.2191,0.2186
1987-08-11,0.2196,0.2143
1987-08-12,0.2143,0.2112
1987-08-13,0.2112,0.2175
1987-08-14,0.2175,0.2186
1987-08-17,0.2186,0.2201
1987-08-18,0.2186,0.2164
1987-08-19,0.2164,0.2164
1987-08-20,0.2164,0.2222
1987-08-21,0.2217,0.2259
1987-08-24,0.2259,0.236
1987-08-25,0.2381,0.2423
1987-08-26,0.2423,0.2439
1987-08-27,0.2439,0.2444
1987-08-28,0.2449,0.2539
1987-08-31,0.2529,0.2508
1987-09-01,0.2492,0.2397
1987-09-02,0.2376,0.2428
1987-09-03,0.2455,0.2434
1987-09-04,0.2434,0.2365
1987-09-08,0.236,0.2354
1987-09-09,0.2365,0.2381
1987-09-10,0.2391,0.2418
1987-09-11,0.2418,0.2455
1987-09-14,0.246,0.2518
1987-09-15,0.2523,0.2489
1987-09-16,0.2492,0.2465
1987-09-17,0.2471,0.2449
1987-09-18,0.2449,0.2428
1987-09-21,0.2259,0.2259
1987-09-22,0.2259,0.2418
1987-09-23,0.2439,0.2545
1987-09-24,0.2534,0.2587
1987-09-25,0.2597,0.2618
1987-09-28,0.2618,0.2703
1987-09-29,0.2724,0.2713
1987-09-30,0.2703,0.2798
1987-10-01,0.2798,0.2893
1987-10-02,0.2914,0.3062
1987-10-05,0.3104,0.3336
1987-10-06,0.3336,0.3115
1987-10-07,0.3125,0.3083
1987-10-08,0.3094,0.3041
1987-10-09,0.3051,0.303
1987-10-12,0.3041,0.302
1987-10-13,0.3051,0.3094
1987-10-14,0.3094,0.3009
1987-10-15,0.2977,0.2977
1987-10-16,0.2977,0.2735
1987-10-19,0.2597,0.1911
1987-10-20,0.1943,0.2027
1987-10-21,0.2186,0.2391
1987-10-22,0.2397,0.2249
1987-10-23,0.2217,0.2038
1987-10-26,0.1964,0.1658
1987-10-27,0.1721,0.1742
1987-10-28,0.1689,0.1742
1987-10-29,0.1742,0.2017
1987-10-30,0.2101,0.2101
1987-11-02,0.208,0.2122
1987-11-03,0.208,0.2027
1987-11-04,0.1985,0.2059
1987-11-05,0.2069,0.2133
1987-11-06,0.2122,0.2006
1987-11-09,0.1974,0.1985
1987-11-10,0.1964,0.1985
1987-11-11,0.2006,0.2069
1987-11-12,0.2143,0.2112
1987-11-13,0.2112,0.2038
1987-11-16,0.2059,0.2017
1987-11-17,0.1974,0.1974
1987-11-18,0.2006,0.2027
1987-11-19,0.2038,0.1953
1987-11-20,0.1922,0.2006
1987-11-23,0.1995,0.2017
1987-11-24,0.2048,0.2006
1987-11-25,0.2006,0.1943
1987-11-27,0.1943,0.1911
1987-11-30,0.1869,0.189
1987-12-01,0.1879,0.1848
1987-12-02,0.1837,0.1858
1987-12-03,0.1869,0.1705
1987-12-04,0.17,0.1774
1987-12-07,0.1816,0.1827
1987-12-08,0.1827,0.2006
1987-12-09,0.1995,0.1953
1987-12-10,0.1922,0.2006
1987-12-11,0.2017,0.2027
1987-12-14,0.2027,0.2143
1987-12-15,0.2164,0.2164
1987-12-16,0.2133,0.2291
1987-12-17,0.2312,0.2196
1987-12-18,0.2217,0.2196
1987-12-21,0.2217,0.2175
1987-12-22,0.2175,0.2217
1987-12-23,0.2249,0.2249
1987-12-24,0.2249,0.2249
1987-12-28,0.2238,0.2164
1987-12-29,0.2164,0.2302
1987-12-30,0.2302,0.2354
1987-12-31,0.2333,0.2291
1988-01-04,0.2312,0.2365
1988-01-05,0.2418,0.2407
1988-01-06,0.2418,0.2471
1988-01-07,0.2449,0.2555
1988-01-08,0.2545,0.2365
1988-01-11,0.2354,0.2444
1988-01-12,0.2449,0.2397
1988-01-13,0.2365,0.2397
1988-01-14,0.2418,0.2376
1988-01-15,0.2492,0.2439
1988-01-18,0.2449,0.2418
1988-01-19,0.2365,0.2418
1988-01-20,0.2397,0.2281
1988-01-21,0.2291,0.2323
1988-01-22,0.2349,0.2275
1988-01-25,0.2291,0.2354
1988-01-26,0.2323,0.2302
1988-01-27,0.2312,0.2354
1988-01-28,0.2365,0.2386
1988-01-29,0.2386,0.2354
1988-02-01,0.2397,0.2333
1988-02-02,0.2333,0.2354
1988-02-03,0.2354,0.2228
1988-02-04,0.2238,0.2154
1988-02-05,0.2196,0.2175
1988-02-08,0.2143,0.2186
1988-02-09,0.2207,0.2228
1988-02-10,0.2238,0.227
1988-02-11,0.2281,0.2312
1988-02-12,0.2312,0.2333
1988-02-16,0.2323,0.2428
1988-02-17,0.2449,0.2428
1988-02-18,0.2418,0.2449
1988-02-19,0.246,0.2481
1988-02-22,0.2481,0.2481
1988-02-23,0.2481,0.2513
1988-02-24,0.2513,0.2529
1988-02-25,0.2523,0.2455
1988-02-26,0.246,0.246
1988-02-29,0.2471,0.2508
1988-03-01,0.2523,0.2492
1988-03-02,0.2492,0.2513
1988-03-03,0.2534,0.2576
1988-03-04,0.2576,0.2566
1988-03-07,0.2576,0.2645
1988-03-08,0.2661,0.2698
1988-03-09,0.2682,0.2703
1988-03-10,0.2713,0.265
1988-03-11,0.264,0.264
1988-03-14,0.2629,0.2687
1988-03-15,0.2692,0.264
1988-03-16,0.265,0.2735
1988-03-17,0.2745,0.2698
1988-03-18,0.2692,0.246
1988-03-21,0.2471,0.2481
1988-03-22,0.2481,0.2545
1988-03-23,0.2608,0.2492
1988-03-24,0.2481,0.2386
1988-03-25,0.2397,0.237
1988-03-28,0.2344,0.2402
1988-03-29,0.2418,0.2386
1988-03-30,0.2397,0.2312
1988-03-31,0.2302,0.2386
1988-04-04,0.2365,0.2333
1988-04-05,0.2344,0.2365
1988-04-06,0.2365,0.2455
1988-04-07,0.246,0.2418
1988-04-08,0.2428,0.2449
1988-04-11,0.2471,0.2428
1988-04-12,0.2418,0.2354
1988-04-13,0.2365,0.2407
1988-04-14,0.2344,0.2238
1988-04-15,0.2249,0.2291
1988-04-18,0.2281,0.2312
1988-04-19,0.2312,0.2291
1988-04-20,0.2291,0.2302
1988-04-21,0.2323,0.2296
1988-04-22,0.2302,0.2333
1988-04-25,0.2333,0.2328
1988-04-26,0.2354,0.2354
1988-04-27,0.2354,0.2344
1988-04-28,0.2344,0.2339
1988-04-29,0.2323,0.2302
1988-05-02,0.2302,0.2323
1988-05-03,0.2333,0.2386
1988-05-04,0.2397,0.2413
1988-05-05,0.2397,0.2407
1988-05-06,0.2397,0.2418
1988-05-09,0.2418,0.2418
1988-05-10,0.2418,0.2407
1988-05-11,0.2386,0.2354
1988-05-12,0.2354,0.2365
1988-05-13,0.2386,0.2397
1988-05-16,0.2397,0.246
1988-05-17,0.2492,0.2449
1988-05-18,0.2449,0.2397
1988-05-19,0.2365,0.2407
1988-05-20,0.2418,0.2376
1988-05-23,0.2376,0.2323
1988-05-24,0.2323,0.2397
1988-05-25,0.2386,0.2354
1988-05-26,0.2365,0.237
1988-05-27,0.2376,0.2344
1988-05-31,0.2344,0.2449
1988-06-01,0.246,0.2502
1988-06-02,0.2513,0.2492
1988-06-03,0.2492,0.2513
1988-06-06,0.2513,0.2566
1988-06-07,0.2576,0.2576
1988-06-08,0.2566,0.2618
1988-06-09,0.2629,0.2608
1988-06-10,0.2608,0.2629
1988-06-13,0.264,0.2634
1988-06-14,0.2661,0.2661
1988-06-15,0.265,0.2703
1988-06-16,0.2671,0.2682
1988-06-17,0.2682,0.2661
1988-06-20,0.265,0.265
1988-06-21,0.264,0.2703
1988-06-22,0.2745,0.283
1988-06-23,0.283,0.2787
1988-06-24,0.2787,0.2756
1988-06-27,0.2756,0.2703
1988-06-28,0.2703,0.2777
1988-06-29,0.2787,0.2777
1988-06-30,0.2798,0.283
1988-07-01,0.283,0.2872
1988-07-05,0.2851,0.294
1988-07-06,0.2946,0.2903
1988-07-07,0.2882,0.2903
1988-07-08,0.2872,0.2893
1988-07-11,0.2903,0.2819
1988-07-12,0.283,0.2772
1988-07-13,0.2766,0.2819
1988-07-14,0.2819,0.283
1988-07-15,0.283,0.283
1988-07-18,0.284,0.2851
1988-07-19,0.284,0.2787
1988-07-20,0.2808,0.2703
1988-07-21,0.2692,0.2576
1988-07-22,0.2566,0.2608
1988-07-25,0.2618,0.2555
1988-07-26,0.2449,0.2449
1988-07-27,0.246,0.2434
1988-07-28,0.2428,0.246
1988-07-29,0.2471,0.2513
1988-08-01,0.2523,0.2471
1988-08-02,0.2471,0.2428
1988-08-03,0.2418,0.2376
1988-08-04,0.2376,0.2344
1988-08-05,0.2344,0.2259
1988-08-08,0.227,0.2249
1988-08-09,0.2238,0.2186
1988-08-10,0.2164,0.2133
1988-08-11,0.2154,0.2186
1988-08-12,0.2186,0.2196
1988-08-15,0.2196,0.2143
1988-08-16,0.2133,0.2217
1988-08-17,0.2217,0.2217
1988-08-18,0.2228,0.2228
1988-08-19,0.2228,0.2133
1988-08-22,0.2122,0.2027
1988-08-23,0.2038,0.2085
1988-08-24,0.2091,0.2175
1988-08-25,0.2122,0.2143
1988-08-26,0.2143,0.217
1988-08-29,0.2196,0.2201
1988-08-30,0.2196,0.2164
1988-08-31,0.2175,0.2112
1988-09-01,0.2091,0.2064
1988-09-02,0.2101,0.2175
1988-09-06,0.2175,0.2196
1988-09-07,0.2207,0.2186
1988-09-08,0.2175,0.2196
1988-09-09,0.2186,0.2281
1988-09-12,0.227,0.227
1988-09-13,0.2249,0.2281
1988-09-14,0.2318,0.2281
1988-09-15,0.2281,0.2207
1988-09-16,0.2207,0.2196
1988-09-19,0.2217,0.2186
1988-09-20,0.2196,0.2249
1988-09-21,0.2259,0.227
1988-09-22,0.2281,0.2302
1988-09-23,0.2302,0.227
1988-09-26,0.227,0.2212
1988-09-27,0.2196,0.2196
1988-09-28,0.2207,0.2238
1988-09-29,0.2228,0.2238
1988-09-30,0.2228,0.2207
1988-10-03,0.2164,0.217
1988-10-04,0.2175,0.2159
1988-10-05,0.2164,0.2122
1988-10-06,0.2122,0.2112
1988-10-07,0.2112,0.2101
1988-10-10,0.2112,0.208
1988-10-11,0.2101,0.2101
1988-10-12,0.2091,0.2138
1988-10-13,0.2127,0.2175
1988-10-14,0.2196,0.2164
1988-10-17,0.2164,0.2196
1988-10-18,0.2186,0.2217
1988-10-19,0.2259,0.2249
1988-10-20,0.2228,0.2259
1988-10-21,0.2238,0.2238
1988-10-24,0.2249,0.2196
1988-10-25,0.2196,0.2133
1988-10-26,0.2122,0.2101
1988-10-27,0.208,0.2091
1988-10-28,0.208,0.2091
1988-10-31,0.208,0.2069
1988-11-01,0.2069,0.2059
1988-11-02,0.2059,0.1995
1988-11-03,0.1995,0.1995
1988-11-04,0.1964,0.1964
1988-11-07,0.1964,0.1974
1988-11-08,0.1995,0.2054
1988-11-09,0.2027,0.2101
1988-11-10,0.2101,0.2069
1988-11-11,0.2048,0.2011
1988-11-14,0.2027,0.2048
1988-11-15,0.2048,0.1985
1988-11-16,0.199,0.1953
1988-11-17,0.1953,0.1943
1988-11-18,0.1953,0.1969
1988-11-21,0.1943,0.1943
1988-11-22,0.1943,0.1943
1988-11-23,0.1953,0.198
1988-11-25,0.1953,0.1959
1988-11-28,0.1953,0.1985
1988-11-29,0.1985,0.2006
1988-11-30,0.1995,0.1995
1988-12-01,0.2006,0.2069
1988-12-02,0.2048,0.2101
1988-12-05,0.2101,0.2091
1988-12-06,0.2091,0.2101
1988-12-07,0.2091,0.208
1988-12-08,0.208,0.2069
1988-12-09,0.2059,0.2069
1988-12-12,0.2059,0.2001
1988-12-13,0.1995,0.2017
1988-12-14,0.2017,0.2043
1988-12-15,0.2069,0.2069
1988-12-16,0.2059,0.2101
1988-12-19,0.2138,0.2143
1988-12-20,0.217,0.2164
1988-12-21,0.2175,0.2207
1988-12-22,0.2217,0.2196
1988-12-23,0.2186,0.2196
1988-12-27,0.2196,0.2186
1988-12-28,0.2196,0.2207
1988-12-29,0.2196,0.2249
1988-12-30,0.2259,0.2249
1989-01-03,0.2259,0.2265
1989-01-04,0.2259,0.2291
1989-01-05,0.2312,0.2254
1989-01-06,0.2259,0.2238
1989-01-09,0.2238,0.2217
1989-01-10,0.2207,0.2196
1989-01-11,0.2191,0.2217
1989-01-12,0.2207,0.2217
1989-01-13,0.2217,0.2238
1989-01-16,0.2249,0.2244
1989-01-17,0.2222,0.2175
1989-01-18,0.2186,0.2175
1989-01-19,0.2207,0.2259
1989-01-20,0.2259,0.2286
1989-01-23,0.2281,0.2238
1989-01-24,0.2238,0.2228
1989-01-25,0.2238,0.2238
1989-01-26,0.2222,0.2291
1989-01-27,0.2286,0.2339
1989-01-30,0.2344,0.2471
1989-01-31,0.2492,0.2518
1989-02-01,0.2513,0.2502
1989-02-02,0.2513,0.2571
1989-02-03,0.2555,0.2576
1989-02-06,0.2566,0.2555
1989-02-07,0.256,0.2624
1989-02-08,0.2618,0.264
1989-02-09,0.2618,0.2692
1989-02-10,0.2661,0.2613
1989-02-13,0.2597,0.2587
1989-02-14,0.2613,0.2545
1989-02-15,0.2555,0.2629
1989-02-16,0.264,0.265
1989-02-17,0.2661,0.264
1989-02-21,0.2629,0.2608
1989-02-22,0.2597,0.2534
1989-02-23,0.2545,0.255
1989-02-24,0.2545,0.2481
1989-02-27,0.2481,0.2523
1989-02-28,0.2534,0.2513
1989-03-01,0.2534,0.2502
1989-03-02,0.2502,0.2566
1989-03-03,0.2566,0.2608
1989-03-06,0.2608,0.2618
1989-03-07,0.2523,0.2259
1989-03-08,0.227,0.2217
1989-03-09,0.2228,0.2186
1989-03-10,0.2175,0.2186
1989-03-13,0.2196,0.2228
1989-03-14,0.2249,0.2228
1989-03-15,0.2228,0.2122
1989-03-16,0.2143,0.2164
1989-03-17,0.2122,0.1964
1989-03-20,0.1959,0.1964
1989-03-21,0.1974,0.2106
1989-03-22,0.2091,0.2069
1989-03-23,0.2059,0.2122
1989-03-27,0.2112,0.2101
1989-03-28,0.2122,0.2101
1989-03-29,0.2101,0.2091
1989-03-30,0.2101,0.2106
1989-03-31,0.2112,0.2106
1989-04-03,0.2112,0.2122
1989-04-04,0.2122,0.2112
1989-04-05,0.2112,0.2127
1989-04-06,0.2133,0.2164
1989-04-07,0.2164,0.2164
1989-04-10,0.2164,0.217
1989-04-11,0.2175,0.217
1989-04-12,0.2186,0.2032
1989-04-13,0.2017,0.2059
1989-04-14,0.208,0.2143
1989-04-17,0.2164,0.2175
1989-04-18,0.2217,0.2249
1989-04-19,0.2323,0.2318
1989-04-20,0.2323,0.2365
1989-04-21,0.2365,0.2333
1989-04-24,0.2323,0.2328
1989-04-25,0.2344,0.2312
1989-04-26,0.2323,0.2281
1989-04-27,0.2281,0.2312
1989-04-28,0.2312,0.236
1989-05-01,0.2339,0.2307
1989-05-02,0.2312,0.2281
1989-05-03,0.2281,0.2281
1989-05-04,0.2291,0.2217
1989-05-05,0.2249,0.2196
1989-05-08,0.2196,0.2175
1989-05-09,0.2186,0.2238
1989-05-10,0.2259,0.2281
1989-05-11,0.2291,0.2281
1989-05-12,0.2307,0.2291
1989-05-15,0.2286,0.2312
1989-05-16,0.2312,0.2376
1989-05-17,0.2381,0.2423
1989-05-18,0.2418,0.246
1989-05-19,0.2455,0.246
1989-05-22,0.246,0.2502
1989-05-23,0.246,0.2391
1989-05-24,0.237,0.2428
1989-05-25,0.2428,0.2428
1989-05-26,0.2449,0.2486
1989-05-30,0.2492,0.2492
1989-05-31,0.2492,0.2555
1989-06-01,0.2545,0.2534
1989-06-02,0.2539,0.246
1989-06-05,0.2471,0.2397
1989-06-06,0.2397,0.2471
1989-06-07,0.2481,0.2523
1989-06-08,0.2523,0.2523
1989-06-09,0.2523,0.2523
1989-06-12,0.2523,0.2492
1989-06-13,0.2465,0.2418
1989-06-14,0.2439,0.2439
1989-06-15,0.2439,0.2397
1989-06-16,0.2391,0.2397
1989-06-19,0.2407,0.2386
1989-06-20,0.2386,0.2302
1989-06-21,0.2249,0.2323
1989-06-22,0.2333,0.2344
1989-06-23,0.2344,0.2339
1989-06-26,0.2333,0.2312
1989-06-27,0.2312,0.2275
1989-06-28,0.2281,0.2228
1989-06-29,0.2233,0.2196
1989-06-30,0.2196,0.2238
1989-07-03,0.2244,0.2281
1989-07-05,0.2302,0.2333
1989-07-06,0.2354,0.2228
1989-07-07,0.2228,0.2259
1989-07-10,0.227,0.2318
1989-07-11,0.2318,0.2259
1989-07-12,0.2238,0.2249
1989-07-13,0.2244,0.2238
1989-07-14,0.2249,0.2228
1989-07-17,0.2228,0.2249
1989-07-18,0.2249,0.2259
1989-07-19,0.2281,0.2286
1989-07-20,0.2291,0.2259
1989-07-21,0.2238,0.2333
1989-07-24,0.2312,0.2333
1989-07-25,0.2323,0.2196
1989-07-26,0.2228,0.2228
1989-07-27,0.2265,0.227
1989-07-28,0.2281,0.2291
1989-07-31,0.2281,0.2312
1989-08-01,0.2312,0.2291
1989-08-02,0.2281,0.2291
1989-08-03,0.2296,0.2323
1989-08-04,0.2312,0.2407
1989-08-07,0.2439,0.2439
1989-08-08,0.2428,0.2492
1989-08-09,0.2486,0.2481
1989-08-10,0.2492,0.2471
1989-08-11,0.2492,0.2439
1989-08-14,0.2439,0.2407
1989-08-15,0.2407,0.2428
1989-08-16,0.2439,0.236
1989-08-17,0.2354,0.2386
1989-08-18,0.2386,0.2428
1989-08-21,0.2428,0.237
1989-08-22,0.2365,0.2465
1989-08-23,0.2476,0.2502
1989-08-24,0.2529,0.2492
1989-08-25,0.2481,0.2486
1989-08-28,0.2481,0.2497
1989-08-29,0.2529,0.2471
1989-08-30,0.2481,0.2502
1989-08-31,0.2513,0.2481
1989-09-01,0.2492,0.2529
1989-09-05,0.2523,0.2534
1989-09-06,0.2523,0.2502
1989-09-07,0.2492,0.246
1989-09-08,0.2449,0.2492
1989-09-11,0.2481,0.2508
1989-09-12,0.2513,0.2545
1989-09-13,0.2576,0.2629
1989-09-14,0.265,0.2692
1989-09-15,0.2703,0.265
1989-09-18,0.264,0.2682
1989-09-19,0.2692,0.264
1989-09-20,0.265,0.2745
1989-09-21,0.2777,0.2766
1989-09-22,0.2766,0.2787
1989-09-25,0.2787,0.283
1989-09-26,0.283,0.284
1989-09-27,0.2798,0.2814
1989-09-28,0.2808,0.2872
1989-09-29,0.2872,0.2893
1989-10-02,0.2882,0.294
1989-10-03,0.2977,0.2914
1989-10-04,0.2914,0.3189
1989-10-05,0.3189,0.3347
1989-10-06,0.3363,0.3368
1989-10-09,0.3357,0.3453
1989-10-10,0.3484,0.3431
1989-10-11,0.3389,0.3379
1989-10-12,0.3379,0.3315
1989-10-13,0.3284,0.3104
1989-10-16,0.2988,0.3199
1989-10-17,0.3178,0.3321
1989-10-18,0.3331,0.34
1989-10-19,0.3421,0.3558
1989-10-20,0.3548,0.36
1989-10-23,0.3579,0.3511
1989-10-24,0.3484,0.3416
1989-10-25,0.3442,0.3368
1989-10-26,0.3326,0.3284
1989-10-27,0.3284,0.3252
1989-10-30,0.3294,0.3363
1989-10-31,0.3389,0.3453
1989-11-01,0.3453,0.3468
1989-11-02,0.3416,0.322
1989-11-03,0.3231,0.3305
1989-11-06,0.3305,0.3262
1989-11-07,0.3273,0.3421
1989-11-08,0.3468,0.3516
1989-11-09,0.3548,0.3537
1989-11-10,0.3548,0.3569
1989-11-13,0.3569,0.3722
1989-11-14,0.3748,0.3653
1989-11-15,0.3664,0.3738
1989-11-16,0.3759,0.3695
1989-11-17,0.3701,0.3669
1989-11-20,0.3664,0.3653
1989-11-21,0.3653,0.3722
1989-11-22,0.3727,0.3727
1989-11-24,0.3753,0.3701
1989-11-27,0.3695,0.3664
1989-11-28,0.3674,0.3674
1989-11-29,0.3695,0.3611
1989-11-30,0.3548,0.3674
1989-12-01,0.368,0.359
1989-12-04,0.359,0.3643
1989-12-05,0.3664,0.3664
1989-12-06,0.3653,0.36
1989-12-07,0.3548,0.3611
1989-12-08,0.3611,0.3579
1989-12-11,0.3579,0.3505
1989-12-12,0.3537,0.3484
1989-12-13,0.341,0.3379
1989-12-14,0.3336,0.3294
1989-12-15,0.3305,0.3252
1989-12-18,0.3262,0.3305
1989-12-19,0.3305,0.3394
1989-12-20,0.3431,0.3495
1989-12-21,0.3495,0.3526
1989-12-22,0.3526,0.3621
1989-12-26,0.3627,0.3611
1989-12-27,0.3632,0.3643
1989-12-28,0.3526,0.36
1989-12-29,0.3611,0.3674
1990-01-02,0.3685,0.3748
1990-01-03,0.378,0.3769
1990-01-04,0.3769,0.388
1990-01-05,0.3864,0.3785
1990-01-08,0.378,0.3843
1990-01-09,0.3843,0.3833
1990-01-10,0.3801,0.3727
1990-01-11,0.3748,0.3653
1990-01-12,0.3595,0.3637
1990-01-15,0.3621,0.3637
1990-01-16,0.3611,0.3748
1990-01-17,0.3716,0.3695
1990-01-18,0.3785,0.4012
1990-01-19,0.4023,0.3975
1990-01-22,0.397,0.3833
1990-01-23,0.3843,0.379
1990-01-24,0.3716,0.3833
1990-01-25,0.3864,0.3833
1990-01-26,0.3822,0.3833
1990-01-29,0.3864,0.3864
1990-01-30,0.3875,0.3854
1990-01-31,0.3885,0.3907
1990-02-01,0.3907,0.3959
1990-02-02,0.3928,0.3959
1990-02-05,0.3954,0.398
1990-02-06,0.397,0.397
1990-02-07,0.3949,0.3938
1990-02-08,0.3954,0.398
1990-02-09,0.398,0.3991
1990-02-12,0.3991,0.4002
1990-02-13,0.4012,0.4002
1990-02-14,0.4023,0.4012
1990-02-15,0.4012,0.4097
1990-02-16,0.4149,0.4139
1990-02-20,0.4128,0.4234
1990-02-21,0.417,0.406
1990-02-22,0.4086,0.407
1990-02-23,0.4044,0.4118
1990-02-26,0.4118,0.4192
1990-02-27,0.4202,0.4139
1990-02-28,0.4139,0.417
1990-03-01,0.416,0.4223
1990-03-02,0.4234,0.4382
1990-03-05,0.4371,0.4445
1990-03-06,0.4424,0.4413
1990-03-07,0.4424,0.4339
1990-03-08,0.435,0.4487
1990-03-09,0.4477,0.4498
1990-03-12,0.4487,0.4572
1990-03-13,0.4582,0.4487
1990-03-14,0.4529,0.4556
1990-03-15,0.4556,0.4688
1990-03-16,0.473,0.4815
1990-03-19,0.4804,0.492
1990-03-20,0.492,0.4772
1990-03-21,0.4767,0.4783
1990-03-22,0.4793,0.4698
1990-03-23,0.473,0.4656
1990-03-26,0.4667,0.4709
1990-03-27,0.4693,0.4751
1990-03-28,0.4741,0.4688
1990-03-29,0.4661,0.4667
1990-03-30,0.4646,0.4677
1990-04-02,0.4635,0.4709
1990-04-03,0.4762,0.4899
1990-04-04,0.4899,0.4941
1990-04-05,0.4936,0.4836
1990-04-06,0.4846,0.4825
1990-04-09,0.4804,0.4836
1990-04-10,0.4841,0.4983
1990-04-11,0.5005,0.511
1990-04-12,0.5142,0.51
1990-04-16,0.5152,0.5131
1990-04-17,0.5121,0.5237
1990-04-18,0.5205,0.5121
1990-04-19,0.5068,0.5026
1990-04-20,0.5068,0.5005
1990-04-23,0.4973,0.4983
1990-04-24,0.5047,0.4899
1990-04-25,0.492,0.4899
1990-04-26,0.4941,0.4846
1990-04-27,0.4825,0.4751
1990-04-30,0.4751,0.4899
1990-05-01,0.4962,0.4825
1990-05-02,0.4836,0.492
1990-05-03,0.4941,0.4983
1990-05-04,0.5026,0.5216
1990-05-07,0.5237,0.5406
1990-05-08,0.53,0.53
1990-05-09,0.5311,0.53
1990-05-10,0.5342,0.5448
1990-05-11,0.549,0.5532
1990-05-14,0.5596,0.5554
1990-05-15,0.5532,0.5469
1990-05-16,0.5448,0.5469
1990-05-17,0.5469,0.5469
1990-05-18,0.5459,0.5765
1990-05-21,0.5807,0.5934
1990-05-22,0.5997,0.6039
1990-05-23,0.6081,0.6409
1990-05-24,0.6483,0.6462
1990-05-25,0.6272,0.6272
1990-05-29,0.6272,0.6356
1990-05-30,0.643,0.6377
1990-05-31,0.6314,0.6166
1990-06-01,0.6187,0.6345
1990-06-04,0.6324,0.6462
1990-06-05,0.6525,0.6198
1990-06-06,0.6187,0.6166
1990-06-07,0.6187,0.6081
1990-06-08,0.6081,0.6208
1990-06-11,0.6166,0.6324
1990-06-12,0.6377,0.6409
1990-06-13,0.6409,0.6462
1990-06-14,0.6462,0.6377
1990-06-15,0.6293,0.6419
1990-06-18,0.6398,0.6324
1990-06-19,0.6314,0.6335
1990-06-20,0.6367,0.6557
1990-06-21,0.6546,0.6504
1990-06-22,0.6525,0.6398
1990-06-25,0.6388,0.6293
1990-06-26,0.6356,0.6314
1990-06-27,0.6314,0.644
1990-06-28,0.6472,0.6462
1990-06-29,0.6462,0.6419
1990-07-02,0.6419,0.6229
1990-07-03,0.6198,0.6081
1990-07-05,0.6039,0.6103
1990-07-06,0.6092,0.6187
1990-07-09,0.6208,0.6272
1990-07-10,0.6272,0.6229
1990-07-11,0.625,0.6377
1990-07-12,0.6356,0.6546
1990-07-13,0.6567,0.662
1990-07-16,0.6652,0.6694
1990-07-17,0.6704,0.6567
1990-07-18,0.6525,0.6419
1990-07-19,0.6367,0.6483
1990-07-20,0.6504,0.6187
1990-07-23,0.6187,0.6081
1990-07-24,0.6124,0.587
1990-07-25,0.5913,0.6039
1990-07-26,0.6018,0.5807
1990-07-27,0.5786,0.5828
1990-07-30,0.5786,0.5744
1990-07-31,0.5765,0.5617
1990-08-01,0.5596,0.5638
1990-08-02,0.5532,0.5575
1990-08-03,0.5532,0.5342
1990-08-06,0.5195,0.511
1990-08-07,0.5173,0.5173
1990-08-08,0.5279,0.5364
1990-08-09,0.5406,0.5501
1990-08-10,0.5501,0.5448
1990-08-13,0.5385,0.549
1990-08-14,0.5511,0.5427
1990-08-15,0.5469,0.5427
1990-08-16,0.5406,0.5216
1990-08-17,0.5152,0.5089
1990-08-20,0.5089,0.4688
1990-08-21,0.4582,0.4582
1990-08-22,0.4646,0.454
1990-08-23,0.4434,0.4371
1990-08-24,0.4413,0.4836
1990-08-27,0.4983,0.5131
1990-08-28,0.5089,0.5311
1990-08-29,0.5279,0.511
1990-08-30,0.5131,0.5068
1990-08-31,0.5068,0.5195
1990-09-04,0.5152,0.5258
1990-09-05,0.5279,0.4983
1990-09-06,0.4899,0.4857
1990-09-07,0.4815,0.4878
1990-09-10,0.4962,0.4709
1990-09-11,0.473,0.4688
1990-09-12,0.4751,0.4846
1990-09-13,0.4899,0.4857
1990-09-14,0.4815,0.5047
1990-09-17,0.5026,0.5131
1990-09-18,0.5121,0.5216
1990-09-19,0.5321,0.5237
1990-09-20,0.5195,0.5047
1990-09-21,0.5047,0.511
1990-09-24,0.5026,0.4941
1990-09-25,0.5036,0.51
1990-09-26,0.511,0.5089
1990-09-27,0.5152,0.5005
1990-09-28,0.492,0.5321
1990-10-01,0.5469,0.567
1990-10-02,0.5765,0.5564
1990-10-03,0.5532,0.5554
1990-10-04,0.5511,0.5416
1990-10-05,0.5321,0.5469
1990-10-08,0.5575,0.5575
1990-10-09,0.5511,0.5321
1990-10-10,0.5237,0.5026
1990-10-11,0.5047,0.4899
1990-10-12,0.4941,0.4815
1990-10-15,0.4878,0.4772
1990-10-16,0.4793,0.4614
1990-10-17,0.4624,0.4772
1990-10-18,0.4815,0.5163
1990-10-19,0.5237,0.5237
1990-10-22,0.5237,0.5406
1990-10-23,0.5385,0.5427
1990-10-24,0.5364,0.5522
1990-10-25,0.5532,0.5469
1990-10-26,0.5385,0.5353
1990-10-29,0.5385,0.5279
1990-10-30,0.5279,0.5395
1990-10-31,0.5448,0.5385
1990-11-01,0.5321,0.5364
1990-11-02,0.5364,0.549
1990-11-05,0.5511,0.5543
1990-11-06,0.5554,0.5427
1990-11-07,0.5385,0.5385
1990-11-08,0.5364,0.5364
1990-11-09,0.5469,0.5469
1990-11-12,0.5575,0.5818
1990-11-13,0.5807,0.5796
1990-11-14,0.5786,0.587
1990-11-15,0.5828,0.5733
1990-11-16,0.5701,0.5744
1990-11-19,0.5744,0.587
1990-11-20,0.5849,0.5765
1990-11-21,0.5744,0.5807
1990-11-23,0.5849,0.5807
1990-11-26,0.5786,0.5934
1990-11-27,0.5955,0.6071
1990-11-28,0.6103,0.5944
1990-11-29,0.5934,0.6018
1990-11-30,0.6018,0.6103
1990-12-03,0.6187,0.624
1990-12-04,0.6208,0.6293
1990-12-05,0.6293,0.6356
1990-12-06,0.644,0.6314
1990-12-07,0.6272,0.6272
1990-12-10,0.6187,0.625
1990-12-11,0.6187,0.6092
1990-12-12,0.606,0.6124
1990-12-13,0.6166,0.6145
1990-12-14,0.6166,0.6219
1990-12-17,0.6166,0.625
1990-12-18,0.6293,0.6356
1990-12-19,0.6367,0.6324
1990-12-20,0.6272,0.6377
1990-12-21,0.6398,0.6398
1990-12-24,0.6377,0.6356
1990-12-26,0.6356,0.6335
1990-12-27,0.6335,0.6314
1990-12-28,0.6293,0.6335
1990-12-31,0.6335,0.6356
1991-01-02,0.6335,0.6314
1991-01-03,0.6314,0.6356
1991-01-04,0.6335,0.6409
1991-01-07,0.6356,0.6324
1991-01-08,0.6314,0.6208
1991-01-09,0.625,0.625
1991-01-10,0.6272,0.6609
1991-01-11,0.6631,0.6588
1991-01-14,0.6525,0.6483
1991-01-15,0.6483,0.662
1991-01-16,0.663,0.6947
1991-01-17,0.7264,0.7095
1991-01-18,0.6968,0.7201
1991-01-21,0.7148,0.756
1991-01-22,0.757,0.7507
1991-01-23,0.7454,0.7517
1991-01-24,0.7538,0.7644
1991-01-25,0.7665,0.756
1991-01-28,0.7517,0.7792
1991-01-29,0.7792,0.7813
1991-01-30,0.7813,0.813
1991-01-31,0.8151,0.8288
1991-02-01,0.8362,0.8425
1991-02-04,0.8446,0.8373
1991-02-05,0.8383,0.8552
1991-02-06,0.8531,0.8932
1991-02-07,0.8974,0.87
1991-02-08,0.87,0.8784
1991-02-11,0.8795,0.8805
1991-02-12,0.8721,0.8721
1991-02-13,0.8658,0.8911
1991-02-14,0.889,0.851
1991-02-15,0.8573,0.8721
1991-02-19,0.8637,0.8658
1991-02-20,0.8594,0.8679
1991-02-21,0.87,0.8446
1991-02-22,0.8425,0.8637
1991-02-25,0.8721,0.87
1991-02-26,0.8573,0.8594
1991-02-27,0.8637,0.889
1991-02-28,0.8953,0.8763
1991-03-01,0.87,0.8932
1991-03-04,0.8932,0.9038
1991-03-05,0.9059,0.9418
1991-03-06,0.9502,0.9059
1991-03-07,0.8805,0.8784
1991-03-08,0.8827,0.8658
1991-03-11,0.8594,0.8383
1991-03-12,0.8299,0.8088
1991-03-13,0.8109,0.8489
1991-03-14,0.8573,0.8278
1991-03-15,0.8299,0.8161
1991-03-18,0.813,0.8383
1991-03-19,0.8299,0.8362
1991-03-20,0.8362,0.8362
1991-03-21,0.8404,0.8003
1991-03-22,0.7982,0.7919
1991-03-25,0.794,0.8299
1991-03-26,0.8341,0.8879
1991-03-27,0.8869,0.9101
1991-03-28,0.9059,0.8964
1991-04-01,0.8953,0.9017
1991-04-02,0.908,0.9481
1991-04-03,0.9523,0.9608
1991-04-04,0.9629,0.9608
1991-04-05,0.9629,0.9291
1991-04-08,0.9291,0.9407
1991-04-09,0.9418,0.9312
1991-04-10,0.927,0.908
1991-04-11,0.9164,0.9376
1991-04-12,0.9249,0.9059
1991-04-15,0.8953,0.9608
1991-04-16,0.9608,0.9481
1991-04-17,0.9629,0.9418
1991-04-18,0.9397,0.9291
1991-04-19,0.8974,0.9059
1991-04-22,0.8953,0.8626
1991-04-23,0.8637,0.8584
1991-04-24,0.8573,0.87
1991-04-25,0.8658,0.851
1991-04-26,0.8468,0.851
1991-04-29,0.8552,0.8256
1991-04-30,0.8256,0.8362
1991-05-01,0.832,0.851
1991-05-02,0.8552,0.8489
1991-05-03,0.8489,0.8552
1991-05-06,0.8489,0.8679
1991-05-07,0.8721,0.8552
1991-05-08,0.8531,0.87
1991-05-09,0.8721,0.8932
1991-05-10,0.8974,0.8679
1991-05-13,0.8721,0.871
1991-05-14,0.8668,0.8552
1991-05-15,0.8468,0.8278
1991-05-16,0.8383,0.8394
1991-05-17,0.8362,0.8383
1991-05-20,0.8404,0.8373
1991-05-21,0.8425,0.8615
1991-05-22,0.8679,0.9017
1991-05-23,0.9038,0.9249
1991-05-24,0.9291,0.9291
1991-05-28,0.9333,0.9354
1991-05-29,0.9397,0.9312
1991-05-30,0.9302,0.9312
1991-05-31,0.9333,0.927
1991-06-03,0.9249,0.946
1991-06-04,0.946,0.9545
1991-06-05,0.9502,0.946
1991-06-06,0.9523,0.9386
1991-06-07,0.927,0.9312
1991-06-10,0.9312,0.9333
1991-06-11,0.9376,0.9344
1991-06-12,0.9354,0.9386
1991-06-13,0.9376,0.9376
1991-06-14,0.9397,0.9587
1991-06-17,0.9608,0.9587
1991-06-18,0.9566,0.9418
1991-06-19,0.927,0.8732
1991-06-20,0.8531,0.851
1991-06-21,0.8552,0.8637
1991-06-24,0.8531,0.8288
1991-06-25,0.8383,0.8341
1991-06-26,0.8362,0.851
1991-06-27,0.8584,0.8615
1991-06-28,0.8584,0.8631
1991-07-01,0.871,0.9043
1991-07-02,0.9027,0.8631
1991-07-03,0.8172,0.8109
1991-07-05,0.8077,0.7824
1991-07-08,0.7697,0.8489
1991-07-09,0.8552,0.86
1991-07-10,0.8647,0.8267
1991-07-11,0.833,0.8394
1991-07-12,0.8489,0.8615
1991-07-15,0.871,0.8853
1991-07-16,0.8869,0.8552
1991-07-17,0.833,0.8584
1991-07-18,0.8615,0.8489
1991-07-19,0.8552,0.8584
1991-07-22,0.8457,0.8552
1991-07-23,0.8615,0.8425
1991-07-24,0.8489,0.8299
1991-07-25,0.8489,0.8362
1991-07-26,0.8489,0.8996
1991-07-29,0.8996,0.89
1991-07-30,0.8932,0.9217
1991-07-31,0.9249,0.9312
1991-08-01,0.9344,0.9281
1991-08-02,0.9344,0.9281
1991-08-05,0.9281,0.9154
1991-08-06,0.9154,0.9439
1991-08-07,0.9471,0.9629
1991-08-08,0.9629,1.0009
1991-08-09,0.9977,1.0231
1991-08-12,1.0104,1.0516
1991-08-13,1.0611,1.0453
1991-08-14,1.0484,1.0453
1991-08-15,1.0453,1.0326
1991-08-16,1.0231,1.0358
1991-08-19,0.9819,1.0167
1991-08-20,1.0215,1.0199
1991-08-21,1.0389,1.0643
1991-08-22,1.0674,1.0643
1991-08-23,1.0643,1.0801
1991-08-26,1.0738,1.0801
1991-08-27,1.0738,1.0738
1991-08-28,1.0738,1.0848
1991-08-29,1.0896,1.0864
1991-08-30,1.0864,1.0801
1991-09-03,1.0769,1.0532
1991-09-04,1.0548,1.0468
1991-09-05,1.0516,1.0199
1991-09-06,1.0262,1.0231
1991-09-09,1.0231,1.0231
1991-09-10,1.0389,1.0136
1991-09-11,1.0199,1.0389
1991-09-12,1.0516,1.0848
1991-09-13,1.0833,1.0516
1991-09-16,1.0516,1.0516
1991-09-17,1.0484,1.0706
1991-09-18,1.0643,1.0738
1991-09-19,1.0769,1.0928
1991-09-20,1.0991,1.0959
1991-09-23,1.0928,1.0753
1991-09-24,1.0801,1.1149
1991-09-25,1.1149,1.1118
1991-09-26,1.1086,1.1308
1991-09-27,1.1339,1.1181
1991-09-30,1.1181,1.1276
1991-10-01,1.1276,1.126
1991-10-02,1.1213,1.1023
1991-10-03,1.0959,1.1086
1991-10-04,1.1149,1.1165
1991-10-07,1.1054,1.1213
1991-10-08,1.1149,1.1308
1991-10-09,1.1339,1.1339
1991-10-10,1.1466,1.1371
1991-10-11,1.1498,1.1355
1991-10-14,1.1403,1.1688
1991-10-15,1.1688,1.1577
1991-10-16,1.1593,1.1498
1991-10-17,1.1498,1.1308
1991-10-18,1.1403,1.1403
1991-10-21,1.1403,1.1529
1991-10-22,1.1593,1.1577
1991-10-23,1.1624,1.1434
1991-10-24,1.1466,1.1434
1991-10-25,1.1434,1.1339
1991-10-28,1.1339,1.1434
1991-10-29,1.1434,1.1498
1991-10-30,1.1498,1.1973
1991-10-31,1.1973,1.1894
1991-11-01,1.1846,1.1735
1991-11-04,1.1688,1.1529
1991-11-05,1.1561,1.1878
1991-11-06,1.191,1.2068
1991-11-07,1.21,1.2005
1991-11-08,1.2036,1.2068
1991-11-11,1.2163,1.2353
1991-11-12,1.2448,1.2654
1991-11-13,1.2606,1.2796
1991-11-14,1.286,1.2575
1991-11-15,1.2543,1.2036
1991-11-18,1.2068,1.2321
1991-11-19,1.2195,1.2195
1991-11-20,1.229,1.2226
1991-11-21,1.2195,1.2321
1991-11-22,1.229,1.2163
1991-11-25,1.2131,1.2115
1991-11-26,1.2179,1.1973
1991-11-27,1.1941,1.2068
1991-11-29,1.2005,1.2321
1991-12-02,1.2195,1.2828
1991-12-03,1.2796,1.2844
1991-12-04,1.2891,1.2923
1991-12-05,1.2891,1.2891
1991-12-06,1.286,1.3208
1991-12-09,1.3082,1.2923
1991-12-10,1.2923,1.2891
1991-12-11,1.2939,1.2765
1991-12-12,1.2796,1.2923
1991-12-13,1.2955,1.2923
1991-12-16,1.2923,1.2939
1991-12-17,1.2923,1.2907
1991-12-18,1.2923,1.3034
1991-12-19,1.2971,1.3018
1991-12-20,1.3177,1.3082
1991-12-23,1.3082,1.3525
1991-12-24,1.3525,1.3462
1991-12-26,1.3462,1.3667
1991-12-27,1.3715,1.3984
1991-12-30,1.4,1.4032
1991-12-31,1.4032,1.4095
1992-01-02,1.4032,1.4444
1992-01-03,1.4444,1.4317
1992-01-06,1.4348,1.476
1992-01-07,1.476,1.5204
1992-01-08,1.5077,1.5742
1992-01-09,1.5742,1.6122
1992-01-10,1.6091,1.5869
1992-01-13,1.571,1.6106
1992-01-14,1.6154,1.6249
1992-01-15,1.6312,1.6661
1992-01-16,1.6629,1.6186
1992-01-17,1.6186,1.6027
1992-01-20,1.6122,1.552
1992-01-21,1.5489,1.5125
1992-01-22,1.5204,1.5901
1992-01-23,1.5901,1.5837
1992-01-24,1.5774,1.579
1992-01-27,1.5806,1.5283
1992-01-28,1.533,1.5299
1992-01-29,1.552,1.5774
1992-01-30,1.5774,1.5647
1992-01-31,1.5647,1.5235
1992-02-03,1.4982,1.5837
1992-02-04,1.5869,1.5774
1992-02-05,1.5805,1.6122
1992-02-06,1.6027,1.5996
1992-02-07,1.5996,1.5932
1992-02-10,1.5916,1.5774
1992-02-11,1.5742,1.552
1992-02-12,1.5029,1.5932
1992-02-13,1.5901,1.552
1992-02-14,1.5489,1.5014
1992-02-18,1.5109,1.4982
1992-02-19,1.495,1.4586
1992-02-20,1.4697,1.4887
1992-02-21,1.4824,1.4507
1992-02-24,1.4507,1.4554
1992-02-25,1.457,1.4665
1992-02-26,1.4697,1.5457
1992-02-27,1.5552,1.5821
1992-02-28,1.5837,1.5647
1992-03-02,1.5679,1.5584
1992-03-03,1.5647,1.5615
1992-03-04,1.5615,1.552
1992-03-05,1.552,1.5362
1992-03-06,1.5299,1.4982
1992-03-09,1.5045,1.5077
1992-03-10,1.514,1.5425
1992-03-11,1.5489,1.5235
1992-03-12,1.5235,1.5346
1992-03-13,1.552,1.533
1992-03-16,1.533,1.5742
1992-03-17,1.5885,1.6217
1992-03-18,1.6281,1.6011
1992-03-19,1.6091,1.6154
1992-03-20,1.6154,1.6281
1992-03-23,1.6281,1.6281
1992-03-24,1.6344,1.6154
1992-03-25,1.6154,1.6281
1992-03-26,1.6312,1.5837
1992-03-27,1.5774,1.5362
1992-03-30,1.5394,1.5204
1992-03-31,1.5267,1.5014
1992-04-01,1.4855,1.5267
1992-04-02,1.5267,1.4824
1992-04-03,1.4887,1.4887
1992-04-06,1.4919,1.5362
1992-04-07,1.5457,1.4697
1992-04-08,1.4665,1.4855
1992-04-09,1.4982,1.5204
1992-04-10,1.5362,1.4697
1992-04-13,1.4792,1.4887
1992-04-14,1.4982,1.4824
1992-04-15,1.6312,1.6328
1992-04-16,1.6344,1.617
1992-04-20,1.5774,1.4966
1992-04-21,1.4982,1.4713
1992-04-22,1.476,1.4903
1992-04-23,1.5014,1.4665
1992-04-24,1.4697,1.4222
1992-04-27,1.4253,1.4348
1992-04-28,1.4412,1.381
1992-04-29,1.3873,1.4111
1992-04-30,1.419,1.3968
1992-05-01,1.4,1.4412
1992-05-04,1.438,1.4444
1992-05-05,1.4412,1.476
1992-05-06,1.4824,1.4697
1992-05-07,1.4697,1.457
1992-05-08,1.4697,1.4507
1992-05-11,1.4539,1.4444
1992-05-12,1.4539,1.4475
1992-05-13,1.4412,1.4285
1992-05-14,1.4285,1.4032
1992-05-15,1.3968,1.3937
1992-05-18,1.4032,1.4285
1992-05-19,1.4348,1.4507
1992-05-20,1.4507,1.4792
1992-05-21,1.4824,1.4776
1992-05-22,1.4824,1.4665
1992-05-26,1.4697,1.4634
1992-05-27,1.4665,1.457
1992-05-28,1.4539,1.5077
1992-05-29,1.5172,1.533
1992-06-01,1.5267,1.5742
1992-06-02,1.5742,1.5568
1992-06-03,1.552,1.5584
1992-06-04,1.5615,1.5536
1992-06-05,1.552,1.533
1992-06-08,1.5299,1.4982
1992-06-09,1.5014,1.457
1992-06-10,1.4602,1.4253
1992-06-11,1.4253,1.3683
1992-06-12,1.3968,1.4253
1992-06-15,1.4253,1.4396
1992-06-16,1.4348,1.3826
1992-06-17,1.3778,1.3755
1992-06-18,1.3873,1.3731
1992-06-19,1.3968,1.3968
1992-06-22,1.3921,1.4111
1992-06-23,1.4206,1.3968
1992-06-24,1.4016,1.3731
1992-06-25,1.3731,1.3303
1992-06-26,1.3208,1.2686
1992-06-29,1.3018,1.3731
1992-06-30,1.3826,1.3303
1992-07-01,1.3351,1.3707
1992-07-02,1.3826,1.3279
1992-07-06,1.3303,1.3208
1992-07-07,1.3256,1.2923
1992-07-08,1.2923,1.3042
1992-07-09,1.3113,1.3113
1992-07-10,1.3161,1.3208
1992-07-13,1.3256,1.3303
1992-07-14,1.3398,1.3517
1992-07-15,1.3636,1.3588
1992-07-16,1.3493,1.3731
1992-07-17,1.3636,1.3351
1992-07-20,1.3208,1.3161
1992-07-21,1.3303,1.3636
1992-07-22,1.3636,1.3303
1992-07-23,1.3256,1.3493
1992-07-24,1.3517,1.3826
1992-07-27,1.3826,1.3873
1992-07-28,1.3968,1.4063
1992-07-29,1.4158,1.4063
1992-07-30,1.3968,1.3897
1992-07-31,1.3968,1.3826
1992-08-03,1.3826,1.4016
1992-08-04,1.4063,1.404
1992-08-05,1.4016,1.3683
1992-08-06,1.3588,1.3588
1992-08-07,1.3588,1.3446
1992-08-10,1.3493,1.347
1992-08-11,1.3541,1.3565
1992-08-12,1.3636,1.3493
1992-08-13,1.3541,1.347
1992-08-14,1.3493,1.3493
1992-08-17,1.3446,1.3208
1992-08-18,1.3113,1.3208
1992-08-19,1.3208,1.3161
1992-08-20,1.3208,1.3375
1992-08-21,1.3398,1.3256
1992-08-24,1.3232,1.3113
1992-08-25,1.3066,1.3375
1992-08-26,1.3351,1.3612
1992-08-27,1.3683,1.3992
1992-08-28,1.3968,1.4135
1992-08-31,1.4111,1.4158
1992-09-01,1.4063,1.4158
1992-09-02,1.4158,1.4325
1992-09-03,1.4396,1.4562
1992-09-04,1.4491,1.4444
1992-09-08,1.4444,1.4586
1992-09-09,1.4586,1.4847
1992-09-10,1.4871,1.5014
1992-09-11,1.4919,1.4966
1992-09-14,1.5156,1.5536
1992-09-15,1.5489,1.5441
1992-09-16,1.5156,1.5275
1992-09-17,1.5299,1.5417
1992-09-18,1.5441,1.518
1992-09-21,1.4966,1.5037
1992-09-22,1.5014,1.4776
1992-09-23,1.4776,1.5037
1992-09-24,1.5061,1.5251
1992-09-25,1.5251,1.4966
1992-09-28,1.4539,1.4634
1992-09-29,1.4634,1.4966
1992-09-30,1.5156,1.5299
1992-10-01,1.5204,1.5132
1992-10-02,1.5061,1.4966
1992-10-05,1.4919,1.5536
1992-10-06,1.5631,1.5679
1992-10-07,1.5679,1.5417
1992-10-08,1.5631,1.5845
1992-10-09,1.5869,1.5655
1992-10-12,1.5774,1.594
1992-10-13,1.6106,1.6011
1992-10-14,1.6035,1.5869
1992-10-15,1.5821,1.6059
1992-10-16,1.6106,1.6225
1992-10-19,1.6154,1.67
1992-10-20,1.6772,1.67
1992-10-21,1.6772,1.7104
1992-10-22,1.7104,1.7057
1992-10-23,1.7152,1.6843
1992-10-26,1.6819,1.7104
1992-10-27,1.7104,1.6724
1992-10-28,1.6772,1.6819
1992-10-29,1.6867,1.7104
1992-10-30,1.708,1.6867
1992-11-02,1.6914,1.7033
1992-11-03,1.7009,1.6772
1992-11-04,1.6772,1.6819
1992-11-05,1.6914,1.746
1992-11-06,1.7437,1.7627
1992-11-09,1.7627,1.746
1992-11-10,1.7484,1.7651
1992-11-11,1.7627,1.7817
1992-11-12,1.7817,1.7769
1992-11-13,1.7769,1.7722
1992-11-16,1.7674,1.7627
1992-11-17,1.7651,1.7104
1992-11-18,1.7199,1.7484
1992-11-19,1.7532,1.7864
1992-11-20,1.7864,1.8054
1992-11-23,1.7152,1.6819
1992-11-24,1.7342,1.7389
1992-11-25,1.7484,1.7318
1992-11-27,1.7389,1.7437
1992-11-30,1.7579,1.7698
1992-12-01,1.7627,1.7698
1992-12-02,1.7674,1.7247
1992-12-03,1.7247,1.7413
1992-12-04,1.7389,1.7437
1992-12-07,1.7484,1.7746
1992-12-08,1.7817,1.7579
1992-12-09,1.7437,1.7484
1992-12-10,1.7104,1.6914
1992-12-11,1.6819,1.6415
1992-12-14,1.6487,1.6558
1992-12-15,1.6582,1.6415
1992-12-16,1.6439,1.6534
1992-12-17,1.6582,1.7104
1992-12-18,1.6914,1.7104
1992-12-21,1.7057,1.7199
1992-12-22,1.7294,1.6677
1992-12-23,1.6724,1.6582
1992-12-24,1.6582,1.6582
1992-12-28,1.6582,1.6629
1992-12-29,1.6582,1.6439
1992-12-30,1.6487,1.632
1992-12-31,1.6344,1.6225
1993-01-04,1.6154,1.6178
1993-01-05,1.6154,1.6439
1993-01-06,1.6534,1.6914
1993-01-07,1.6914,1.6582
1993-01-08,1.6582,1.6558
1993-01-11,1.6582,1.6938
1993-01-12,1.6914,1.7057
1993-01-13,1.7009,1.7342
1993-01-14,1.7532,1.7342
1993-01-15,1.6629,1.7057
1993-01-18,1.7009,1.6962
1993-01-19,1.6914,1.6795
1993-01-20,1.6819,1.6795
1993-01-21,1.6677,1.7009
1993-01-22,1.7057,1.6985
1993-01-25,1.6962,1.6819
1993-01-26,1.6819,1.6724
1993-01-27,1.6629,1.6391
1993-01-28,1.6391,1.6534
1993-01-29,1.6629,1.6439
1993-02-01,1.6391,1.6629
1993-02-02,1.6605,1.6914
1993-02-03,1.7009,1.6795
1993-02-04,1.6677,1.6154
1993-02-05,1.6106,1.6914
1993-02-08,1.6819,1.6296
1993-02-09,1.6487,1.594
1993-02-10,1.6059,1.6249
1993-02-11,1.6391,1.6201
1993-02-12,1.6201,1.5893
1993-02-16,1.575,1.5227
1993-02-17,1.5394,1.5251
1993-02-18,1.5441,1.5513
1993-02-19,1.556,1.5156
1993-02-22,1.5156,1.4586
1993-02-23,1.4824,1.5109
1993-02-24,1.5014,1.594
1993-02-25,1.5679,1.6035
1993-02-26,1.6011,1.5845
1993-03-01,1.5916,1.5489
1993-03-02,1.5536,1.6083
1993-03-03,1.6106,1.6106
1993-03-04,1.6106,1.5916
1993-03-05,1.5869,1.5726
1993-03-08,1.5703,1.5893
1993-03-09,1.5964,1.6011
1993-03-10,1.6059,1.6154
1993-03-11,1.6201,1.6439
1993-03-12,1.6344,1.6914
1993-03-15,1.6962,1.6653
1993-03-16,1.6772,1.6677
1993-03-17,1.6487,1.6225
1993-03-18,1.6296,1.6201
1993-03-19,1.6296,1.6011
1993-03-22,1.5821,1.5845
1993-03-23,1.5869,1.5798
1993-03-24,1.5821,1.6391
1993-03-25,1.6439,1.6605
1993-03-26,1.6724,1.6463
1993-03-29,1.6487,1.6534
1993-03-30,1.6819,1.7294
1993-03-31,1.7342,1.7579
1993-04-01,1.7579,1.7674
1993-04-02,1.7437,1.7057
1993-04-05,1.6867,1.7389
1993-04-06,1.7437,1.7057
1993-04-07,1.7104,1.7152
1993-04-08,1.7104,1.6914
1993-04-12,1.6867,1.7128
1993-04-13,1.7152,1.689
1993-04-14,1.6914,1.6914
1993-04-15,1.6724,1.6558
1993-04-16,1.6582,1.6534
1993-04-19,1.6534,1.6534
1993-04-20,1.6487,1.6487
1993-04-21,1.6487,1.613
1993-04-22,1.6059,1.5821
1993-04-23,1.5774,1.5465
1993-04-26,1.5489,1.5275
1993-04-27,1.5299,1.5679
1993-04-28,1.5774,1.6344
1993-04-29,1.6296,1.6249
1993-04-30,1.6154,1.6249
1993-05-03,1.6249,1.6368
1993-05-04,1.6487,1.6724
1993-05-05,1.6724,1.6962
1993-05-06,1.6914,1.6582
1993-05-07,1.6582,1.6534
1993-05-10,1.6819,1.6938
1993-05-11,1.6772,1.6677
1993-05-12,1.6629,1.6391
1993-05-13,1.6296,1.6296
1993-05-14,1.6344,1.6249
1993-05-17,1.6296,1.6439
1993-05-18,1.6487,1.6819
1993-05-19,1.7247,1.7579
1993-05-20,1.7532,1.7888
1993-05-21,1.7769,1.7579
1993-05-24,1.7532,1.7508
1993-05-25,1.7437,1.7342
1993-05-26,1.7389,1.8102
1993-05-27,1.8054,1.7888
1993-05-28,1.7769,1.7603
1993-06-01,1.7674,1.8292
1993-06-02,1.8197,1.8197
1993-06-03,1.8197,1.7983
1993-06-04,1.7864,1.7864
1993-06-07,1.7912,1.7722
1993-06-08,1.7674,1.7532
1993-06-09,1.7627,1.7294
1993-06-10,1.7342,1.7318
1993-06-11,1.7437,1.6985
1993-06-14,1.7294,1.7532
1993-06-15,1.7674,1.7579
1993-06-16,1.7627,1.7342
1993-06-17,1.7389,1.727
1993-06-18,1.7199,1.6629
1993-06-21,1.6867,1.6843
1993-06-22,1.6962,1.6724
1993-06-23,1.6724,1.6843
1993-06-24,1.6772,1.6819
1993-06-25,1.6819,1.6819
1993-06-28,1.6867,1.7152
1993-06-29,1.7152,1.6914
1993-06-30,1.6962,1.6724
1993-07-01,1.6772,1.6558
1993-07-02,1.6582,1.6582
1993-07-06,1.6487,1.6344
1993-07-07,1.5608,1.5845
1993-07-08,1.5964,1.613
1993-07-09,1.6154,1.6083
1993-07-12,1.6106,1.5916
1993-07-13,1.5964,1.5726
1993-07-14,1.5774,1.6011
1993-07-15,1.6011,1.5869
1993-07-16,1.5821,1.5417
1993-07-19,1.5109,1.4966
1993-07-20,1.5061,1.5299
1993-07-21,1.4919,1.5014
1993-07-22,1.5346,1.4752
1993-07-23,1.4634,1.4752
1993-07-26,1.4871,1.4871
1993-07-27,1.4919,1.4348
1993-07-28,1.4444,1.4871
1993-07-29,1.4824,1.5014
1993-07-30,1.3873,1.4063
1993-08-02,1.4206,1.3826
1993-08-03,1.3873,1.3873
1993-08-04,1.3921,1.3873
1993-08-05,1.3968,1.4206
1993-08-06,1.4206,1.3921
1993-08-09,1.3921,1.3873
1993-08-10,1.3873,1.3493
1993-08-11,1.3541,1.3755
1993-08-12,1.3778,1.4063
1993-08-13,1.4063,1.4301
1993-08-16,1.4396,1.4776
1993-08-17,1.4824,1.4681
1993-08-18,1.4776,1.4681
1993-08-19,1.4681,1.4111
1993-08-20,1.3968,1.4491
1993-08-23,1.4348,1.4634
1993-08-24,1.4539,1.442
1993-08-25,1.4253,1.4111
1993-08-26,1.3968,1.3707
1993-08-27,1.3731,1.366
1993-08-30,1.3778,1.3802
1993-08-31,1.4016,1.4277
1993-09-01,1.4301,1.4586
1993-09-02,1.4681,1.4562
1993-09-03,1.4539,1.4396
1993-09-07,1.4396,1.4206
1993-09-08,1.4063,1.4158
1993-09-09,1.4253,1.4491
1993-09-10,1.4634,1.4824
1993-09-13,1.4919,1.4515
1993-09-14,1.4444,1.4301
1993-09-15,1.4396,1.4539
1993-09-16,1.4586,1.4444
1993-09-17,1.4348,1.4444
1993-09-20,1.4491,1.4372
1993-09-21,1.4348,1.4444
1993-09-22,1.4444,1.4681
1993-09-23,1.4681,1.4966
1993-09-24,1.4919,1.5204
1993-09-27,1.5536,1.5631
1993-09-28,1.5631,1.5964
1993-09-29,1.5916,1.5774
1993-09-30,1.5726,1.5679
1993-10-01,1.5679,1.5584
1993-10-04,1.5679,1.5703
1993-10-05,1.5726,1.5821
1993-10-06,1.5821,1.613
1993-10-07,1.6154,1.5988
1993-10-08,1.6011,1.6059
1993-10-11,1.6059,1.5964
1993-10-12,1.6011,1.6011
1993-10-13,1.5916,1.5821
1993-10-14,1.5916,1.5608
1993-10-15,1.5631,1.5346
1993-10-18,1.5394,1.5774
1993-10-19,1.5584,1.5251
1993-10-20,1.5299,1.5394
1993-10-21,1.4966,1.5109
1993-10-22,1.5061,1.5275
1993-10-25,1.5299,1.5299
1993-10-26,1.5299,1.5109
1993-10-27,1.5109,1.518
1993-10-28,1.5156,1.5014
1993-10-29,1.5109,1.5227
1993-11-01,1.5251,1.537
1993-11-02,1.5441,1.5251
1993-11-03,1.5204,1.4919
1993-11-04,1.4966,1.4539
1993-11-05,1.4491,1.4966
1993-11-08,1.5014,1.4919
1993-11-09,1.5014,1.4871
1993-11-10,1.5204,1.5465
1993-11-11,1.5441,1.5513
1993-11-12,1.5536,1.556
1993-11-15,1.5584,1.5299
1993-11-16,1.5394,1.5631
1993-11-17,1.5726,1.5346
1993-11-18,1.5346,1.5251
1993-11-19,1.5156,1.5227
1993-11-22,1.5156,1.4634
1993-11-23,1.4776,1.4705
1993-11-24,1.4729,1.4966
1993-11-26,1.5014,1.5014
1993-11-29,1.5014,1.5109
1993-11-30,1.4919,1.5204
1993-12-01,1.5299,1.5489
1993-12-02,1.5584,1.575
1993-12-03,1.5916,1.6296
1993-12-06,1.6154,1.613
1993-12-07,1.6154,1.6249
1993-12-08,1.5774,1.5869
1993-12-09,1.5869,1.5417
1993-12-10,1.5441,1.556
1993-12-13,1.5489,1.5465
1993-12-14,1.5394,1.5204
1993-12-15,1.5204,1.5156
1993-12-16,1.5204,1.5204
1993-12-17,1.5299,1.5299
1993-12-20,1.5394,1.5584
1993-12-21,1.5584,1.5679
1993-12-22,1.5631,1.5417
1993-12-23,1.5394,1.537
1993-12-27,1.5346,1.5299
1993-12-28,1.5299,1.5726
1993-12-29,1.5726,1.5489
1993-12-30,1.5536,1.5441
1993-12-31,1.5394,1.5322
1994-01-03,1.5299,1.5227
1994-01-04,1.5251,1.5299
1994-01-05,1.5251,1.5631
1994-01-06,1.5703,1.6083
1994-01-07,1.6011,1.6201
1994-01-10,1.6154,1.6296
1994-01-11,1.6154,1.6201
1994-01-12,1.6154,1.6249
1994-01-13,1.6106,1.6225
1994-01-14,1.6249,1.6273
1994-01-17,1.6201,1.6106
1994-01-18,1.6201,1.6083
1994-01-19,1.5916,1.5821
1994-01-20,1.5821,1.6391
1994-01-21,1.6391,1.6391
1994-01-24,1.6344,1.6201
1994-01-25,1.6201,1.6178
1994-01-26,1.6154,1.6011
1994-01-27,1.5964,1.6011
1994-01-28,1.6059,1.613
1994-01-31,1.6201,1.6178
1994-02-01,1.6154,1.6178
1994-02-02,1.6106,1.5964
1994-02-03,1.6011,1.6059
1994-02-04,1.5964,1.5441
1994-02-07,1.5156,1.5346
1994-02-08,1.5299,1.4966
1994-02-09,1.4919,1.5132
1994-02-10,1.5156,1.5085
1994-02-11,1.5061,1.4966
1994-02-14,1.5014,1.5037
1994-02-15,1.5156,1.5156
1994-02-16,1.5251,1.4966
1994-02-17,1.5014,1.4942
1994-02-18,1.4919,1.5204
1994-02-22,1.5204,1.5109
1994-02-23,1.5156,1.5394
1994-02-24,1.5204,1.518
1994-02-25,1.5251,1.5394
1994-02-28,1.5441,1.5679
1994-03-01,1.5774,1.5821
1994-03-02,1.5536,1.5726
1994-03-03,1.5774,1.5394
1994-03-04,1.5394,1.5394
1994-03-07,1.5441,1.5441
1994-03-08,1.5441,1.5394
1994-03-09,1.5441,1.537
1994-03-10,1.5489,1.537
1994-03-11,1.5394,1.5536
1994-03-14,1.5679,1.594
1994-03-15,1.5964,1.613
1994-03-16,1.6154,1.6106
1994-03-17,1.6106,1.6059
1994-03-18,1.6059,1.6106
1994-03-21,1.6154,1.5821
1994-03-22,1.5631,1.6106
1994-03-23,1.6201,1.6391
1994-03-24,1.6296,1.6582
1994-03-25,1.6534,1.6629
1994-03-28,1.6629,1.6415
1994-03-29,1.6439,1.5679
1994-03-30,1.5726,1.5893
1994-03-31,1.5869,1.6106
1994-04-04,1.5679,1.6059
1994-04-05,1.6201,1.6677
1994-04-06,1.6629,1.6914
1994-04-07,1.6962,1.7057
1994-04-08,1.7057,1.6534
1994-04-11,1.6534,1.6534
1994-04-12,1.6487,1.6106
1994-04-13,1.6106,1.613
1994-04-14,1.6059,1.5988
1994-04-15,1.5869,1.613
1994-04-18,1.6106,1.5774
1994-04-19,1.6534,1.6748
1994-04-20,1.6819,1.7009
1994-04-21,1.7009,1.7389
1994-04-22,1.7484,1.7437
1994-04-25,1.7484,1.7817
1994-04-26,1.7959,1.8043
1994-04-28,1.8102,1.7508
1994-04-29,1.7484,1.7579
1994-05-02,1.7627,1.8149
1994-05-03,1.8102,1.7769
1994-05-04,1.7817,1.8078
1994-05-05,1.8102,1.7936
1994-05-06,1.7722,1.7579
1994-05-09,1.7437,1.7532
1994-05-10,1.7674,1.7864
1994-05-11,1.7864,1.7769
1994-05-12,1.7769,1.7959
1994-05-13,1.8529,1.8339
1994-05-16,1.8292,1.8054
1994-05-17,1.8054,1.7983
1994-05-18,1.8102,1.8446
1994-05-19,1.8482,1.8696
1994-05-20,1.8625,1.8577
1994-05-23,1.8625,1.9218
1994-05-24,1.948,1.9432
1994-05-25,1.9385,1.9955
1994-05-26,2.005,1.9765
1994-05-27,1.967,1.9907
1994-05-31,1.986,2.043
1994-06-01,2.0335,2.0145
1994-06-02,2.024,1.986
1994-06-03,1.9955,2.0097
1994-06-06,2.0002,2.0715
1994-06-07,2.0525,2.0382
1994-06-08,2.0382,1.9765
1994-06-09,1.9717,1.986
1994-06-10,1.986,1.9979
1994-06-13,2.0002,2.0097
1994-06-14,2.0192,2.0359
1994-06-15,2.0382,2.062
1994-06-16,2.062,2.0359
1994-06-17,2.0335,2.0145
1994-06-20,1.9955,2.0335
1994-06-21,1.9812,2.0002
1994-06-22,2.005,1.9575
1994-06-23,1.9575,1.9052
1994-06-24,1.9005,1.8815
1994-06-27,1.891,1.9717
1994-06-28,1.9765,1.9503
1994-06-29,1.9527,1.9527
1994-06-30,1.967,1.9622
1994-07-01,1.9622,1.91
1994-07-05,1.9147,1.8672
1994-07-06,1.8458,1.8363
1994-07-07,1.8434,1.9147
1994-07-08,1.8957,1.8815
1994-07-11,1.8862,1.8387
1994-07-12,1.8339,1.8244
1994-07-13,1.8339,1.8815
1994-07-14,1.8767,1.853
1994-07-15,1.853,1.8482
1994-07-18,1.9575,1.9195
1994-07-19,1.9242,1.9052
1994-07-20,1.9005,1.8387
1994-07-21,1.8482,1.8149
1994-07-22,1.8434,1.9218
1994-07-25,1.9242,1.9456
1994-07-26,1.9432,1.9147
1994-07-27,1.9147,1.8815
1994-07-28,1.8815,1.8815
1994-07-29,1.8957,1.9575
1994-08-01,1.9622,2.0287
1994-08-02,2.043,2.0074
1994-08-03,2.043,2.0287
1994-08-04,2.0335,2.005
1994-08-05,2.0002,1.9955
1994-08-08,1.9907,2.0145
1994-08-09,2.0145,2.0335
1994-08-10,2.0335,2.0573
1994-08-11,2.0477,2.1
1994-08-12,2.1048,2.1
1994-08-15,2.1095,2.0691
1994-08-16,2.0858,2.0858
1994-08-17,2.1048,2.1238
1994-08-18,2.1238,2.1095
1994-08-19,2.1238,2.0858
1994-08-22,2.0905,2.0763
1994-08-23,2.0763,2.1095
1994-08-24,2.1095,2.119
1994-08-25,2.1238,2.1356
1994-08-26,2.1428,2.1618
1994-08-29,2.1808,2.1689
1994-08-30,2.1665,2.2188
1994-08-31,2.2188,2.2093
1994-09-01,2.1665,2.1333
1994-09-02,2.1475,2.1285
1994-09-06,2.1238,2.1285
1994-09-07,2.138,2.1618
1994-09-08,2.1665,2.2022
1994-09-09,2.1333,2.1618
1994-09-12,2.1713,2.1333
1994-09-13,2.1428,2.1879
1994-09-14,2.195,2.1903
1994-09-15,2.1903,2.214
1994-09-16,2.2045,2.1618
1994-09-19,2.1713,2.1618
1994-09-20,2.1618,2.1285
1994-09-21,2.1404,2.176
1994-09-22,2.176,2.1665
1994-09-23,2.1618,2.1285
1994-09-26,2.1285,2.1119
1994-09-27,2.1095,2.1475
1994-09-28,2.1523,2.1665
1994-09-29,2.1618,2.1475
1994-09-30,2.1475,2.1333
1994-10-03,2.1333,2.1238
1994-10-04,2.1285,2.0905
1994-10-05,2.0858,2.1095
1994-10-06,2.1095,2.0715
1994-10-07,2.0763,2.0668
1994-10-10,2.0668,2.081
1994-10-11,2.0953,2.1214
1994-10-12,2.1238,2.138
1994-10-13,2.1523,2.176
1994-10-14,2.176,2.1261
1994-10-17,2.1285,2.0953
1994-10-18,2.1,2.1523
1994-10-19,2.1523,2.1903
1994-10-20,2.214,2.2663
1994-10-21,2.252,2.2568
1994-10-24,2.2615,2.2378
1994-10-25,2.233,2.2687
1994-10-26,2.2758,2.3186
1994-10-27,2.3233,2.3423
1994-10-28,2.3423,2.3613
1994-10-31,2.3661,2.3946
1994-11-01,2.3851,2.3851
1994-11-02,2.3851,2.3946
1994-11-03,2.3946,2.3803
1994-11-04,2.3803,2.3376
1994-11-07,2.3376,2.3518
1994-11-08,2.3518,2.4183
1994-11-09,2.4421,2.4231
1994-11-10,2.4136,2.4207
1994-11-11,2.3661,2.3661
1994-11-14,2.3851,2.4516
1994-11-15,2.4516,2.454
1994-11-16,2.4611,2.4563
1994-11-17,2.4563,2.4421
1994-11-18,2.4373,2.4373
1994-11-21,2.4516,2.4136
1994-11-22,2.4041,2.3566
1994-11-23,2.3423,2.3376
1994-11-25,2.3471,2.3661
1994-11-28,2.3756,2.4088
1994-11-29,2.4183,2.4373
1994-11-30,2.4421,2.3898
1994-12-01,2.3803,2.378
1994-12-02,2.3851,2.4041
1994-12-05,2.4088,2.4065
1994-12-06,2.4041,2.4088
1994-12-07,2.4136,2.3946
1994-12-08,2.3993,2.3756
1994-12-09,2.3756,2.3993
1994-12-12,2.3993,2.3993
1994-12-13,2.4088,2.3851
1994-12-14,2.3756,2.4041
1994-12-15,2.4088,2.4136
1994-12-16,2.4183,2.4088
1994-12-19,2.4088,2.3803
1994-12-20,2.3803,2.2758
1994-12-21,2.2901,2.3376
1994-12-22,2.3376,2.3043
1994-12-23,2.3043,2.3138
1994-12-27,2.3186,2.3091
1994-12-28,2.3091,2.3186
1994-12-29,2.3138,2.3494
1994-12-30,2.3518,2.3233
1995-01-03,2.3376,2.2877
1995-01-04,2.2901,2.3043
1995-01-05,2.3138,2.2663
1995-01-06,2.2758,2.3043
1995-01-09,2.3138,2.2901
1995-01-10,2.3043,2.3186
1995-01-11,2.3233,2.3328
1995-01-12,2.3281,2.3281
1995-01-13,2.3566,2.3851
1995-01-16,2.4041,2.4373
1995-01-17,2.4611,2.4563
1995-01-18,2.4658,2.473
1995-01-19,2.4516,2.4136
1995-01-20,2.3898,2.3423
1995-01-23,2.3186,2.3875
1995-01-24,2.3946,2.3572
1995-01-25,2.3423,2.3471
1995-01-26,2.3138,2.2758
1995-01-27,2.2853,2.2758
1995-01-30,2.2853,2.2425
1995-01-31,2.2473,2.2568
1995-02-01,2.2568,2.2473
1995-02-02,2.233,2.2425
1995-02-03,2.2615,2.2853
1995-02-06,2.2853,2.3138
1995-02-07,2.3091,2.3186
1995-02-08,2.3281,2.3518
1995-02-09,2.3613,2.3518
1995-02-10,2.3566,2.3566
1995-02-13,2.3566,2.3566
1995-02-14,2.3613,2.3518
1995-02-15,2.2853,2.3091
1995-02-16,2.3138,2.3138
1995-02-17,2.3091,2.2948
1995-02-21,2.2996,2.2711
1995-02-22,2.2711,2.3376
1995-02-23,2.3281,2.3423
1995-02-24,2.3328,2.3281
1995-02-27,2.3328,2.3471
1995-02-28,2.3518,2.3946
1995-03-01,2.3993,2.4041
1995-03-02,2.4041,2.4231
1995-03-03,2.4183,2.4183
1995-03-06,2.4041,2.4445
1995-03-07,2.4468,2.4837
1995-03-08,2.4991,2.6036
1995-03-09,2.6036,2.5799
1995-03-10,2.5799,2.606
1995-03-13,2.6084,2.6226
1995-03-14,2.6369,2.7272
1995-03-15,2.7272,2.6797
1995-03-16,2.6606,2.6654
1995-03-17,2.6797,2.6583
1995-03-20,2.6654,2.7034
1995-03-21,2.7082,2.6773
1995-03-22,2.6796,2.6963
1995-03-23,2.7129,2.7652
1995-03-24,2.7842,2.8079
1995-03-27,2.7652,2.7747
1995-03-28,2.7699,2.7984
1995-03-29,2.7984,2.7462
1995-03-30,2.7557,2.7414
1995-03-31,2.7272,2.7034
1995-04-03,2.6987,2.6606
1995-04-04,2.6701,2.6559
1995-04-05,2.6559,2.6844
1995-04-06,2.6844,2.6606
1995-04-07,2.6701,2.6464
1995-04-10,2.6416,2.6963
1995-04-11,2.7224,2.7414
1995-04-12,2.7414,2.7224
1995-04-13,2.7272,2.7557
1995-04-17,2.8697,2.941
1995-04-18,2.941,2.9172
1995-04-19,2.9125,2.8935
1995-04-20,2.9077,2.8602
1995-04-21,2.8744,2.8507
1995-04-24,2.8649,2.9552
1995-04-25,2.9505,3.0407
1995-04-26,3.0312,3.0265
1995-04-27,3.0265,2.9885
1995-04-28,2.998,3.1073
1995-05-01,3.112,3.1215
1995-05-02,3.1215,3.0241
1995-05-03,3.0502,3.074
1995-05-04,3.0978,3.0978
1995-05-05,3.093,3.0407
1995-05-08,3.036,3.036
1995-05-09,3.0407,3.0336
1995-05-10,3.0455,3.0122
1995-05-11,3.0075,3.093
1995-05-12,3.093,3.0692
1995-05-15,3.0645,3.0906
1995-05-16,3.0978,3.226
1995-05-17,3.2403,3.2688
1995-05-18,3.2545,3.2165
1995-05-19,3.2023,3.245
1995-05-22,3.245,3.3163
1995-05-23,3.3258,3.3638
1995-05-24,3.3876,3.3258
1995-05-25,3.3401,3.3923
1995-05-26,3.3899,3.3258
1995-05-30,3.3448,3.1548
1995-05-31,3.1643,3.2189
1995-06-01,3.2308,3.1975
1995-06-02,3.1833,3.1595
1995-06-05,3.1405,3.2213
1995-06-06,3.226,3.1595
1995-06-07,3.15,3.1928
1995-06-08,3.1975,3.1975
1995-06-09,3.1833,3.226
1995-06-12,3.2165,3.1833
1995-06-13,3.1975,3.188
1995-06-14,3.169,3.1856
1995-06-15,3.1928,3.226
1995-06-16,3.2308,3.3068
1995-06-19,3.3163,3.4137
1995-06-20,3.4351,3.4731
1995-06-21,3.4921,3.4398
1995-06-22,3.4446,3.4921
1995-06-23,3.4493,3.4636
1995-06-26,3.4588,3.4113
1995-06-27,3.4018,3.3021
1995-06-28,3.2973,3.3401
1995-06-29,3.3448,3.3971
1995-06-30,3.4066,3.4351
1995-07-03,3.4541,3.4565
1995-07-05,3.4826,3.447
1995-07-06,3.4446,3.5254
1995-07-07,3.5301,3.6346
1995-07-10,3.6489,3.7582
1995-07-11,3.7629,3.6679
1995-07-12,3.6774,3.7962
1995-07-13,3.8057,3.8057
1995-07-14,3.7344,3.9387
1995-07-17,4.0955,4.143
1995-07-18,4.067,3.8722
1995-07-19,3.6869,3.5919
1995-07-20,3.6204,3.6536
1995-07-21,3.5729,3.4968
1995-07-24,3.5206,3.5586
1995-07-25,3.6299,3.6631
1995-07-26,3.7107,3.6489
1995-07-27,3.6679,3.6679
1995-07-28,3.6489,3.5206
1995-07-31,3.5396,3.4398
1995-08-01,3.4493,3.4018
1995-08-02,3.4588,3.3828
1995-08-03,3.3448,3.4636
1995-08-04,3.4731,3.5681
1995-08-07,3.5919,3.5586
1995-08-08,3.5776,3.5539
1995-08-09,3.7154,3.6679
1995-08-10,3.6869,3.5776
1995-08-11,3.6014,3.6679
1995-08-14,3.6821,3.7534
1995-08-15,3.7724,3.7392
1995-08-16,3.7392,3.7534
1995-08-17,3.7582,3.7677
1995-08-18,3.789,3.6916
1995-08-21,3.7059,3.5919
1995-08-22,3.6156,3.7748
1995-08-23,3.8009,3.7202
1995-08-24,3.7297,3.6536
1995-08-25,3.6631,3.5871
1995-08-28,3.5871,3.4232
1995-08-29,3.4256,3.4921
1995-08-30,3.5301,3.5444
1995-08-31,3.5491,3.5159
1995-09-01,3.4873,3.4113
1995-09-05,3.4541,3.6109
1995-09-06,3.6204,3.5539
1995-09-07,3.5824,3.5966
1995-09-08,3.5634,3.6299
1995-09-11,3.6251,3.7107
1995-09-12,3.7154,3.6584
1995-09-13,3.6536,3.6536
1995-09-14,3.6536,3.6061
1995-09-15,3.6014,3.5515
1995-09-18,3.5444,3.4968
1995-09-19,3.4969,3.5467
1995-09-20,3.5539,3.5396
1995-09-21,3.4683,3.4446
1995-09-22,3.4161,3.4113
1995-09-25,3.4398,3.4297
1995-09-26,3.4351,3.3543
1995-09-27,3.3448,3.3686
1995-09-28,3.3828,3.4778
1995-09-29,3.4826,3.4398
1995-10-02,3.4398,3.3543
1995-10-03,3.3496,3.3781
1995-10-04,3.3496,3.2735
1995-10-05,3.2688,3.3258
1995-10-06,3.3258,3.264
1995-10-09,3.226,3.1595
1995-10-10,3.0882,3.1833
1995-10-11,3.264,3.2925
1995-10-12,3.3068,3.3306
1995-10-13,3.3638,3.2783
1995-10-16,3.2593,3.2973
1995-10-17,3.3163,3.4636
1995-10-18,3.7344,3.6346
1995-10-19,3.6204,3.6774
1995-10-20,3.6679,3.6299
1995-10-23,3.6109,3.6631
1995-10-24,3.6631,3.7059
1995-10-25,3.7107,3.6441
1995-10-26,3.6394,3.7249
1995-10-27,3.7059,3.8009
1995-10-30,3.7724,3.9054
1995-10-31,3.915,3.8009
1995-11-01,3.8057,3.7392
1995-11-02,3.7487,3.8009
1995-11-03,3.8009,3.7819
1995-11-06,3.6869,3.7011
1995-11-07,3.6679,3.5349
1995-11-08,3.5681,3.6204
1995-11-09,3.6679,3.7629
1995-11-10,3.7439,3.6821
1995-11-13,3.6726,3.6608
1995-11-14,3.6441,3.5729
1995-11-15,3.5871,3.5729
1995-11-16,3.4398,3.4161
1995-11-17,3.4208,3.3211
1995-11-20,3.3591,3.2688
1995-11-21,3.264,3.3448
1995-11-22,3.3591,3.3211
1995-11-24,3.3306,3.3448
1995-11-27,3.3686,3.3163
1995-11-28,3.3068,3.4778
1995-11-29,3.4921,3.4113
1995-11-30,3.4018,3.3116
1995-12-01,3.3116,3.2783
1995-12-04,3.2735,3.3401
1995-12-05,3.3401,3.2688
1995-12-06,3.2735,3.4446
1995-12-07,3.4636,3.4398
1995-12-08,3.5206,3.5919
1995-12-11,3.5919,3.5396
1995-12-12,3.5349,3.4731
1995-12-13,3.4636,3.4873
1995-12-14,3.5064,3.3733
1995-12-15,3.3876,3.3591
1995-12-18,3.3591,3.3068
1995-12-19,3.3211,3.4541
1995-12-20,3.4636,3.3116
1995-12-21,3.3353,3.4208
1995-12-22,3.4256,3.4398
1995-12-26,3.4303,3.4303
1995-12-27,3.4351,3.3781
1995-12-28,3.3543,3.3211
1995-12-29,3.3163,3.3353
1996-01-02,3.3401,3.4113
1996-01-03,3.3876,3.3021
1996-01-04,3.3163,3.3211
1996-01-05,3.2783,3.283
1996-01-08,3.2878,3.2783
1996-01-09,3.2688,3.0479
1996-01-10,3.0597,3.131
1996-01-11,3.1738,3.2925
1996-01-12,3.2878,3.2593
1996-01-15,3.264,3.1358
1996-01-16,3.1785,3.283
1996-01-17,3.2213,3.226
1996-01-18,3.2498,3.3306
1996-01-19,3.4303,3.4921
1996-01-22,3.4826,3.4968
1996-01-23,3.4731,3.4018
1996-01-24,3.4161,3.4683
1996-01-25,3.4731,3.3971
1996-01-26,3.3876,3.4398
1996-01-29,3.4493,3.4351
1996-01-30,3.4541,3.4517
1996-01-31,3.4493,3.5159
1996-02-01,3.5064,3.5776
1996-02-02,3.5729,3.5349
1996-02-05,3.5254,3.6916
1996-02-06,3.6679,3.6679
1996-02-07,3.6489,3.6821
1996-02-08,3.6726,3.7582
1996-02-09,3.7534,3.8057
1996-02-12,3.7914,3.7819
1996-02-13,3.7154,3.7867
1996-02-14,3.8057,3.7534
1996-02-15,3.7439,3.7439
1996-02-16,3.7534,3.7202
1996-02-20,3.6964,3.7154
1996-02-21,3.7154,3.7962
1996-02-22,3.8009,3.8959
1996-02-23,3.9007,3.934
1996-02-26,3.915,3.8247
1996-02-27,3.8294,3.8057
1996-02-28,3.8294,3.8057
1996-02-29,3.7629,3.751
1996-03-01,3.7392,3.6299
1996-03-04,3.6489,3.6584
1996-03-05,3.6489,3.7297
1996-03-06,3.7344,3.6869
1996-03-07,3.6916,3.6988
1996-03-08,3.6299,3.6156
1996-03-11,3.6156,3.6679
1996-03-12,3.6584,3.6394
1996-03-13,3.7338,3.8342
1996-03-14,3.8437,3.7867
1996-03-15,3.8009,3.8912
1996-03-18,3.8912,4.0005
1996-03-19,4.0432,4.0622
1996-03-20,4.0385,3.9767
1996-03-21,3.9625,3.8294
1996-03-22,3.8437,3.8437
1996-03-25,3.8579,3.7962
1996-03-26,3.7772,3.9054
1996-03-27,3.9245,3.8959
1996-03-28,3.8722,3.8864
1996-03-29,3.8912,3.9197
1996-04-01,3.9203,3.9054
1996-04-02,3.9054,3.9767
1996-04-03,3.9577,3.972
1996-04-04,3.9767,3.9672
1996-04-08,3.8959,3.9435
1996-04-09,3.953,3.8627
1996-04-10,3.8579,3.8627
1996-04-11,3.8579,3.8437
1996-04-12,3.8437,3.8437
1996-04-15,3.8389,3.9345
1996-04-16,3.9625,4.0005
1996-04-17,4.0005,4.0266
1996-04-18,4.029,4.143
1996-04-19,4.2428,4.1715
1996-04-22,4.2,4.2855
1996-04-23,4.2855,4.2808
1996-04-24,4.295,4.238
1996-04-25,4.238,4.2855
1996-04-26,4.2855,4.314
1996-04-29,4.3093,4.2808
1996-04-30,4.2808,4.3045
1996-05-01,4.2903,4.3758
1996-05-02,4.3758,4.2428
1996-05-03,4.276,4.2143
1996-05-06,4.219,4.2475
1996-05-07,4.2428,4.2998
1996-05-08,4.2903,4.3426
1996-05-09,4.3426,4.314
1996-05-10,4.3473,4.3663
1996-05-13,4.3711,4.5088
1996-05-14,4.5326,4.5231
1996-05-15,4.5231,4.4708
1996-05-16,4.4091,4.4518
1996-05-17,4.4803,4.4471
1996-05-20,4.4613,4.4376
1996-05-21,4.4376,4.3758
1996-05-22,4.3711,4.4423
1996-05-23,4.4423,4.5041
1996-05-24,4.5041,4.5041
1996-05-28,4.5136,4.4566
1996-05-29,4.4613,4.4518
1996-05-30,4.4566,4.4946
1996-05-31,4.5065,4.5136
1996-06-03,4.5136,4.4993
1996-06-04,4.5088,4.4803
1996-06-05,4.4851,4.5944
1996-06-06,4.6276,4.554
1996-06-07,4.4708,4.6086
1996-06-10,4.5991,4.5849
1996-06-11,4.5896,4.6419
1996-06-12,4.6704,4.7512
1996-06-13,4.7559,4.7369
1996-06-14,4.7417,4.6751
1996-06-17,4.6799,4.7369
1996-06-18,4.7321,4.6514
1996-06-19,4.6561,4.6276
1996-06-20,4.6371,4.6276
1996-06-21,4.6514,4.7084
1996-06-24,4.7131,4.7179
1996-06-25,4.7226,4.6371
1996-06-26,4.6324,4.5801
1996-06-27,4.5801,4.5587
1996-06-28,4.5801,4.5659
1996-07-01,4.5706,4.649
1996-07-02,4.6514,4.6229
1996-07-03,4.6229,4.6039
1996-07-05,4.5659,4.4993
1996-07-08,4.5041,4.573
1996-07-09,4.5944,4.5611
1996-07-10,4.5611,4.5421
1996-07-11,4.4946,4.3521
1996-07-12,4.3782,4.2713
1996-07-15,4.2713,4.2048
1996-07-16,4.1905,4.3853
1996-07-17,4.4756,4.4518
1996-07-18,4.4566,4.5564
1996-07-19,4.4756,4.5985
1996-07-22,4.5997,4.5516
1996-07-23,4.5611,4.2618
1996-07-24,4.162,4.3616
1996-07-25,4.4091,4.5041
1996-07-26,4.5421,4.5278
1996-07-29,4.5326,4.4423
1996-07-30,4.4803,4.5088
1996-07-31,4.5231,4.4803
1996-08-01,4.4803,4.5849
1996-08-02,4.6419,4.6894
1996-08-05,4.6941,4.6276
1996-08-06,4.6229,4.7131
1996-08-07,4.7274,4.7417
1996-08-08,4.7179,4.7607
1996-08-09,4.7417,4.7322
1996-08-12,4.7226,4.7607
1996-08-13,4.7512,4.6941
1996-08-14,4.7084,4.7464
1996-08-15,4.7417,4.7559
1996-08-16,4.7559,4.7226
1996-08-19,4.7084,4.6941
1996-08-20,4.7036,4.6894
1996-08-21,4.6561,4.6941
1996-08-22,4.7179,4.7512
1996-08-23,4.7464,4.6846
1996-08-26,4.6894,4.6704
1996-08-27,4.6799,4.7417
1996-08-28,4.7512,4.7749
1996-08-29,4.7607,4.7179
1996-08-30,4.7226,4.6561
1996-09-03,4.6371,4.6894
1996-09-04,4.6894,4.6894
1996-09-05,4.6656,4.6181
1996-09-06,4.6371,4.6561
1996-09-09,4.6561,4.7464
1996-09-10,4.7417,4.7274
1996-09-11,4.7108,4.7559
1996-09-12,4.7702,4.8889
1996-09-13,4.9269,4.9792
1996-09-16,4.984,4.9982
1996-09-17,5.0505,5.0885
1996-09-18,5.0932,5.1883
1996-09-19,5.1883,5.2358
1996-09-20,5.2073,5.25
1996-09-23,5.231,5.2358
1996-09-24,5.2263,5.2025
1996-09-25,5.2263,5.155
1996-09-26,5.1598,5.0172
1996-09-27,5.0362,5.1075
1996-09-30,5.0742,5.0125
1996-10-01,5.0077,5.022
1996-10-02,5.0505,5.1217
1996-10-03,5.1217,5.0932
1996-10-04,5.117,5.1835
1996-10-07,5.1835,5.2263
1996-10-08,5.2358,5.1455
1996-10-09,5.1693,5.1122
1996-10-10,5.0837,5.0837
1996-10-11,5.117,5.212
1996-10-14,5.2215,5.193
1996-10-15,5.2738,5.2785
1996-10-16,5.2738,5.2453
1996-10-17,5.2548,5.1503
1996-10-18,5.0932,5.1217
1996-10-21,5.1217,5.0932
1996-10-22,5.06,5.0362
1996-10-23,5.041,5.1122
1996-10-24,5.1265,5.193
1996-10-25,5.193,5.1859
1996-10-28,5.1954,5.193
1996-10-29,5.2025,5.1455
1996-10-30,5.1455,5.1788
1996-10-31,5.1835,5.2168
1996-11-01,5.2168,5.2215
1996-11-04,5.2168,5.2453
1996-11-05,5.2643,5.3783
1996-11-06,5.3736,5.4923
1996-11-07,5.5018,5.4543
1996-11-08,5.4496,5.4543
1996-11-11,5.4496,5.4591
1996-11-12,5.4733,5.3878
1996-11-13,5.4591,5.5113
1996-11-14,5.5208,5.6871
1996-11-15,5.7299,5.6634
1996-11-18,5.6776,5.7156
1996-11-19,5.7204,5.9247
1996-11-20,5.9294,5.8249
1996-11-21,5.8724,5.7156
1996-11-22,5.7299,5.7204
1996-11-25,5.7441,5.8344
1996-11-26,5.8534,5.8439
1996-11-27,5.8582,5.9104
1996-11-29,5.9104,5.9627
1996-12-02,5.9865,5.996
1996-12-03,6.0197,5.8796
1996-12-04,5.8962,5.8249
1996-12-05,5.8297,5.8154
1996-12-06,5.6634,5.8107
1996-12-09,5.9579,6.2145
1996-12-10,6.4141,6.224
1996-12-11,6.1575,6.338
1996-12-12,6.4616,6.1575
1996-12-13,6.167,6.0815
1996-12-16,6.1005,5.8344
1996-12-17,5.8249,6.072
1996-12-18,6.186,6.281
1996-12-19,6.3855,6.4521
1996-12-20,6.4996,6.357
1996-12-23,6.3951,6.3665
1996-12-24,6.3951,6.4521
1996-12-26,6.4806,6.4996
1996-12-27,6.4996,6.4046
1996-12-30,6.4901,6.3475
1996-12-31,6.3855,6.281
1997-01-02,6.319,6.205
1997-01-03,6.2525,6.4331
1997-01-06,6.4331,6.4141
1997-01-07,6.4236,6.4616
1997-01-08,6.4616,6.338
1997-01-09,6.3665,6.262
1997-01-10,6.2335,6.4046
1997-01-13,6.4711,6.3665
1997-01-14,6.4046,6.4901
1997-01-15,6.5091,6.4331
1997-01-16,6.4616,6.5376
1997-01-17,6.5091,6.6231
1997-01-20,6.6136,6.8987
1997-01-21,6.8892,7.2218
1997-01-22,7.2313,7.4023
1997-01-23,7.4593,7.2028
1997-01-24,7.2313,7.293
1997-01-27,7.3358,7.3073
1997-01-28,7.4783,7.2693
1997-01-29,7.3548,7.3928
1997-01-30,7.4688,7.6874
1997-01-31,7.7444,7.7539
1997-02-03,7.8014,7.7824
1997-02-04,7.7824,7.8394
1997-02-05,7.8394,7.4783
1997-02-06,7.4688,7.3833
1997-02-07,7.4783,7.6304
1997-02-10,7.6589,7.4308
1997-02-11,7.4688,7.4878
1997-02-12,7.4783,7.5923
1997-02-13,7.6399,7.6018
1997-02-14,7.5543,7.4403
1997-02-18,7.4213,7.4023
1997-02-19,7.4023,7.4118
1997-02-20,7.3643,7.2408
1997-02-21,7.2123,7.2218
1997-02-24,7.1647,7.6113
1997-02-25,7.6018,7.5638
1997-02-26,7.5638,7.6209
1997-02-27,7.6209,7.3073
1997-02-28,7.3073,7.4118
1997-03-03,7.3738,7.5638
1997-03-04,7.5448,7.5353
1997-03-05,7.5638,7.6684
1997-03-06,7.6589,7.4308
1997-03-07,7.4783,7.3548
1997-03-10,7.3833,7.6018
1997-03-11,7.5733,7.4783
1997-03-12,7.4308,7.5068
1997-03-13,7.4688,7.5733
1997-03-14,7.5828,7.5258
1997-03-17,7.4878,7.6399
1997-03-18,7.6494,7.5733
1997-03-19,7.4308,7.3548
1997-03-20,7.3453,7.2978
1997-03-21,7.3358,7.1457
1997-03-24,7.0792,6.8512
1997-03-25,6.8892,6.8654
1997-03-26,6.8987,7.1647
1997-03-27,7.2313,7.1267
1997-03-31,7.0792,6.9699
1997-04-01,6.8512,7.0887
1997-04-02,7.0602,6.9937
1997-04-03,6.9177,7.2313
1997-04-04,7.1267,7.16
1997-04-07,7.2693,7.2883
1997-04-08,7.3453,7.4688
1997-04-09,7.5353,7.4498
1997-04-10,7.4308,7.3548
1997-04-11,7.2598,7.2218
1997-04-14,7.2027,7.4023
1997-04-15,7.4403,7.3833
1997-04-16,7.3453,7.4688
1997-04-17,7.4878,7.4593
1997-04-18,7.9059,8.1815
1997-04-21,8.134,8.1815
1997-04-22,8.1815,8.4095
1997-04-23,8.4095,8.7516
1997-04-24,8.8657,8.6756
1997-04-25,8.6281,8.6376
1997-04-28,8.6471,8.7326
1997-04-29,8.9227,9.0462
1997-04-30,9.0177,9.2362
1997-05-01,9.2743,9.1982
1997-05-02,9.2743,9.1792
1997-05-05,9.0937,9.1365
1997-05-06,9.0747,8.9179
1997-05-07,8.8467,8.7801
1997-05-08,8.7611,8.8467
1997-05-09,8.9702,8.8752
1997-05-12,8.9322,8.9797
1997-05-13,8.9987,8.9512
1997-05-14,8.9987,8.8086
1997-05-15,8.8181,8.9037
1997-05-16,8.8467,8.7754
1997-05-19,8.8276,8.7516
1997-05-20,8.8086,9.0557
1997-05-21,9.1697,9.1507
1997-05-22,9.1982,9.1697
1997-05-23,9.2267,9.3408
1997-05-27,9.3313,9.6258
1997-05-28,9.6733,9.5688
1997-05-29,9.6733,9.5688
1997-05-30,8.9322,9.4263
1997-06-02,9.5023,9.4548
1997-06-03,9.3788,9.1792
1997-06-04,9.1697,9.0605
1997-06-05,9.1424,9.165
1997-06-06,9.2267,9.431
1997-06-09,9.4928,9.5118
1997-06-10,9.5118,9.4881
1997-06-11,9.4881,9.6543
1997-06-12,9.6353,9.6543
1997-06-13,9.6353,9.8539
1997-06-16,9.8539,9.9869
1997-06-17,9.9964,10.2007
1997-06-18,10.1295,9.8967
1997-06-19,9.7589,9.8301
1997-06-20,9.8349,9.8729
1997-06-23,9.8729,9.7351
1997-06-24,9.8444,10.0392
1997-06-25,10.101,9.9157
1997-06-26,9.8919,9.7494
1997-06-27,9.8159,9.6924
1997-06-30,9.7209,9.6068
1997-07-01,9.6116,9.4976
1997-07-02,9.5498,9.7589
1997-07-03,9.8872,9.8491
1997-07-07,9.9299,9.8444
1997-07-08,9.8349,9.9774
1997-07-09,10.0724,9.9394
1997-07-10,9.9204,9.8729
1997-07-11,9.9014,9.8634
1997-07-14,9.9442,10.3338
1997-07-15,10.4953,10.5262
1997-07-16,10.8231,11.284
1997-07-17,11.4408,11.3648
1997-07-18,11.0227,10.6806
1997-07-21,10.7091,10.3338
1997-07-22,10.405,10.9562
1997-07-23,11.0417,10.7519
1997-07-24,10.5191,10.4905
1997-07-25,10.5286,10.5286
1997-07-28,10.5856,10.4145
1997-07-29,10.3955,10.6378
1997-07-30,10.6996,10.7281
1997-07-31,10.7946,10.7471
1997-08-01,10.7471,10.6901
1997-08-04,10.6616,10.7614
1997-08-05,10.8136,10.8944
1997-08-06,10.8944,10.9039
1997-08-07,10.9704,10.9419
1997-08-08,10.8564,10.6426
1997-08-11,10.6426,10.5096
1997-08-12,10.5951,10.3385
1997-08-13,10.5001,10.3433
1997-08-14,10.3385,10.3575
1997-08-15,10.3005,10.101
1997-08-18,10.1105,10.177
1997-08-19,10.2435,10.5523
1997-08-20,10.5666,10.6853
1997-08-21,10.7661,10.481
1997-08-22,10.2815,10.4335
1997-08-25,10.481,10.3765
1997-08-26,10.3385,10.2625
1997-08-27,10.2815,10.2292
1997-08-28,10.1485,10.0392
1997-08-29,10.0392,10.0487
1997-09-02,10.12,10.4288
1997-09-03,10.462,10.3813
1997-09-04,10.3385,10.5048
1997-09-05,10.5713,10.4383
1997-09-08,10.4715,10.5903
1997-09-09,10.5856,10.6046
1997-09-10,10.5571,10.272
1997-09-11,10.2625,10.4003
1997-09-12,10.405,10.4858
1997-09-15,10.31,9.9347
1997-09-16,10.0154,10.367
1997-09-17,10.386,10.1247
1997-09-18,10.2055,10.0534
1997-09-19,10.0534,10.2767
1997-09-22,10.2625,10.1342
1997-09-23,10.1532,10.3005
1997-09-24,10.31,10.0677
1997-09-25,10.101,10.0914
1997-09-26,10.158,10.139
1997-09-29,10.1485,10.2245
1997-09-30,10.2197,10.0582
1997-10-01,10.0724,10.177
1997-10-02,10.1675,10.1247
1997-10-03,10.2577,10.2577
1997-10-06,10.329,10.272
1997-10-07,10.2625,10.3813
1997-10-08,10.386,10.5666
1997-10-09,10.5286,10.5618
1997-10-10,10.5143,10.3765
1997-10-13,10.4145,10.3955
1997-10-14,10.424,10.3908
1997-10-15,10.3195,10.3195
1997-10-16,10.348,10.1793
1997-10-17,10.12,10.0534
1997-10-20,10.1105,10.082
1997-10-21,10.348,10.5286
1997-10-22,10.5191,10.3148
1997-10-23,10.0344,10.31
1997-10-24,10.405,10.291
1997-10-27,10.253,9.7969
1997-10-28,10.0534,10.139
1997-10-29,10.1675,9.9489
1997-10-30,9.8444,9.7779
1997-10-31,9.9584,9.8824
1997-11-03,10.0059,10.196
1997-11-04,10.1865,10.2055
1997-11-05,10.2245,10.1532
1997-11-06,10.1295,10.0392
1997-11-07,9.8872,10.0012
1997-11-10,10.0059,9.8967
1997-11-11,9.9157,9.9299
1997-11-12,9.8919,9.8206
1997-11-13,9.8872,10.0012
1997-11-14,10.0059,10.1342
1997-11-17,10.2245,10.253
1997-11-18,10.2577,10.1865
1997-11-19,10.158,10.2672
1997-11-20,10.2815,10.405
1997-11-21,10.4763,10.481
1997-11-24,10.424,10.3005
1997-11-25,10.329,10.5666
1997-11-26,10.5666,10.7614
1997-11-28,10.7376,10.7566
1997-12-01,10.7899,10.9324
1997-12-02,10.9134,10.8136
1997-12-03,10.7709,10.9989
1997-12-04,11.0037,10.8374
1997-12-05,10.8041,10.8801
1997-12-08,10.9087,11.1082
1997-12-09,11.0227,10.9704
1997-12-10,10.8136,10.8136
1997-12-11,10.6711,10.5713
1997-12-12,10.4715,10.3955
1997-12-15,10.3718,10.348
1997-12-16,10.329,10.5713
1997-12-17,10.6331,10.31
1997-12-18,10.2245,9.9489
1997-12-19,9.7874,9.7826
1997-12-22,9.8159,9.6543
1997-12-23,9.6591,9.374
1997-12-24,9.4073,9.0414
1997-12-26,9.0367,9.1792
1997-12-29,9.3028,9.6021
1997-12-30,9.6116,9.9014
1997-12-31,9.9584,9.8254
1998-01-02,9.8539,9.9679
1998-01-05,9.9774,9.9109
1998-01-06,9.8634,9.9679
1998-01-07,9.8729,9.8491
1998-01-08,9.7779,9.9204
1998-01-09,9.8872,9.6543
1998-01-12,9.4738,9.8444
1998-01-13,9.8444,10.0439
1998-01-14,10.0439,9.9679
1998-01-15,9.9109,10.0582
1998-01-16,10.0629,10.2815
1998-01-20,10.196,10.4763
1998-01-21,10.4335,10.4145
1998-01-22,10.3053,10.5381
1998-01-23,10.5476,10.5096
1998-01-26,10.6331,10.7756
1998-01-27,10.8231,11.0369
1998-01-28,11.1177,11.3267
1998-01-29,11.322,11.2697
1998-01-30,11.2982,11.341
1998-02-02,11.5358,11.7734
1998-02-03,11.7924,11.8494
1998-02-04,11.8494,11.9206
1998-02-05,12.0204,11.8161
1998-02-06,11.8114,12.0204
1998-02-09,12.0679,11.9492
1998-02-10,11.9539,12.1059
1998-02-11,12.1154,12.0822
1998-02-12,12.0157,12.0679
1998-02-13,12.0584,11.9729
1998-02-17,12.0489,11.7354
1998-02-18,11.7544,11.7544
1998-02-19,11.8209,11.7734
1998-02-20,11.8209,11.7924
1998-02-23,12.3055,12.41
1998-02-24,12.6761,12.486
1998-02-25,12.6856,12.9136
1998-02-26,12.9992,12.9992
1998-02-27,13.0087,12.8851
1998-03-02,13.0562,12.6666
1998-03-03,12.562,12.8471
1998-03-04,12.5335,12.5145
1998-03-05,12.0489,12.1725
1998-03-06,12.2105,12.5811
1998-03-09,12.5431,12.1012
1998-03-10,12.3435,12.391
1998-03-11,12.467,12.2675
1998-03-12,12.543,12.448
1998-03-13,12.5335,12.524
1998-03-16,12.5335,12.467
1998-03-17,12.4195,12.22
1998-03-18,12.1725,12.429
1998-03-19,12.391,12.467
1998-03-20,12.486,12.4385
1998-03-23,12.3435,12.7521
1998-03-24,12.7996,12.9136
1998-03-25,13.7593,13.5028
1998-03-26,13.4553,13.4173
1998-03-27,13.5883,13.3507
1998-03-30,13.3888,13.3697
1998-03-31,13.4743,13.6073
1998-04-01,13.6548,13.7403
1998-04-02,13.7879,13.8829
1998-04-03,13.9874,14.1394
1998-04-06,14.0824,13.6738
1998-04-07,13.5788,13.2652
1998-04-08,13.1892,13.5218
1998-04-09,13.3698,13.5313
1998-04-13,13.5028,13.4743
1998-04-14,13.4838,13.4458
1998-04-15,13.5693,13.8924
1998-04-16,13.7403,13.9399
1998-04-17,13.9114,14.0064
1998-04-20,14.0444,14.3865
1998-04-21,14.396,14.4245
1998-04-22,14.5955,15.0327
1998-04-23,14.7856,14.3675
1998-04-24,14.2155,14.0064
1998-04-27,13.6073,13.7308
1998-04-28,14.0064,13.6643
1998-04-29,13.6928,13.7593
1998-04-30,13.9114,13.7023
1998-05-01,13.7118,13.6263
1998-05-04,13.5598,13.3888
1998-05-05,13.3222,13.3412
1998-05-06,13.3032,13.1322
1998-05-07,13.1037,12.6761
1998-05-08,12.448,13.0372
1998-05-11,13.0942,12.8091
1998-05-12,12.6571,13.0277
1998-05-13,13.4838,13.2177
1998-05-14,13.0562,13.5218
1998-05-15,13.7023,13.5978
1998-05-18,12.8471,13.0847
1998-05-19,13.0467,13.1512
1998-05-20,13.0942,13.0372
1998-05-21,13.0467,13.1322
1998-05-22,13.1702,13.0087
1998-05-26,12.9707,12.7141
1998-05-27,12.6001,13.0752
1998-05-28,13.0372,13.1227
1998-05-29,13.1322,12.8946
1998-06-01,12.7521,12.7331
1998-06-02,12.7806,12.9992
1998-06-03,13.0562,12.8186
1998-06-04,12.8756,13.0847
1998-06-05,13.0562,13.1132
1998-06-08,13.0182,13.0277
1998-06-09,12.9706,13.2367
1998-06-10,13.1702,13.0752
1998-06-11,13.1417,12.9707
1998-06-12,12.9041,13.0372
1998-06-15,12.8756,13.0657
1998-06-16,13.1227,13.6643
1998-06-17,13.6738,13.8449
1998-06-18,13.8069,13.8639
1998-06-19,14.1204,14.396
1998-06-22,14.4055,14.567
1998-06-23,14.567,15.3177
1998-06-24,15.4603,15.9544
1998-06-25,16.0969,15.4413
1998-06-26,15.5458,15.8784
1998-06-29,16.0399,16.3345
1998-06-30,16.0019,16.477
1998-07-01,16.591,16.629
1998-07-02,16.5435,16.306
1998-07-06,16.249,16.3915
1998-07-07,16.3915,16.4105
1998-07-08,16.439,16.7051
1998-07-09,16.7241,16.8761
1998-07-10,16.8951,17.2087
1998-07-13,17.3512,17.8738
1998-07-14,17.9784,17.7123
1998-07-15,17.6363,17.8453
1998-07-16,17.9499,17.8453
1998-07-17,17.8643,17.9309
1998-07-20,17.9689,17.7883
1998-07-21,17.7693,17.1517
1998-07-22,17.0281,17.7503
1998-07-23,17.6838,17.1802
1998-07-24,17.2942,17.3037
1998-07-27,17.1992,17.7503
1998-07-28,17.6363,17.0662
1998-07-29,17.2182,16.8286
1998-07-30,17.0186,17.2467
1998-07-31,17.1707,16.7146
1998-08-03,16.591,16.4865
1998-08-04,16.515,15.8879
1998-08-05,15.8308,15.8593
1998-08-06,15.7738,16.2489
1998-08-07,16.3345,16.0969
1998-08-10,16.0874,15.8784
1998-08-11,15.6408,15.7263
1998-08-12,15.8593,15.9734
1998-08-13,15.8308,15.8023
1998-08-14,15.9164,15.8498
1998-08-17,15.7358,16.3155
1998-08-18,16.401,16.9141
1998-08-19,17.0661,16.8096
1998-08-20,16.7431,17.1137
1998-08-21,16.8951,16.8191
1998-08-24,16.7716,16.7811
1998-08-25,16.9331,17.1517
1998-08-26,16.9141,17.1137
1998-08-27,16.8096,16.61
1998-08-28,16.458,16.0019
1998-08-31,15.9449,14.586
1998-09-01,14.4815,15.3937
1998-09-02,15.4793,15.2892
1998-09-03,15.0136,15.0897
1998-09-04,15.1562,14.6906
1998-09-08,15.2037,15.503
1998-09-09,15.5458,15.5458
1998-09-10,15.2037,15.3177
1998-09-11,15.3747,15.8498
1998-09-14,15.9544,16.1159
1998-09-15,16.0969,16.4675
1998-09-16,16.401,16.4485
1998-09-17,16.0114,15.9544
1998-09-18,16.0779,16.0209
1998-09-21,15.5838,16.401
1998-09-22,16.4865,16.6005
1998-09-23,16.667,17.2752
1998-09-24,17.1992,16.7431
1998-09-25,16.591,17.1897
1998-09-28,17.1802,16.9236
1998-09-29,16.9996,17.1612
1998-09-30,17.0756,16.7336
1998-10-01,16.4295,15.8213
1998-10-02,15.7168,15.8308
1998-10-05,15.5838,15.3842
1998-10-06,15.5838,14.8426
1998-10-07,14.8046,14.3105
1998-10-08,13.7688,13.8639
1998-10-09,14.1679,14.7286
1998-10-12,15.0897,15.1657
1998-10-13,15.1277,14.6621
1998-10-14,14.5765,15.2322
1998-10-15,15.2227,16.0304
1998-10-16,16.1159,15.9734
1998-10-19,15.8308,15.6503
1998-10-20,15.6978,15.2417
1998-10-21,15.9449,16.1824
1998-10-22,16.1159,16.7241
1998-10-23,16.572,16.1729
1998-10-26,16.2394,16.2775
1998-10-27,16.382,16.0304
1998-10-28,15.9449,16.0684
1998-10-29,16.0304,16.2109
1998-10-30,16.306,16.0969
1998-11-02,16.1729,16.0874
1998-11-03,16.0399,15.9924
1998-11-04,16.0874,16.0399
1998-11-05,16.0114,16.1729
1998-11-06,16.1254,16.6195
1998-11-09,16.6005,16.8286
1998-11-10,16.7431,17.0376
1998-11-11,17.2467,16.8856
1998-11-12,16.7621,16.534
1998-11-13,16.4865,16.7241
1998-11-16,16.9236,16.5435
1998-11-17,16.572,17.0091
1998-11-18,16.6575,16.6861
1998-11-19,16.5815,16.9901
1998-11-20,17.1422,17.2752
1998-11-23,17.1042,18.1209
1998-11-24,18.0449,18.501
1998-11-25,18.653,18.8906
1998-11-27,19.0236,19.4702
1998-11-30,19.6698,18.5485
1998-12-01,18.2824,19.6888
1998-12-02,19.6413,19.2707
1998-12-03,19.2897,18.5675
1998-12-04,18.9951,19.3657
1998-12-07,19.4132,20.3064
1998-12-08,20.2019,19.9454
1998-12-09,20.0879,20.3159
1998-12-10,20.2399,20.0024
1998-12-11,19.9168,20.3729
1998-12-14,20.1829,19.4512
1998-12-15,19.6603,20.0499
1998-12-16,20.1449,20.3349
1998-12-17,20.4015,20.43
1998-12-18,20.525,20.9526
1998-12-21,21.0761,21.3517
1998-12-22,21.3612,21.0476
1998-12-23,21.3422,21.8268
1998-12-24,21.8363,21.5512
1998-12-28,21.7413,21.6463
1998-12-29,21.6748,21.3612
1998-12-30,21.4182,21.1331
1998-12-31,21.1616,21.0856
1999-01-04,21.2258,21.4372
1999-01-05,21.5702,22.2734
1999-01-06,22.7295,22.9956
1999-01-07,22.7675,22.8816
1999-01-08,23.1381,22.7865
1999-01-11,22.9386,22.4255
1999-01-12,22.5205,21.6178
1999-01-13,20.677,21.8648
1999-01-14,22.0834,21.5512
1999-01-15,21.7318,22.7675
1999-01-19,23.0146,23.6607
1999-01-20,25.3807,24.725
1999-01-21,24.592,24.0693
1999-01-22,23.6607,23.7558
1999-01-25,24.5825,24.611
1999-01-26,25.1621,26.0838
1999-01-27,26.2264,25.6372
1999-01-28,26.1123,26.4544
1999-01-29,26.5685,26.6065
1999-02-01,26.673,26.2929
1999-02-02,26.2264,25.4852
1999-02-03,25.2951,25.3617
1999-02-04,25.5612,24.1834
1999-02-05,24.3639,24.3259
1999-02-08,24.7155,25.1241
1999-02-09,25.0766,24.3354
1999-02-10,24.3069,24.4209
1999-02-11,24.744,24.744
1999-02-12,24.5825,23.9838
1999-02-16,24.2879,23.7558
1999-02-17,23.2521,22.8055
1999-02-18,22.9481,22.1594
1999-02-19,22.4159,22.4634
1999-02-22,22.5395,22.625
1999-02-23,23.2522,23.6322
1999-02-24,23.7843,23.2427
1999-02-25,23.1666,23.3377
1999-02-26,23.1666,22.8246
1999-03-01,22.739,23.0716
1999-03-02,23.0906,22.587
1999-03-03,22.6535,22.7485
1999-03-04,22.9766,23.1476
1999-03-05,23.5277,23.5562
1999-03-08,23.6417,24.1739
1999-03-09,24.3069,24.6015
1999-03-10,24.6775,24.535
1999-03-11,24.4779,24.5445
1999-03-12,24.725,24.3544
1999-03-15,24.4114,25.2191
1999-03-16,25.1621,25.7037
1999-03-17,25.7037,25.4092
1999-03-18,25.3047,26.2169
1999-03-19,26.4354,26.0268
1999-03-22,26.2929,26.2739
1999-03-23,26.2549,25.3237
1999-03-24,25.3902,26.0363
1999-03-25,26.3119,27.3572
1999-03-26,27.2051,27.0816
1999-03-29,27.4047,28.0888
1999-03-30,28.3929,28.2789
1999-03-31,28.735,27.2526
1999-04-01,27.7467,28.1838
1999-04-05,28.678,28.868
1999-04-06,28.944,28.6019
1999-04-07,28.849,28.3739
1999-04-08,28.3549,28.754
1999-04-09,28.659,28.659
1999-04-12,27.8608,28.2789
1999-04-13,28.3169,27.4046
1999-04-14,27.6137,26.1123
1999-04-15,26.5495,27.0246
1999-04-16,27.0816,26.3404
1999-04-19,26.4164,24.63
1999-04-20,25.0101,25.2761
1999-04-21,24.9721,24.934
1999-04-22,25.8463,25.8273
1999-04-23,25.8463,26.1504
1999-04-26,26.5114,26.7585
1999-04-27,26.9866,25.5422
1999-04-28,25.9413,24.9721
1999-04-29,25.0481,24.9531
1999-04-30,25.1621,24.725
1999-05-03,24.763,24.2879
1999-05-04,24.4779,23.7368
1999-05-05,24.0598,24.0598
1999-05-06,24.535,23.6988
1999-05-07,24.2119,24.0408
1999-05-10,24.2879,24.2309
1999-05-11,24.554,24.2879
1999-05-12,24.554,24.4779
1999-05-13,24.668,24.0598
1999-05-14,23.9838,23.3757
1999-05-17,23.5277,24.0598
1999-05-18,24.2689,23.9268
1999-05-19,24.2879,24.1169
1999-05-20,24.1929,23.8508
1999-05-21,23.8698,23.5847
1999-05-24,23.6798,23.4897
1999-05-25,23.3377,23.1856
1999-05-26,23.4707,23.8698
1999-05-27,23.7938,23.8318
1999-05-28,23.9458,24.535
1999-06-01,24.516,23.8698
1999-06-02,23.7368,23.8508
1999-06-03,23.8318,23.2236
1999-06-04,23.3947,24.1929
1999-06-07,24.3069,24.4019
1999-06-08,24.2879,24.1359
1999-06-09,24.3639,25.0291
1999-06-10,24.8961,24.2879
1999-06-11,24.3259,23.7558
1999-06-14,23.9458,23.5847
1999-06-15,23.7368,23.6227
1999-06-16,24.0408,24.63
1999-06-17,24.535,25.2001
1999-06-18,25.0291,25.8463
1999-06-21,25.8083,27.0436
1999-06-22,26.8915,26.3024
1999-06-23,26.1314,26.1504
1999-06-24,26.0743,25.7323
1999-06-25,25.9603,25.8273
1999-06-28,25.9983,26.3784
1999-06-29,26.3594,26.7585
1999-06-30,26.6825,27.4237
1999-07-01,27.3286,27.7277
1999-07-02,27.6327,27.9748
1999-07-06,28.0508,27.2336
1999-07-07,27.3857,28.0698
1999-07-08,27.9178,28.1458
1999-07-09,28.0888,28.3549
1999-07-12,28.3359,28.64
1999-07-13,28.3169,28.4689
1999-07-14,28.5069,28.868
1999-07-15,28.887,28.697
1999-07-16,29.0391,30.2364
1999-07-19,30.4074,29.9133
1999-07-20,29.3241,28.3739
1999-07-21,28.4689,28.792
1999-07-22,28.697,27.6897
1999-07-23,27.8418,27.4427
1999-07-26,27.0246,26.6445
1999-07-27,27.0056,27.0056
1999-07-28,27.1196,27.3666
1999-07-29,26.9676,26.4354
1999-07-30,26.6445,26.0933
1999-08-02,26.0553,25.7893
1999-08-03,26.1123,25.7703
1999-08-04,25.8843,25.8273
1999-08-05,25.9603,26.0743
1999-08-06,26.1694,25.8843
1999-08-09,26.0363,25.4852
1999-08-10,25.4092,25.2191
1999-08-11,25.5422,25.5992
1999-08-12,25.5232,24.858
1999-08-13,25.2191,25.7513
1999-08-16,25.8653,25.6372
1999-08-17,25.9793,25.7132
1999-08-18,25.6752,25.8463
1999-08-19,25.7133,25.4852
1999-08-20,25.5422,25.3522
1999-08-23,25.6372,26.2834
1999-08-24,26.4734,28.0318
1999-08-25,28.4689,28.982
1999-08-26,29.0011,28.773
1999-08-27,28.906,28.3549
1999-08-30,28.2409,28.0508
1999-08-31,27.9178,28.1458
1999-09-01,28.0698,28.0888
1999-09-02,27.8227,27.9178
1999-09-03,28.5069,29.1531
1999-09-07,28.849,28.659
1999-09-08,28.4879,28.0508
1999-09-09,28.1078,28.6019
1999-09-10,28.906,28.887
1999-09-13,28.735,28.5449
1999-09-14,28.4879,28.906
1999-09-15,29.0391,28.1648
1999-09-16,28.2409,28.5829
1999-09-17,28.697,29.3241
1999-09-20,29.1911,29.6662
1999-09-21,29.3621,28.773
1999-09-22,28.811,29.2101
1999-09-23,29.4572,27.7277
1999-09-24,27.4237,27.6517
1999-09-27,27.9748,27.8037
1999-09-28,27.7467,28.0128
1999-09-29,27.8418,27.2146
1999-09-30,27.3666,27.5377
1999-10-01,27.4237,27.3619
1999-10-04,27.5187,28.1458
1999-10-05,28.2028,27.9178
1999-10-06,28.0698,28.4879
1999-10-07,28.4879,28.5069
1999-10-08,28.4309,28.868
1999-10-11,28.773,28.678
1999-10-12,28.5829,28.1458
1999-10-13,27.9748,27.6897
1999-10-14,27.6327,27.5757
1999-10-15,27.2146,26.7775
1999-10-18,26.5114,26.7205
1999-10-19,26.8345,26.2454
1999-10-20,27.8418,28.0508
1999-10-21,27.5377,28.2979
1999-10-22,28.4499,28.1838
1999-10-25,27.9748,28.1078
1999-10-26,28.697,28.0888
1999-10-27,27.8228,27.6327
1999-10-28,27.3666,27.3286
1999-10-29,27.8038,28.1458
1999-11-01,28.3549,28.0888
1999-11-02,28.2029,28.1458
1999-11-03,28.2599,27.9748
1999-11-04,28.0698,27.8988
1999-11-05,27.9178,27.8418
1999-11-08,25.7893,27.3477
1999-11-09,27.2906,27.0246
1999-11-10,26.7965,26.4924
1999-11-11,26.8345,27.2526
1999-11-12,27.2906,27.1196
1999-11-15,26.8345,26.4544
1999-11-16,26.4354,26.5495
1999-11-17,26.2834,25.8463
1999-11-18,25.8273,25.8273
1999-11-19,25.6752,26.1504
1999-11-22,27.2526,27.3096
1999-11-23,27.1386,27.2526
1999-11-24,27.2336,27.8798
1999-11-26,27.8608,27.7087
1999-11-29,27.4047,27.4237
1999-11-30,27.2906,27.685
1999-12-01,27.6897,28.3359
1999-12-02,28.2979,28.83
1999-12-03,29.1341,29.2291
1999-12-06,28.963,29.0201
1999-12-07,28.811,28.2789
1999-12-08,28.3169,27.8988
1999-12-09,27.9748,28.2029
1999-12-10,28.3929,28.5449
1999-12-13,28.4642,29.3811
1999-12-14,29.2481,30.0083
1999-12-15,29.9703,32.973
1999-12-16,33.2201,34.5694
1999-12-17,35.4626,35.0445
1999-12-20,34.9115,34.2843
1999-12-21,34.1703,35.2346
1999-12-22,35.3628,35.7477
1999-12-23,35.6527,35.7097
1999-12-27,36.0137,36.2228
1999-12-28,36.1088,35.7287
1999-12-29,35.5576,35.8617
1999-12-30,35.8427,35.7667
1999-12-31,35.7287,35.5006
2000-01-03,35.6907,35.4436
2000-01-04,34.5314,34.2463
2000-01-05,33.7902,34.6074
2000-01-06,34.1133,33.4481
2000-01-07,33.03,33.8852
2000-01-10,34.4934,34.1323
2000-01-11,33.9042,33.2581
2000-01-12,32.992,32.1748
2000-01-13,31.7377,32.783
2000-01-14,32.5929,34.1323
2000-01-18,33.9993,35.0635
2000-01-19,33.6002,32.5359
2000-01-20,32.5549,32.2318
2000-01-21,32.5359,31.5477
2000-01-24,31.5619,30.7875
2000-01-25,30.7115,31.2626
2000-01-26,31.1486,30.2173
2000-01-27,30.3741,30.0273
2000-01-28,29.8373,29.8753
2000-01-31,29.6852,29.7612
2000-02-01,29.9513,31.3006
2000-02-02,31.1486,30.6544
2000-02-03,31.0346,31.5097
2000-02-04,31.7377,32.4029
2000-02-07,32.4789,32.4219
2000-02-08,32.3649,33.4291
2000-02-09,33.2771,31.6237
2000-02-10,31.5904,32.2318
2000-02-11,31.8897,30.3884
2000-02-14,30.7827,30.2934
2000-02-15,30.3314,29.9703
2000-02-16,30.1793,29.6852
2000-02-17,29.9513,30.2934
2000-02-18,30.4074,28.906
2000-02-22,28.925,28.5259
2000-02-23,28.4309,28.659
2000-02-24,28.659,28.811
2000-02-25,28.792,27.7657
2000-02-28,27.4427,27.8418
2000-02-29,27.8988,27.1766
2000-03-01,27.2526,27.6137
2000-03-02,27.9178,28.3929
2000-03-03,28.811,29.2291
2000-03-06,29.1911,27.5567
2000-03-07,29.2291,28.2409
2000-03-08,28.5259,29.0581
2000-03-09,28.982,30.4074
2000-03-10,30.2744,30.7115
2000-03-13,29.6852,29.7993
2000-03-14,29.9893,28.925
2000-03-15,28.754,29.001
2000-03-16,29.1721,29.001
2000-03-17,28.963,30.2173
2000-03-20,30.0273,29.6092
2000-03-21,29.4191,31.2436
2000-03-22,31.2626,31.3956
2000-03-23,32.4789,34.0183
2000-03-24,34.2463,33.9613
2000-03-27,32.7687,31.6427
2000-03-28,31.5096,31.7187
2000-03-29,31.9848,32.5929
2000-03-30,32.2888,31.4336
2000-03-31,32.2318,32.3078
2000-04-03,28.716,27.6327
2000-04-04,27.8418,26.9296
2000-04-05,26.8345,26.2644
2000-04-06,26.7205,26.1504
2000-04-07,26.4544,27.0816
2000-04-10,26.9485,26.1694
2000-04-11,25.8843,25.5042
2000-04-12,24.9721,24.1359
2000-04-13,24.592,24.0978
2000-04-14,24.0598,22.5395
2000-04-17,22.5775,23.0716
2000-04-18,23.2616,24.4969
2000-04-19,24.763,23.9268
2000-04-20,23.9078,24.0028
2000-04-24,20.449,20.2589
2000-04-25,20.9051,21.0951
2000-04-26,21.2852,20.677
2000-04-27,20.506,21.2282
2000-04-28,21.5132,21.2092
2000-05-01,22.1594,22.3304
2000-05-02,22.1404,21.2472
2000-05-03,21.3992,21.4562
2000-05-04,21.3802,21.4182
2000-05-05,21.3612,21.6273
2000-05-08,21.5702,21.2282
2000-05-09,21.3422,20.62
2000-05-10,20.601,20.1259
2000-05-11,20.2589,20.639
2000-05-12,20.8101,20.9241
2000-05-15,20.9811,21.0951
2000-05-16,21.1521,21.1331
2000-05-17,20.9431,20.582
2000-05-18,20.696,20.1259
2000-05-19,19.8788,19.7838
2000-05-22,19.8028,19.5177
2000-05-23,19.4227,19.2137
2000-05-24,19.1947,19.9358
2000-05-25,19.6318,18.7005
2000-05-26,18.8716,18.6815
2000-05-30,18.9856,19.2707
2000-05-31,19.3515,19.0236
2000-06-01,19.5748,19.6318
2000-06-02,20.0689,20.1639
2000-06-05,20.0736,20.3349
2000-06-06,20.734,21.1711
2000-06-07,21.0571,21.4372
2000-06-08,21.7603,20.9241
2000-06-09,21.1711,20.9241
2000-06-12,20.9811,20.3349
2000-06-13,20.2969,20.639
2000-06-14,21.2282,21.4372
2000-06-15,21.5322,22.0073
2000-06-16,22.0834,22.0644
2000-06-19,22.0644,22.4064
2000-06-20,22.4635,22.7865
2000-06-21,23.4137,24.535
2000-06-22,24.744,24.2879
2000-06-23,24.3069,23.6227
2000-06-26,23.5657,24.1739
2000-06-27,24.0978,23.9648
2000-06-28,24.0218,24.0028
2000-06-29,23.7938,23.4707
2000-06-30,23.4327,24.3259
2000-07-03,24.2309,24.3259
2000-07-05,24.2879,23.8698
2000-07-06,23.9838,24.611
2000-07-07,24.7107,24.934
2000-07-10,24.535,24.1549
2000-07-11,23.9648,24.0598
2000-07-12,23.7938,24.4209
2000-07-13,23.9648,24.3069
2000-07-14,24.1739,24.0028
2000-07-17,23.7938,23.7748
2000-07-18,23.6037,23.8698
2000-07-19,23.1286,22.2354
2000-07-20,22.3304,22.7485
2000-07-21,22.7295,21.9883
2000-07-24,21.9123,21.4562
2000-07-25,21.5322,20.9811
2000-07-26,21.0001,20.62
2000-07-27,20.639,21.0951
2000-07-28,21.5702,21.1901
2000-07-31,21.3422,21.2282
2000-08-01,21.2662,20.8861
2000-08-02,20.8481,21.0951
2000-08-03,20.734,21.3612
2000-08-04,21.1141,21.0191
2000-08-07,21.3422,21.2852
2000-08-08,21.3042,22.5395
2000-08-09,22.4255,22.5775
2000-08-10,22.4444,22.0834
2000-08-11,22.0264,22.0264
2000-08-14,21.9883,21.9503
2000-08-15,21.8933,21.7793
2000-08-16,21.8553,21.5893
2000-08-17,21.6273,21.7603
2000-08-18,21.6273,21.5893
2000-08-21,21.4942,21.4752
2000-08-22,21.5322,21.6653
2000-08-23,21.5322,21.5132
2000-08-24,21.4752,21.6273
2000-08-25,21.4942,21.4752
2000-08-28,21.3422,21.6843
2000-08-29,21.6463,21.5702
2000-08-30,21.4942,21.2852
2000-08-31,21.5512,21.2282
2000-09-01,21.2852,21.3422
2000-09-05,21.2852,21.3232
2000-09-06,21.3042,21.1141
2000-09-07,21.2852,21.3042
2000-09-08,21.3992,21.0761
2000-09-11,21.0191,20.9241
2000-09-12,20.9051,20.715
2000-09-13,20.544,20.753
2000-09-14,20.8861,20.0119
2000-09-15,19.8978,19.5177
2000-09-18,19.5367,19.1566
2000-09-19,19.3467,19.7648
2000-09-20,19.7268,19.5368
2000-09-21,19.4607,19.5177
2000-09-22,18.5865,19.2327
2000-09-25,19.2327,18.6245
2000-09-26,18.5295,19.0616
2000-09-27,19.2897,18.4345
2000-09-28,18.4915,18.6435
2000-09-29,18.5485,18.3395
2000-10-02,18.3965,17.9784
2000-10-03,18.1114,17.1992
2000-10-04,17.1422,16.8571
2000-10-05,16.8761,16.8381
2000-10-06,16.9711,16.8951
2000-10-09,16.9141,16.477
2000-10-10,16.401,16.591
2000-10-11,16.42,16.9521
2000-10-12,17.1232,16.534
2000-10-13,16.382,16.344
2000-10-16,16.268,15.3177
2000-10-17,15.7738,15.3367
2000-10-18,15.0897,15.7358
2000-10-19,17.7693,18.8146
2000-10-20,18.6435,19.8218
2000-10-23,19.6508,18.8906
2000-10-24,19.0426,18.7005
2000-10-25,18.8336,18.6245
2000-10-26,18.5485,19.5938
2000-10-27,19.6698,20.582
2000-10-30,20.525,21.0001
2000-10-31,20.9811,20.9431
2000-11-01,20.8291,21.1711
2000-11-02,21.3992,21.3802
2000-11-03,21.0571,20.753
2000-11-06,20.8861,21.1331
2000-11-07,21.2092,21.4372
2000-11-08,21.6273,21.1141
2000-11-09,20.8291,21.5512
2000-11-10,21.2662,20.487
2000-11-13,20.2779,20.2019
2000-11-14,20.677,20.9241
2000-11-15,21.0001,21.3042
2000-11-16,21.1141,20.9621
2000-11-17,21.1141,21.0001
2000-11-20,20.715,20.43
2000-11-21,20.487,20.601
2000-11-22,20.0879,20.753
2000-11-24,20.9811,21.2662
2000-11-27,21.7223,21.4942
2000-11-28,21.0951,20.3729
2000-11-29,20.3159,19.7838
2000-11-30,18.8526,17.4462
2000-12-01,17.6553,17.2182
2000-12-04,17.4082,17.1612
2000-12-05,17.9974,18.2064
2000-12-06,18.2444,17.2372
2000-12-07,16.2489,16.1539
2000-12-08,16.61,16.553
2000-12-11,16.8761,17.6553
2000-12-12,17.5793,17.7503
2000-12-13,18.3965,17.4082
2000-12-14,17.6173,16.8761
2000-12-15,15.522,14.9566
2000-12-18,14.8996,14.5385
2000-12-19,14.4245,13.6263
2000-12-20,13.0182,12.6191
2000-12-21,12.391,13.2082
2000-12-22,13.6073,14.1204
2000-12-26,14.2535,14.2535
2000-12-27,14.0254,14.1204
2000-12-28,13.7213,13.5503
2000-12-29,13.3602,13.1892
2001-01-02,13.4173,13.1892
2001-01-03,13.1322,14.5765
2001-01-04,14.5385,14.7286
2001-01-05,14.7476,14.9376
2001-01-08,14.8806,14.8806
2001-01-09,15.2037,15.7548
2001-01-10,15.5078,16.0779
2001-01-11,16.1159,16.7241
2001-01-12,16.686,16.2679
2001-01-16,16.2299,15.9829
2001-01-17,16.306,16.0969
2001-01-18,16.325,16.8761
2001-01-19,18.2444,18.5485
2001-01-22,18.4725,18.2824
2001-01-23,18.1684,18.4155
2001-01-24,18.5485,19.1376
2001-01-25,19.0806,18.7956
2001-01-26,18.5485,19.4607
2001-01-29,19.3277,19.6128
2001-01-30,19.6128,19.2707
2001-01-31,19.1567,18.5675
2001-02-01,18.4915,18.9666
2001-02-02,19.0046,18.4915
2001-02-05,18.4725,18.8336
2001-02-06,18.8716,19.0236
2001-02-07,18.8526,19.6698
2001-02-08,19.3847,18.9286
2001-02-09,18.6435,17.9784
2001-02-12,17.8833,17.8643
2001-02-13,18.1304,17.6933
2001-02-14,17.5222,17.7503
2001-02-15,17.9404,17.8833
2001-02-16,17.3322,17.4272
2001-02-20,17.4462,16.9901
2001-02-21,16.8001,17.1042
2001-02-22,17.1232,16.7811
2001-02-23,16.553,17.2562
2001-02-26,17.5223,18.1114
2001-02-27,18.0544,18.0544
2001-02-28,18.1114,17.9404
2001-03-01,17.8073,18.0496
2001-03-02,17.4842,17.2372
2001-03-05,17.4082,17.4652
2001-03-06,17.8263,18.0734
2001-03-07,18.2064,18.4535
2001-03-08,18.3394,18.0164
2001-03-09,17.6173,17.2372
2001-03-12,16.629,15.7928
2001-03-13,15.8689,16.477
2001-03-14,15.9639,16.42
2001-03-15,16.8191,16.325
2001-03-16,15.9639,16.591
2001-03-19,16.572,16.515
2001-03-20,16.591,16.0209
2001-03-21,15.8879,15.2227
2001-03-22,15.3747,16.42
2001-03-23,16.7051,17.1992
2001-03-26,17.3702,17.0471
2001-03-27,17.0471,17.7123
2001-03-28,17.4462,16.8951
2001-03-29,16.8381,16.8381
2001-03-30,16.9521,16.629
2001-04-02,16.6671,16.9711
2001-04-03,16.8191,16.2299
2001-04-04,16.2299,15.7928
2001-04-05,16.344,17.2562
2001-04-06,17.1422,17.0852
2001-04-09,17.2015,17.3778
2001-04-10,17.6211,18.1471
2001-04-11,18.4421,18.2566
2001-04-12,18.1106,18.9073
2001-04-16,18.6701,18.4846
2001-04-17,18.4026,18.6945
2001-04-18,19.2752,19.8956
2001-04-19,20.0111,20.6892
2001-04-20,21.3764,20.9811
2001-04-23,20.7105,20.753
2001-04-24,20.7378,20.5402
2001-04-25,20.5463,21.1909
2001-04-26,21.3065,21.0206
2001-04-27,21.1422,20.4094
2001-04-30,20.8382,20.601
2001-05-01,20.5736,21.3369
2001-05-02,21.5892,21.2122
2001-05-03,21.0571,20.8382
2001-05-04,20.677,21.5132
2001-05-07,21.5376,21.7048
2001-05-08,21.8173,21.9116
2001-05-09,21.6622,21.4068
2001-05-10,21.6288,21.2852
2001-05-11,21.273,21.1027
2001-05-14,21.0206,20.896
2001-05-15,20.902,20.7591
2001-05-16,20.5858,21.0298
2001-05-17,21.0115,20.7287
2001-05-18,20.5828,20.7044
2001-05-21,20.6922,20.9172
2001-05-22,21.1179,21.3794
2001-05-23,21.4038,21.1939
2001-05-24,21.2669,21.8082
2001-05-25,21.7899,21.5619
2001-05-29,21.5284,21.3886
2001-05-30,21.1514,21.0389
2001-05-31,21.1301,21.0358
2001-06-01,21.1635,21.3886
2001-06-04,21.4524,21.5224
2001-06-05,21.5163,22.0758
2001-06-06,22.164,22.0028
2001-06-07,21.9298,22.4042
2001-06-08,22.4103,22.2552
2001-06-11,22.1518,21.9298
2001-06-12,21.5953,21.9176
2001-06-13,21.9085,21.495
2001-06-14,21.3521,20.9507
2001-06-15,20.528,20.6831
2001-06-18,20.6618,20.3365
2001-06-19,20.7409,20.4703
2001-06-20,20.4155,21.1058
2001-06-21,21.0267,21.2365
2001-06-22,21.2852,20.9294
2001-06-25,21.0115,20.9355
2001-06-26,20.6223,21.3277
2001-06-27,21.2426,21.6318
2001-06-28,21.7565,22.1183
2001-06-29,22.0758,22.1974
2001-07-02,21.9085,21.4676
2001-07-03,21.3764,21.4281
2001-07-05,21.3521,20.8321
2001-07-06,20.7682,20.0871
2001-07-09,20.1297,19.9746
2001-07-10,20.0385,19.6067
2001-07-11,19.5246,20.2209
2001-07-12,21.498,21.7717
2001-07-13,21.7109,21.6926
2001-07-16,21.7261,21.644
2001-07-17,21.4859,21.8386
2001-07-18,21.4676,21.4585
2001-07-19,21.6561,22.0666
2001-07-20,20.6861,21.0358
2001-07-23,21.0541,20.4003
2001-07-24,20.3729,20.1662
2001-07-25,20.1479,20.5189
2001-07-26,20.4094,20.2483
2001-07-27,20.0841,19.9077
2001-07-30,19.9625,20.0081
2001-07-31,20.0719,20.1266
2001-08-01,20.3121,20.2118
2001-08-02,20.4368,20.5098
2001-08-03,20.4642,20.3395
2001-08-06,20.23,20.1084
2001-08-07,20.081,20.1753
2001-08-08,20.2239,19.7222
2001-08-09,19.7587,19.7678
2001-08-10,19.6949,19.9229
2001-08-13,19.8378,20.0172
2001-08-14,19.9929,19.6705
2001-08-15,19.6766,19.2175
2001-08-16,19.108,19.6492
2001-08-17,19.3938,18.8161
2001-08-20,18.7492,19.0654
2001-08-21,19.0654,18.4816
2001-08-22,18.588,18.4451
2001-08-23,18.4482,17.9768
2001-08-24,18.1228,18.8678
2001-08-27,18.8222,18.9468
2001-08-28,18.956,18.4694
2001-08-29,18.5637,18.3204
2001-08-30,17.9525,17.314
2001-08-31,17.2866,17.3474
2001-09-04,17.39,17.0585
2001-09-05,17.0829,17.5572
2001-09-06,17.1984,17.0342
2001-09-07,17.0616,16.8457
2001-09-10,16.6997,17.5086
2001-09-17,16.4261,16.0886
2001-09-18,16.2406,16.5173
2001-09-19,16.5599,16.3805
2001-09-20,15.9183,15.4348
2001-09-21,14.5712,15.1155
2001-09-24,15.4013,15.8149
2001-09-25,15.8939,15.599
2001-09-26,15.6628,15.2858
2001-09-27,15.2341,15.1915
2001-09-28,15.0881,15.5595
2001-10-01,15.4895,15.748
2001-10-02,15.6993,16.1311
2001-10-03,15.9578,17.0981
2001-10-04,17.3079,17.1619
2001-10-05,17.0768,17.5511
2001-10-08,17.2714,17.6484
2001-10-09,17.4842,16.5903
2001-10-10,16.2984,16.8791
2001-10-11,16.9552,17.1254
2001-10-12,16.9369,17.1437
2001-10-15,16.9977,17.6545
2001-10-16,17.5967,17.7731
2001-10-17,17.9768,17.0373
2001-10-18,17.1315,17.2562
2001-10-19,17.4538,17.6059
2001-10-22,17.6059,18.2931
2001-10-23,18.3874,18.3752
2001-10-24,18.3965,18.6458
2001-10-25,18.4299,19.0229
2001-10-26,18.9499,18.9134
2001-10-29,18.883,18.135
2001-10-30,17.916,17.9039
2001-10-31,18.0316,17.6819
2001-11-01,18.2688,18.8039
2001-11-02,18.8313,18.6701
2001-11-05,18.81,19.2388
2001-11-06,19.0654,19.6979
2001-11-07,19.5276,19.5368
2001-11-08,19.6006,19.5884
2001-11-09,19.5641,19.8286
2001-11-12,19.6736,20.005
2001-11-13,20.3121,20.6466
2001-11-14,20.747,20.0537
2001-11-15,20.0993,20.1054
2001-11-16,20.1783,19.9929
2001-11-19,20.1449,20.2331
2001-11-20,20.2057,19.8864
2001-11-21,19.5702,19.4759
2001-11-23,19.5763,19.6766
2001-11-26,19.7618,19.8074
2001-11-27,19.7009,19.3817
2001-11-28,19.2083,19.0958
2001-11-29,19.1931,19.7162
2001-11-30,19.6614,19.5246
2001-12-03,19.409,19.6949
2001-12-04,19.7648,20.0689
2001-12-05,20.2179,20.7074
2001-12-06,20.6709,20.8747
2001-12-07,20.753,20.6253
2001-12-10,20.5311,20.3912
2001-12-11,20.5736,20.4703
2001-12-12,20.4216,20.6618
2001-12-13,20.4125,20.151
2001-12-14,20.075,20.5067
2001-12-17,20.4246,20.975
2001-12-18,20.9568,21.0632
2001-12-19,20.8655,21.1301
2001-12-20,21.0267,20.3
2001-12-21,20.6801,20.5372
2001-12-24,20.5919,20.455
2001-12-26,20.5007,20.5797
2001-12-27,20.6709,20.6314
2001-12-28,20.747,20.6375
2001-12-31,20.6284,20.1449
2002-01-02,20.2665,20.3851
2002-01-03,20.4064,21.051
2002-01-04,21.0571,20.9507
2002-01-07,21.2092,20.8473
2002-01-08,20.8868,21.0967
2002-01-09,21.2,20.8929
2002-01-10,20.823,21.0662
2002-01-11,21.1392,20.8625
2002-01-14,20.7682,20.8199
2002-01-15,20.8777,21.1483
2002-01-16,20.9355,20.6375
2002-01-17,20.8382,21.2426
2002-01-18,20.4034,20.0993
2002-01-22,20.2544,19.6006
2002-01-23,19.4759,19.3817
2002-01-24,19.4911,19.6432
2002-01-25,19.5185,19.3999
2002-01-28,19.5307,19.406
2002-01-29,19.4303,18.9499
2002-01-30,18.9894,19.111
2002-01-31,19.1749,19.3725
2002-02-01,19.5063,19.0533
2002-02-04,18.9742,18.585
2002-02-05,18.4877,18.5941
2002-02-06,18.734,18.3661
2002-02-07,18.3356,18.1836
2002-02-08,18.2809,18.4421
2002-02-11,18.2475,18.588
2002-02-12,18.3934,18.287
2002-02-13,18.3235,18.7978
2002-02-14,18.8526,18.7553
2002-02-15,18.7614,18.3144
2002-02-19,18.2171,17.9191
2002-02-20,18.062,18.214
2002-02-21,18.1593,17.6515
2002-02-22,17.6515,17.6332
2002-02-25,17.618,17.9647
2002-02-26,17.9708,17.8035
2002-02-27,17.9616,17.7549
2002-02-28,17.8735,17.7397
2002-03-01,17.9556,18.661
2002-03-04,18.6215,19.2479
2002-03-05,19.1567,19.181
2002-03-06,19.1293,19.3482
2002-03-07,19.3604,19.0715
2002-03-08,19.3482,19.4455
2002-03-11,19.3117,19.5641
2002-03-12,19.0107,19.0168
2002-03-13,18.8769,18.883
2002-03-14,18.8952,18.6154
2002-03-15,18.5485,19.0016
2002-03-18,19.0776,18.8952
2002-03-19,18.9073,18.9225
2002-03-20,18.6701,18.2748
2002-03-21,18.3083,18.658
2002-03-22,18.5637,18.3813
2002-03-25,18.3904,18.0103
2002-03-26,17.9708,17.9647
2002-03-27,17.8795,18.0742
2002-03-28,18.2292,18.3387
2002-04-01,18.1927,18.36
2002-04-02,17.91,17.4174
2002-04-03,17.466,17.1285
2002-04-04,17.0221,17.165
2002-04-05,17.2988,16.9886
2002-04-08,16.5112,17.3991
2002-04-09,17.4326,16.6845
2002-04-10,16.7605,17.1194
2002-04-11,16.9947,16.6602
2002-04-12,16.7697,17.0069
2002-04-15,17.0281,16.9339
2002-04-16,17.1498,17.5785
2002-04-17,17.6211,17.2197
2002-04-18,17.2684,17.1406
2002-04-19,17.466,17.393
2002-04-22,17.1863,16.9035
2002-04-23,16.9369,16.4169
2002-04-24,16.3744,16.122
2002-04-25,16.0855,16.3379
2002-04-26,16.4413,15.6598
2002-04-29,15.6507,15.8848
2002-04-30,15.8422,15.8909
2002-05-01,15.8605,16.0399
2002-05-02,16.0065,15.5716
2002-05-03,15.5868,15.0699
2002-05-06,15.0334,14.7841
2002-05-07,14.9544,15.0425
2002-05-08,15.5899,16.7149
2002-05-09,16.5416,15.8483
2002-05-10,15.973,15.2189
2002-05-13,15.3405,16.0217
2002-05-14,16.5416,16.6876
2002-05-15,16.569,16.648
2002-05-16,16.6359,16.9491
2002-05-17,17.092,17.0373
2002-05-20,16.8761,16.423
2002-05-21,16.4048,15.8696
2002-05-22,15.7723,16.3257
2002-05-23,16.3288,16.6693
2002-05-24,16.4626,16.195
2002-05-28,16.2953,15.9091
2002-05-29,15.7054,15.8271
2002-05-30,15.7024,16.0064
2002-05-31,16.0855,15.4804
2002-06-03,15.5047,15.0273
2002-06-04,15.0517,15.1976
2002-06-05,15.3344,15.7085
2002-06-06,15.6598,15.7814
2002-06-07,15.1702,15.8058
2002-06-10,15.7054,16.0612
2002-06-11,16.1889,15.9852
2002-06-12,15.9882,16.8883
2002-06-13,16.6754,16.4869
2002-06-14,16.1615,16.8001
2002-06-17,16.9248,16.9308
2002-06-18,16.8852,17.0251
2002-06-19,16.867,16.5295
2002-06-20,16.5325,16.4504
2002-06-21,16.2376,15.897
2002-06-24,15.8392,16.4686
2002-06-25,16.6328,16.1007
2002-06-26,15.523,16.4595
2002-06-27,16.6024,16.6997
2002-06-28,16.5872,16.6328
2002-07-01,16.4565,16.0125
2002-07-02,15.9274,15.6416
2002-07-03,15.5808,15.7632
2002-07-05,16.1433,16.6784
2002-07-08,16.5447,16.0916
2002-07-09,16.2102,16.1798
2002-07-10,16.3257,15.8848
2002-07-11,15.824,16.0886
2002-07-12,16.2284,15.7693
2002-07-15,15.6264,15.751
2002-07-16,15.602,15.5838
2002-07-17,15.97,15.8118
2002-07-18,15.8301,15.5412
2002-07-19,15.1642,15.0699
2002-07-22,14.8844,14.4466
2002-07-23,14.1364,13.0782
2002-07-24,12.6951,14.0573
2002-07-25,13.8202,13.0235
2002-07-26,13.3002,13.7897
2002-07-29,14.2459,14.6716
2002-07-30,14.4587,14.626
2002-07-31,14.477,14.5895
2002-08-01,14.4678,13.9114
2002-08-02,13.8384,13.5039
2002-08-05,13.4674,13.3762
2002-08-06,13.6529,13.8871
2002-08-07,14.2915,14.3188
2002-08-08,14.3249,14.8723
2002-08-09,14.6412,14.632
2002-08-12,14.477,14.7385
2002-08-13,14.5925,14.3097
2002-08-14,14.3675,15.1155
2002-08-15,15.1915,15.1338
2002-08-16,15.0304,15.2037
2002-08-19,15.2159,15.8118
2002-08-20,15.6233,15.5199
2002-08-21,15.6781,15.897
2002-08-22,16.0703,16.1859
2002-08-23,16.0125,15.8787
2002-08-26,15.9639,15.8422
2002-08-27,15.9122,15.4591
2002-08-28,15.3497,15.0152
2002-08-29,14.8662,15.3801
2002-08-30,15.2463,14.9239
2002-09-03,14.7537,14.2976
2002-09-04,14.4283,14.6594
2002-09-05,14.4435,13.96
2002-09-06,14.5195,14.5408
2002-09-09,14.3675,14.8084
2002-09-10,14.7598,15.1398
2002-09-11,15.2736,14.7719
2002-09-12,14.6412,14.3371
2002-09-13,14.2611,14.5682
2002-09-16,14.4739,14.5286
2002-09-17,14.7993,14.3797
2002-09-18,14.2063,14.5195
2002-09-19,14.1942,14.3523
2002-09-20,14.5074,14.4313
2002-09-23,14.1698,13.7533
2002-09-24,13.6316,13.8779
2002-09-25,14.109,14.1425
2002-09-26,14.3249,14.0482
2002-09-27,13.9996,13.7593
2002-09-30,13.6438,13.3002
2002-10-01,13.4766,14.0573
2002-10-02,14.0178,13.8688
2002-10-03,13.7745,13.6225
2002-10-04,13.8019,13.3093
2002-10-07,13.3215,13.3945
2002-10-08,13.6073,13.6803
2002-10-09,13.4492,13.3762
2002-10-10,13.3793,14.1029
2002-10-11,14.4009,14.8601
2002-10-14,14.6716,14.9878
2002-10-15,15.5868,15.9
2002-10-16,15.3223,15.3284
2002-10-17,15.897,15.4378
2002-10-18,15.9943,16.1615
2002-10-21,15.8027,15.9669
2002-10-22,15.6385,15.7115
2002-10-23,15.6385,16.1767
2002-10-24,16.2254,15.5777
2002-10-25,15.5838,16.0186
2002-10-28,16.2375,15.7966
2002-10-29,15.8575,15.8331
2002-10-30,15.8727,16.1494
2002-10-31,16.1737,16.2588
2002-11-01,15.9426,16.1159
2002-11-04,17.2562,17.0585
2002-11-05,16.9612,17.2349
2002-11-06,17.3292,17.3413
2002-11-07,17.0889,17.0312
2002-11-08,17.0281,16.7545
2002-11-11,16.7453,16.3774
2002-11-12,16.4504,16.5751
2002-11-13,16.493,16.8335
2002-11-14,17.0251,17.3292
2002-11-15,17.2106,17.238
2002-11-18,17.317,16.9825
2002-11-19,16.8913,16.6815
2002-11-20,16.7271,17.2167
2002-11-21,17.3261,17.5876
2002-11-22,17.469,17.7032
2002-11-25,17.6545,17.7062
2002-11-26,17.5268,17.3018
2002-11-27,17.5147,17.6606
2002-11-29,17.767,17.539
2002-12-02,17.8339,17.542
2002-12-03,17.4173,17.244
2002-12-04,17.0677,17.1923
2002-12-05,17.317,16.8274
2002-12-06,16.6845,16.867
2002-12-09,16.7241,16.2771
2002-12-10,16.2862,16.423
2002-12-11,16.3744,16.6207
2002-12-12,16.7241,16.4717
2002-12-13,16.3227,15.9639
2002-12-16,16.1159,16.5659
2002-12-17,16.5477,16.5295
2002-12-18,16.3713,16.2771
2002-12-19,16.1919,16.1494
2002-12-20,16.2649,16.1281
2002-12-23,16.1311,16.42
2002-12-24,16.2801,16.3653
2002-12-26,16.4291,16.2345
2002-12-27,16.2011,16.1068
2002-12-30,16.119,16.0399
2002-12-31,16.0368,15.7206
2003-01-02,15.9031,16.3349
2003-01-03,16.2953,16.3561
2003-01-06,16.4261,16.6541
2003-01-07,16.6997,16.9673
2003-01-08,16.8366,16.493
2003-01-09,16.6389,16.9704
2003-01-10,16.7545,17.0038
2003-01-13,17.1863,17.1467
2003-01-14,17.1285,17.3231
2003-01-15,17.3322,17.1102
2003-01-16,17.1254,16.8305
2003-01-17,16.0977,15.6476
2003-01-21,15.7723,15.6081
2003-01-22,15.6872,15.5078
2003-01-23,15.7966,15.897
2003-01-24,15.821,15.1581
2003-01-27,14.9969,14.9513
2003-01-28,15.1094,14.8449
2003-01-29,14.8175,15.1763
2003-01-30,15.2523,14.6685
2003-01-31,14.4283,14.4313
2003-02-03,14.5743,14.7658
2003-02-04,14.5347,14.3888
2003-02-05,14.5439,14.2793
2003-02-06,14.2489,14.4192
2003-02-07,14.5591,14.1638
2003-02-10,14.2307,14.407
2003-02-11,14.3827,14.1212
2003-02-12,14.1546,14.1212
2003-02-13,14.1121,14.2884
2003-02-14,14.3675,14.6868
2003-02-18,14.9726,15.1794
2003-02-19,15.1428,14.9658
2003-02-20,15.1123,14.7279
2003-02-21,14.8194,15.0268
2003-02-24,14.9109,14.6852
2003-02-25,14.3618,14.7584
2003-02-26,14.6852,14.4045
2003-02-27,14.5815,14.3862
2003-02-28,14.4839,14.4594
2003-03-03,14.6547,14.3618
2003-03-04,14.3862,14.0751
2003-03-05,14.0751,14.3008
2003-03-06,14.1361,14.1971
2003-03-07,14.0019,14.374
2003-03-10,14.2215,14.0019
2003-03-11,14.069,13.9104
2003-03-12,13.9165,14.2703
2003-03-13,14.4716,15.0512
2003-03-14,15.0573,15.1672
2003-03-17,14.9597,15.82
2003-03-18,15.7956,15.8871
2003-03-19,15.8505,16.0579
2003-03-20,15.8749,16.0152
2003-03-21,16.3203,16.2104
2003-03-24,15.5881,15.4295
2003-03-25,15.6186,15.5515
2003-03-26,15.5332,15.4051
2003-03-27,15.216,15.277
2003-03-28,15.0512,15.0512
2003-03-31,14.795,14.7706
2003-04-01,14.9231,14.856
2003-04-02,15.3136,15.6919
2003-04-03,15.8566,15.698
2003-04-04,15.7163,15.3075
2003-04-07,16.003,15.3563
2003-04-08,15.4417,15.6064
2003-04-09,15.6247,14.9902
2003-04-10,15.0756,15.0024
2003-04-11,15.1855,14.7645
2003-04-14,14.8072,15.1062
2003-04-15,15.0574,15.0085
2003-04-16,15.6186,15.2038
2003-04-17,15.1123,15.5576
2003-04-21,15.6247,15.3807
2003-04-22,15.2892,15.7163
2003-04-23,15.7102,15.6919
2003-04-24,15.5454,15.5515
2003-04-25,15.4539,15.3868
2003-04-28,15.4905,15.7041
2003-04-29,15.8322,15.7407
2003-04-30,15.698,15.6003
2003-05-01,15.582,15.6919
2003-05-02,15.6491,15.9237
2003-05-05,16.0152,15.7773
2003-05-06,15.7773,16.0884
2003-05-07,15.9298,15.8566
2003-05-08,15.7102,15.7041
2003-05-09,15.8017,16.0823
2003-05-12,15.9542,15.9847
2003-05-13,15.8871,15.8566
2003-05-14,15.9115,15.6308
2003-05-15,15.7712,15.7346
2003-05-16,15.7895,15.6003
2003-05-19,15.4966,15.1062
2003-05-20,15.1672,15.0268
2003-05-21,15.0268,14.6608
2003-05-22,14.7645,14.7401
2003-05-23,14.7645,14.7767
2003-05-27,14.795,15.1245
2003-05-28,15.1184,14.8926
2003-05-29,14.9292,14.8865
2003-05-30,15.0879,15.0146
2003-06-02,15.2404,15.0329
2003-06-03,15.1001,15.1794
2003-06-04,15.2465,15.1733
2003-06-05,14.9292,14.6974
2003-06-06,14.9109,14.4411
2003-06-09,14.4717,14.49
2003-06-10,14.6059,15.0573
2003-06-11,15.0513,15.1794
2003-06-12,15.2343,15.2465
2003-06-13,15.3746,15.039
2003-06-16,15.1306,15.4905
2003-06-17,15.643,15.8383
2003-06-18,15.8505,15.9054
2003-06-19,15.9176,15.9054
2003-06-20,16.0701,16.064
2003-06-23,15.9481,15.7285
2003-06-24,15.6491,15.6797
2003-06-25,15.643,15.4112
2003-06-26,15.4905,15.7102
2003-06-27,15.8322,15.637
2003-06-30,15.8261,15.643
2003-07-01,15.6125,15.9542
2003-07-02,16.1677,16.3996
2003-07-03,16.2837,16.1677
2003-07-07,16.485,16.729
2003-07-08,16.6314,16.8999
2003-07-09,16.8144,16.7595
2003-07-10,16.6253,16.4179
2003-07-11,16.4423,16.6619
2003-07-14,16.8572,16.7168
2003-07-15,16.7595,16.6375
2003-07-16,16.8144,16.79
2003-07-17,16.5582,16.2837
2003-07-18,16.5399,16.4057
2003-07-21,16.3935,15.8871
2003-07-22,16.0335,16.0945
2003-07-23,16.1189,16.1372
2003-07-24,16.3386,15.8627
2003-07-25,16.0335,16.4057
2003-07-28,16.4362,16.2348
2003-07-29,16.3996,16.1494
2003-07-30,16.1433,16.003
2003-07-31,16.2287,16.1128
2003-08-01,16.064,15.9664
2003-08-04,15.9542,15.9725
2003-08-05,16.0518,15.6553
2003-08-06,15.582,15.6491
2003-08-07,15.6918,15.6857
2003-08-08,15.7895,15.6064
2003-08-11,15.6247,15.6247
2003-08-12,15.6858,15.698
2003-08-13,15.7346,15.6186
2003-08-14,15.6553,15.637
2003-08-15,15.6247,15.582
2003-08-18,15.5942,15.6797
2003-08-19,15.7712,16.241
2003-08-20,16.0457,16.1372
2003-08-21,16.2592,16.0091
2003-08-22,16.3386,15.9969
2003-08-25,16.0518,16.1677
2003-08-26,16.0518,16.2104
2003-08-27,16.1738,16.1189
2003-08-28,16.1677,16.1738
2003-08-29,16.1433,16.1799
2003-09-02,16.2898,16.6314
2003-09-03,16.729,17.2659
2003-09-04,17.1439,17.3452
2003-09-05,17.2232,17.3147
2003-09-08,17.3208,17.5954
2003-09-09,17.4795,17.3086
2003-09-10,17.1012,16.8083
2003-09-11,16.8755,16.9853
2003-09-12,16.7656,17.2903
2003-09-15,17.3086,17.3025
2003-09-16,17.333,17.632
2003-09-17,17.5466,17.3879
2003-09-18,17.3818,17.998
2003-09-19,18.1567,18.2787
2003-09-22,17.9309,17.7357
2003-09-23,17.7662,18.0591
2003-09-24,18.0652,17.3635
2003-09-25,17.3696,17.2293
2003-09-26,17.2476,17.1988
2003-09-29,17.333,17.5893
2003-09-30,17.4429,16.9609
2003-10-01,17.1012,17.4001
2003-10-02,17.3574,17.3879
2003-10-03,17.7906,17.7418
2003-10-06,17.7845,17.8089
2003-10-07,17.6991,17.7784
2003-10-08,17.9126,17.5832
2003-10-09,17.8272,17.6564
2003-10-10,17.6381,17.6381
2003-10-13,17.6808,17.5588
2003-10-14,17.4856,17.4978
2003-10-15,17.9149,17.8352
2003-10-16,17.737,17.9334
2003-10-17,17.964,17.7493
2003-10-20,17.7616,18.007
2003-10-21,18.007,18.007
2003-10-22,17.8107,17.7248
2003-10-23,17.6205,17.737
2003-10-24,16.7309,16.3259
2003-10-27,16.51,16.51
2003-10-28,16.6204,16.6879
2003-10-29,16.6634,16.4057
2003-10-30,16.5713,16.0253
2003-10-31,16.1787,16.0376
2003-11-03,16.1664,16.3689
2003-11-04,16.3137,15.9946
2003-11-05,16.0437,16.013
2003-11-06,16.1112,16.0928
2003-11-07,16.1848,16.013
2003-11-10,16.0253,15.9517
2003-11-11,15.9578,15.829
2003-11-12,15.8597,15.9394
2003-11-13,15.8658,15.7615
2003-11-14,15.7676,15.6449
2003-11-17,15.5774,15.4302
2003-11-18,15.5406,15.4302
2003-11-19,15.5161,15.5529
2003-11-20,15.4424,15.3995
2003-11-21,15.5406,15.4056
2003-11-24,15.5406,15.786
2003-11-25,15.8719,15.5836
2003-11-26,15.7124,15.6142
2003-11-28,15.6449,15.7737
2003-12-01,15.8903,15.8535
2003-12-02,15.921,15.7431
2003-12-03,15.8412,15.7492
2003-12-04,15.7799,16.0744
2003-12-05,15.9271,15.9394
2003-12-08,16.0253,16.0989
2003-12-09,16.2216,16.1848
2003-12-10,16.2278,16.3137
2003-12-11,16.3137,16.3259
2003-12-12,16.375,16.3505
2003-12-15,16.5959,16.4057
2003-12-16,16.4609,16.602
2003-12-17,16.5897,16.5897
2003-12-18,16.6266,16.8106
2003-12-19,16.8658,16.7861
2003-12-22,16.6634,16.6756
2003-12-23,16.6695,16.6572
2003-12-24,16.6511,16.5897
2003-12-26,16.5959,16.694
2003-12-29,16.694,16.8474
2003-12-30,16.8167,16.8842
2003-12-31,16.8229,16.7922
2004-01-02,16.921,16.8413
2004-01-05,17.0131,17.2646
2004-01-06,17.2953,17.326
2004-01-07,17.283,17.3076
2004-01-08,17.418,17.2769
2004-01-09,17.1971,16.9701
2004-01-12,16.9763,16.9149
2004-01-13,16.9026,16.829
2004-01-14,16.8842,16.9947
2004-01-15,16.9026,16.8965
2004-01-16,17.0008,17.0622
2004-01-20,17.1665,17.2401
2004-01-21,17.2585,17.3628
2004-01-22,17.3996,17.1849
2004-01-23,17.3505,17.4732
2004-01-26,17.4794,17.6695
2004-01-27,17.5714,17.3321
2004-01-28,17.3628,17.0008
2004-01-29,17.0622,17.1235
2004-01-30,17.0806,16.964
2004-02-02,16.9395,16.8106
2004-02-03,16.8106,16.7431
2004-02-04,16.7002,16.5713
2004-02-05,16.602,16.5407
2004-02-06,16.5836,16.6143
2004-02-09,16.6818,16.5038
2004-02-10,16.4854,16.5775
2004-02-11,16.5468,16.6572
2004-02-12,16.6204,16.5345
2004-02-13,16.5529,16.3137
2004-02-17,16.3934,16.5591
2004-02-18,16.5039,16.4241
2004-02-19,16.5161,16.2339
2004-02-20,16.3566,16.3014
2004-02-23,16.3996,16.3259
2004-02-24,16.3259,16.4916
2004-02-25,16.5038,16.3811
2004-02-26,16.3137,16.2584
2004-02-27,16.24,16.2768
2004-03-01,16.3382,16.3811
2004-03-02,16.3259,16.191
2004-03-03,16.1664,16.1787
2004-03-04,16.1541,16.1787
2004-03-05,16.0928,16.1664
2004-03-08,16.1419,15.8474
2004-03-09,15.829,15.7799
2004-03-10,15.7369,15.5652
2004-03-11,15.4486,15.3934
2004-03-12,15.5713,15.5713
2004-03-15,15.5222,15.4363
2004-03-16,15.4977,15.4486
2004-03-17,15.4915,15.4179
2004-03-18,15.3136,15.2707
2004-03-19,15.197,15.1111
2004-03-22,15.0191,15.0314
2004-03-23,15.1234,14.8167
2004-03-24,14.9578,14.9762
2004-03-25,15.0927,15.4547
2004-03-26,15.4056,15.3566
2004-03-29,15.4915,15.5283
2004-03-30,15.467,15.4608
2004-03-31,15.4609,15.2952
2004-04-01,15.3075,15.3872
2004-04-02,15.6326,15.8596
2004-04-05,15.8351,15.921
2004-04-06,15.8106,15.829
2004-04-07,15.7922,15.7001
2004-04-08,15.8412,15.6326
2004-04-12,15.6326,15.7124
2004-04-13,15.7553,15.6142
2004-04-14,15.5774,15.651
2004-04-15,15.6633,15.4731
2004-04-16,15.5406,15.4363
2004-04-19,15.3872,15.6633
2004-04-20,15.7369,15.5406
2004-04-21,15.559,15.6142
2004-04-22,15.651,15.921
2004-04-23,16.8106,16.8965
2004-04-26,16.8413,16.7124
2004-04-27,16.6634,16.7002
2004-04-28,16.5713,16.2953
2004-04-29,16.2646,16.2462
2004-04-30,16.3137,16.0314
2004-05-03,16.0682,16.1664
2004-05-04,16.1664,16.1541
2004-05-05,16.148,16.1357
2004-05-06,16.0498,16.0253
2004-05-07,15.9701,15.8167
2004-05-10,15.7247,15.9087
2004-05-11,16.0069,15.9149
2004-05-12,15.8719,15.9149
2004-05-13,15.8412,16.013
2004-05-14,15.9517,15.8658
2004-05-17,15.6265,15.6695
2004-05-18,15.7676,15.8474
2004-05-19,15.9701,15.7185
2004-05-20,15.7983,15.786
2004-05-21,15.9333,15.8842
2004-05-24,15.9823,15.8044
2004-05-25,15.7738,16.013
2004-05-26,15.9455,16.0376
2004-05-27,16.0498,16.0682
2004-05-28,16.0376,16.0928
2004-06-01,16.0314,16.0192
2004-06-02,16.0253,16.0314
2004-06-03,15.9823,15.8842
2004-06-04,15.9701,15.921
2004-06-07,15.9639,16.2155
2004-06-08,16.1235,16.3198
2004-06-09,16.1971,16.24
2004-06-10,16.1848,16.4241
2004-06-14,16.2891,16.5038
2004-06-15,16.5591,16.8168
2004-06-16,16.7738,16.7615
2004-06-17,16.7554,17.0376
2004-06-18,17.0376,17.3935
2004-06-21,17.3137,17.3935
2004-06-22,17.2708,17.3566
2004-06-23,17.3014,17.3628
2004-06-24,17.4732,17.418
2004-06-25,17.4732,17.5284
2004-06-28,17.5468,17.3505
2004-06-29,17.2892,17.4855
2004-06-30,17.5284,17.5223
2004-07-01,17.6082,17.5652
2004-07-02,17.5591,17.5284
2004-07-06,17.3751,17.191
2004-07-07,16.9763,17.2401
2004-07-08,17.1051,16.9579
2004-07-09,17.0437,17.0928
2004-07-12,16.9763,17.1112
2004-07-13,17.1235,16.9333
2004-07-14,16.8106,17.2585
2004-07-15,17.2094,17.099
2004-07-16,17.2892,16.8597
2004-07-19,16.9456,17.1481
2004-07-20,17.1787,17.3751
2004-07-21,18.3383,17.7064
2004-07-22,17.8352,17.7923
2004-07-23,17.4119,17.1971
2004-07-26,17.3996,17.5837
2004-07-27,17.6082,17.4487
2004-07-28,17.3873,17.5346
2004-07-29,17.6573,17.4732
2004-07-30,17.4548,17.4794
2004-08-02,17.3444,17.4978
2004-08-03,17.4119,17.2217
2004-08-04,17.1849,17.2155
2004-08-05,17.2769,16.8904
2004-08-06,16.7983,16.6511
2004-08-09,16.7247,16.6756
2004-08-10,16.7493,17.0069
2004-08-11,16.8045,16.8168
2004-08-12,16.7063,16.4916
2004-08-13,16.5713,16.5775
2004-08-16,16.5836,16.6204
2004-08-17,16.7002,16.5959
2004-08-18,16.5223,16.8474
2004-08-19,16.7799,16.6388
2004-08-20,16.645,16.6879
2004-08-23,16.7802,16.7617
2004-08-24,16.8602,16.7617
2004-08-25,16.7433,16.9525
2004-08-26,16.8971,16.8848
2004-08-27,16.9217,16.8971
2004-08-30,16.7987,16.7987
2004-08-31,16.7925,16.7987
2004-09-01,16.7556,16.8541
2004-09-02,16.8602,16.9956
2004-09-03,16.8971,16.6817
2004-09-07,16.7925,16.8356
2004-09-08,16.7987,16.7741
2004-09-09,16.7987,16.7864
2004-09-10,16.8233,16.9156
2004-09-13,16.9402,16.7679
2004-09-14,16.8417,16.8848
2004-09-15,16.8356,16.731
2004-09-16,16.7494,16.7741
2004-09-17,16.854,16.9279
2004-09-20,16.8848,16.9279
2004-09-21,16.891,16.7741
2004-09-22,16.7864,16.6879
2004-09-23,16.731,16.8294
2004-09-24,16.854,16.7925
2004-09-27,16.7187,16.731
2004-09-28,16.7433,16.7802
2004-09-29,16.7741,16.971
2004-09-30,16.9771,17.014
2004-10-01,17.1186,17.3832
2004-10-04,17.5002,17.3032
2004-10-05,17.3217,17.4632
2004-10-06,17.4694,17.5555
2004-10-07,17.5617,17.334
2004-10-08,17.2909,17.2232
2004-10-11,17.3525,17.2663
2004-10-12,17.1248,17.2479
2004-10-13,17.3463,17.2479
2004-10-14,17.254,17.1063
2004-10-15,17.2109,17.2232
2004-10-18,17.2725,17.4817
2004-10-19,17.5555,17.3402
2004-10-20,17.3648,17.6601
2004-10-21,17.7278,17.574
2004-10-22,17.414,17.0694
2004-10-25,17.0263,17.0017
2004-10-26,17.051,17.1679
2004-10-27,17.1433,17.3217
2004-10-28,17.2971,17.2355
2004-10-29,17.3032,17.2109
2004-11-01,17.3279,17.2786
2004-11-02,17.3894,17.3771
2004-11-03,17.6294,17.5186
2004-11-04,17.4632,17.8447
2004-11-05,17.974,18.0355
2004-11-08,17.9555,18.017
2004-11-09,18.1093,18.3185
2004-11-10,18.4108,18.2939
2004-11-11,18.3924,18.4478
2004-11-12,18.5585,18.4416
2004-11-15,18.7502,18.7845
2004-11-16,18.7434,18.5993
2004-11-17,18.6885,18.6336
2004-11-18,18.6062,18.5651
2004-11-19,18.5376,18.421
2004-11-22,18.3456,18.277
2004-11-23,18.1879,18.1947
2004-11-24,18.2564,18.2702
2004-11-26,18.2153,18.2427
2004-11-29,18.2702,18.3593
2004-11-30,18.3456,18.3867
2004-12-01,18.4828,18.6885
2004-12-02,18.7022,18.5788
2004-12-03,18.6268,18.6748
2004-12-06,18.5856,18.7434
2004-12-07,18.6954,18.5651
2004-12-08,18.5239,18.764
2004-12-09,18.6062,18.6748
2004-12-10,18.5719,18.5719
2004-12-13,18.5856,18.6885
2004-12-14,18.5513,18.6748
2004-12-15,18.6679,18.5925
2004-12-16,18.6199,18.6268
2004-12-17,18.5171,18.4896
2004-12-20,18.5239,18.4828
2004-12-21,18.5171,18.5651
2004-12-22,18.4073,18.4965
2004-12-23,18.4279,18.5239
2004-12-27,18.5239,18.4142
2004-12-28,18.4142,18.4828
2004-12-29,18.4142,18.4485
2004-12-30,18.4416,18.3525
2004-12-31,18.3456,18.325
2005-01-03,18.3799,18.3387
2005-01-04,18.4279,18.4073
2005-01-05,18.4073,18.3662
2005-01-06,18.4142,18.3456
2005-01-07,18.3936,18.2907
2005-01-10,18.2427,18.3799
2005-01-11,18.3045,18.3319
2005-01-12,18.3593,18.3662
2005-01-13,18.2976,18.0164
2005-01-14,18.1056,17.9135
2005-01-18,17.8518,18.0507
2005-01-19,17.9753,17.8175
2005-01-20,17.7215,17.7352
2005-01-21,17.7969,17.5912
2005-01-24,17.6666,17.6049
2005-01-25,17.6666,17.8449
2005-01-26,17.8792,17.8381
2005-01-27,17.7969,17.9067
2005-01-28,18.2016,17.9547
2005-01-31,18.0713,18.0233
2005-02-01,18.0027,18.0987
2005-02-02,18.1193,18.1467
2005-02-03,18.085,17.9547
2005-02-04,17.9478,18.0507
2005-02-07,18.0164,17.941
2005-02-08,17.9615,17.9958
2005-02-09,18.0027,17.8792
2005-02-10,17.8998,17.8724
2005-02-11,17.8518,17.8107
2005-02-14,17.7832,17.8381
2005-02-15,17.8862,17.8381
2005-02-16,17.7968,17.7418
2005-02-17,17.6867,17.6455
2005-02-18,17.6386,17.5285
2005-02-22,17.3703,17.3565
2005-02-23,17.3634,17.3359
2005-02-24,17.3221,17.4529
2005-02-25,17.4253,17.3703
2005-02-28,17.3497,17.3084
2005-03-01,17.329,17.3909
2005-03-02,17.329,17.3772
2005-03-03,17.4047,17.3153
2005-03-04,17.3428,17.3153
2005-03-07,17.3153,17.5217
2005-03-08,17.4735,17.4735
2005-03-09,17.4666,17.4116
2005-03-10,17.4941,17.4941
2005-03-11,17.5079,17.2602
2005-03-14,17.2534,17.274
2005-03-15,17.2671,17.1364
2005-03-16,17.0745,16.9438
2005-03-17,16.9507,16.8819
2005-03-18,16.875,16.7236
2005-03-21,16.7512,16.648
2005-03-22,16.6411,16.5035
2005-03-23,16.5035,16.6342
2005-03-24,16.6755,16.703
2005-03-28,16.7856,16.648
2005-03-29,16.6067,16.4553
2005-03-30,16.5379,16.6205
2005-03-31,16.6824,16.6273
2005-04-01,16.6755,16.5929
2005-04-04,16.5861,16.6686
2005-04-05,16.6617,16.8337
2005-04-06,16.8337,16.9713
2005-04-07,16.9644,17.2671
2005-04-08,17.2465,17.157
2005-04-11,17.2189,17.1777
2005-04-12,17.1433,17.4185
2005-04-13,17.3565,17.2258
2005-04-14,17.2052,17.0882
2005-04-15,16.9094,16.8268
2005-04-18,16.82,16.9575
2005-04-19,16.9988,16.9438
2005-04-20,16.9644,16.7305
2005-04-21,16.8406,17.3909
2005-04-22,17.2327,17.1846
2005-04-25,17.2465,17.1914
2005-04-26,17.1639,17.0332
2005-04-27,16.9644,17.1914
2005-04-28,17.0745,16.82
2005-04-29,17.1158,17.4047
2005-05-02,17.3565,17.3565
2005-05-03,17.2877,17.446
2005-05-04,17.4322,17.3428
2005-05-05,17.3359,17.3565
2005-05-06,17.4253,17.3497
2005-05-09,17.3565,17.274
2005-05-10,17.2258,17.1295
2005-05-11,17.1226,17.1364
2005-05-12,17.0883,17.1983
2005-05-13,17.219,17.4047
2005-05-16,17.4116,17.591
2005-05-17,17.4668,17.5703
2005-05-18,17.5979,17.736
2005-05-19,17.7705,17.8878
2005-05-20,17.8602,17.7636
2005-05-23,17.7636,17.8395
2005-05-24,17.805,17.7705
2005-05-25,17.7221,17.7428
2005-05-26,17.7705,17.874
2005-05-27,17.8257,17.9913
2005-05-31,17.9361,17.805
2005-06-01,17.7567,17.8119
2005-06-02,17.7429,17.7981
2005-06-03,17.736,17.5496
2005-06-06,17.5151,17.5082
2005-06-07,17.4806,17.6048
2005-06-08,17.6324,17.5289
2005-06-09,17.5289,17.6048
2005-06-10,17.591,17.5496
2005-06-13,17.5013,17.4668
2005-06-14,17.4668,17.5013
2005-06-15,17.5289,17.4323
2005-06-16,17.4047,17.2805
2005-06-17,17.4392,17.2805
2005-06-20,17.2391,17.3288
2005-06-21,17.3081,17.3564
2005-06-22,17.3288,17.3012
2005-06-23,17.3702,17.4668
2005-06-24,17.4047,17.2805
2005-06-27,17.3012,17.2874
2005-06-28,17.315,17.3012
2005-06-29,17.4047,17.315
2005-06-30,17.2943,17.1425
2005-07-01,17.1494,17.0527
2005-07-05,17.0182,17.2391
2005-07-06,17.2322,17.0458
2005-07-07,16.963,17.0113
2005-07-08,17.0044,17.315
2005-07-11,17.3564,17.453
2005-07-12,17.4185,17.6738
2005-07-13,17.6186,17.7083
2005-07-14,17.7981,17.9223
2005-07-15,17.9706,17.7981
2005-07-18,17.7428,17.6324
2005-07-19,17.7981,18.0534
2005-07-20,17.943,18.0741
2005-07-21,18.15,18.2466
2005-07-22,17.9361,17.7222
2005-07-25,17.729,17.729
2005-07-26,17.7498,17.6255
2005-07-27,17.6738,17.7497
2005-07-28,17.7705,17.7705
2005-07-29,17.7912,17.6738
2005-08-01,17.8119,17.8878
2005-08-02,17.874,18.502
2005-08-03,18.4675,18.8056
2005-08-04,18.7435,18.8539
2005-08-05,18.8332,19.1576
2005-08-08,19.1852,18.7228
2005-08-09,18.7849,18.8746
2005-08-10,18.916,18.5986
2005-08-11,18.6193,18.8194
2005-08-12,18.6883,18.6676
2005-08-15,18.6745,18.7783
2005-08-16,18.7091,18.5084
2005-08-17,18.5638,18.6538
2005-08-18,18.6122,18.5638
2005-08-19,18.5845,18.4946
2005-08-22,18.543,18.6261
2005-08-23,18.5776,18.5984
2005-08-24,18.5776,18.5569
2005-08-25,18.6192,18.7091
2005-08-26,18.7299,18.6676
2005-08-29,18.5569,18.7922
2005-08-30,18.7299,18.813
2005-08-31,18.806,18.9514
2005-09-01,18.9514,18.8268
2005-09-02,18.8337,18.7022
2005-09-06,18.7299,18.6884
2005-09-07,18.6468,18.5845
2005-09-08,18.5499,18.4184
2005-09-09,18.4253,18.3977
2005-09-12,18.4253,18.4184
2005-09-13,18.37,18.3284
2005-09-14,18.3561,18.2108
2005-09-15,18.2523,18.1831
2005-09-16,18.2315,18.0447
2005-09-19,18.0585,17.9962
2005-09-20,18.0447,17.8855
2005-09-21,17.8578,17.6432
2005-09-22,17.6432,17.5394
2005-09-23,17.5186,17.4909
2005-09-26,17.5809,17.4909
2005-09-27,17.5601,17.5394
2005-09-28,17.574,17.7678
2005-09-29,17.7263,17.9547
2005-09-30,17.9339,17.8093
2005-10-03,17.7955,17.6501
2005-10-04,17.5532,17.2902
2005-10-05,17.3317,17.0756
2005-10-06,17.0687,17.1172
2005-10-07,17.1449,17.0203
2005-10-10,17.0756,16.9303
2005-10-11,16.9649,16.8957
2005-10-12,16.951,16.8195
2005-10-13,16.8265,17.0203
2005-10-14,17.1033,17.0756
2005-10-17,17.0825,16.9787
2005-10-18,16.9511,17.0064
2005-10-19,16.9995,17.3663
2005-10-20,17.3387,17.1587
2005-10-21,17.2418,17.1518
2005-10-24,17.2279,17.3733
2005-10-25,17.2694,17.3248
2005-10-26,17.2833,17.3802
2005-10-27,17.4563,17.2002
2005-10-28,17.3733,17.6709
2005-10-31,17.7263,17.7886
2005-11-01,17.7263,17.9685
2005-11-02,17.9478,18.3146
2005-11-03,18.4115,18.3008
2005-11-04,18.3631,18.453
2005-11-07,18.4946,18.6953
2005-11-08,18.6468,18.723
2005-11-09,18.6745,18.6607
2005-11-10,18.6468,18.7507
2005-11-11,18.7922,18.8822
2005-11-14,18.9375,18.9445
2005-11-15,18.9722,19.0903
2005-11-16,19.0764,19.2569
2005-11-17,19.3332,19.4165
2005-11-18,19.5207,19.4859
2005-11-21,19.4859,19.5484
2005-11-22,19.479,19.3749
2005-11-23,19.3818,19.3818
2005-11-25,19.2985,19.2707
2005-11-28,19.2916,19.2638
2005-11-29,19.2916,19.2152
2005-11-30,19.2152,19.2152
2005-12-01,19.2499,19.361
2005-12-02,19.3124,19.4443
2005-12-05,19.3887,19.3332
2005-12-06,19.3679,19.2221
2005-12-07,19.2083,19.2638
2005-12-08,19.236,19.2221
2005-12-09,19.236,19.236
2005-12-12,19.2291,19.0555
2005-12-13,18.9445,18.8334
2005-12-14,18.7432,18.8056
2005-12-15,18.7987,18.6876
2005-12-16,18.6598,18.6737
2005-12-19,18.6182,18.6251
2005-12-20,18.5765,18.646
2005-12-21,18.6529,18.5557
2005-12-22,18.5418,18.4585
2005-12-23,18.4099,18.4932
2005-12-27,18.521,18.3683
2005-12-28,18.403,18.3197
2005-12-29,18.3336,18.2364
2005-12-30,18.1531,18.1531
2006-01-03,18.2225,18.6321
2006-01-04,18.5835,18.7223
2006-01-05,18.7154,18.7362
2006-01-06,18.6668,18.6807
2006-01-09,18.6946,18.646
2006-01-10,18.5002,18.7432
2006-01-11,18.7501,18.9445
2006-01-12,18.9167,18.8403
2006-01-13,18.764,18.8751
2006-01-17,18.6737,18.7362
2006-01-18,18.5627,18.6251
2006-01-19,18.6529,18.757
2006-01-20,18.7501,18.3336
2006-01-23,18.3336,18.2919
2006-01-24,18.285,18.2433
2006-01-25,18.3336,18.3266
2006-01-26,18.4377,18.3961
2006-01-27,18.9028,19.2916
2006-01-30,19.3124,19.4374
2006-01-31,19.3749,19.5415
2006-02-01,19.4096,19.4651
2006-02-02,19.4165,19.2152
2006-02-03,19.0764,19.118
2006-02-06,19.0972,18.8612
2006-02-07,18.7084,18.7015
2006-02-08,18.7501,18.6807
2006-02-09,18.7154,18.5071
2006-02-10,18.4794,18.528
2006-02-13,18.4863,18.3197
2006-02-14,18.3336,18.5002
2006-02-15,18.528,18.7231
2006-02-16,18.7022,18.6743
2006-02-17,18.5768,18.5977
2006-02-21,18.6116,18.4862
2006-02-22,18.4793,18.6116
2006-02-23,18.6186,18.5698
2006-02-24,18.5211,18.5489
2006-02-27,18.6325,18.8415
2006-02-28,18.7718,18.7161
2006-03-01,18.7927,18.9042
2006-03-02,18.8206,18.7858
2006-03-03,18.6743,18.7579
2006-03-06,18.7509,18.744
2006-03-07,18.737,18.8485
2006-03-08,18.7997,18.9808
2006-03-09,18.9947,18.8067
2006-03-10,18.8485,18.9251
2006-03-13,18.932,18.8833
2006-03-14,18.8345,18.9669
2006-03-15,18.946,19.0574
2006-03-16,19.0435,18.9947
2006-03-17,19.0505,19.1549
2006-03-20,19.2942,19.4266
2006-03-21,19.3221,19.3221
2006-03-22,18.8624,18.9112
2006-03-23,18.8624,18.7022
2006-03-24,18.6047,18.8136
2006-03-27,18.8136,18.8136
2006-03-28,18.8136,18.737
2006-03-29,18.7718,18.8206
2006-03-30,18.8276,18.9669
2006-03-31,19.0156,18.9529
2006-04-03,19.2734,19.1967
2006-04-04,19.2246,19.2525
2006-04-05,19.4196,19.3221
2006-04-06,19.2664,19.1967
2006-04-07,19.2316,18.9808
2006-04-10,18.9669,19.0087
2006-04-11,19.0087,18.8972
2006-04-12,18.8763,18.946
2006-04-13,18.8624,18.8554
2006-04-17,18.8276,18.6952
2006-04-18,18.7649,18.9599
2006-04-19,18.8833,18.8276
2006-04-20,18.8415,18.8276
2006-04-21,18.8415,18.9112
2006-04-24,18.8554,18.8833
2006-04-25,18.8693,18.8833
2006-04-26,18.8624,18.8763
2006-04-27,18.7858,18.9808
2006-04-28,16.8772,16.8215
2006-05-01,16.9399,16.919
2006-05-02,17.0583,16.724
2006-05-03,16.7101,16.1389
2006-05-04,16.2643,16.327
2006-05-05,16.4802,16.5777
2006-05-08,16.6126,16.529
2006-05-09,16.5429,16.4524
2006-05-10,16.4872,16.5568
2006-05-11,16.515,16.1737
2006-05-12,16.118,16.1389
2006-05-15,16.1529,16.1879
2006-05-16,16.1948,16.09
2006-05-17,16.006,15.8942
2006-05-18,15.9711,15.9641
2006-05-19,15.9361,15.7753
2006-05-22,15.7194,15.9991
2006-05-23,16.1599,15.9361
2006-05-24,16.076,16.4326
2006-05-25,16.4815,16.6004
2006-05-26,16.6214,16.5864
2006-05-30,16.4676,16.1879
2006-05-31,16.2648,15.8382
2006-06-01,15.9012,15.9571
2006-06-02,15.9921,15.9151
2006-06-05,15.8872,15.7333
2006-06-06,15.7683,15.4746
2006-06-07,15.4886,15.4117
2006-06-08,15.4047,15.4606
2006-06-09,15.4886,15.3278
2006-06-12,15.3557,15.1809
2006-06-13,15.1949,15.0411
2006-06-14,15.097,15.2998
2006-06-15,15.3907,15.4327
2006-06-16,15.3627,15.4536
2006-06-19,15.4816,15.7683
2006-06-20,15.7613,15.7753
2006-06-21,15.8103,16.1389
2006-06-22,16.1249,15.9991
2006-06-23,15.9781,15.7333
2006-06-26,15.8382,15.9571
2006-06-27,16.006,15.9851
2006-06-28,16.055,16.1948
2006-06-29,16.3067,16.4116
2006-06-30,16.4606,16.2927
2006-07-03,16.4536,16.5724
2006-07-05,16.4186,16.3277
2006-07-06,16.3976,16.4186
2006-07-07,16.3557,16.2927
2006-07-10,16.3836,16.4326
2006-07-11,16.3417,16.1529
2006-07-12,15.9361,15.8312
2006-07-13,15.6424,15.5655
2006-07-14,15.5795,15.5865
2006-07-17,15.5865,15.7194
2006-07-18,15.7963,15.9012
2006-07-19,15.9571,16.3627
2006-07-20,16.3906,15.9781
2006-07-21,16.8382,16.6913
2006-07-24,16.7892,16.7822
2006-07-25,16.7822,16.9361
2006-07-26,16.8661,17.0409
2006-07-27,17.1878,16.6913
2006-07-28,16.8382,16.957
2006-07-31,16.8312,16.8242
2006-08-01,16.7962,16.7752
2006-08-02,16.8661,16.992
2006-08-03,16.9151,16.9291
2006-08-04,17.0619,16.985
2006-08-07,16.978,16.9361
2006-08-08,17.0549,17.02
2006-08-09,17.1249,17.0899
2006-08-10,17.041,17.1039
2006-08-11,17.0829,17.0829
2006-08-14,17.1458,17.1528
2006-08-15,17.23,17.2792
2006-08-16,17.2722,17.3353
2006-08-17,17.3353,17.3353
2006-08-18,17.581,18.1003
2006-08-21,18.0091,18.3319
2006-08-22,18.2547,17.981
2006-08-23,18.002,18.0161
2006-08-24,18.1214,18.0652
2006-08-25,18.0442,18.1424
2006-08-28,18.1354,18.2126
2006-08-29,18.1916,18.1354
2006-08-30,18.1424,18.1073
2006-08-31,18.1564,18.0371
2006-09-01,18.1705,18.1354
2006-09-05,18.0301,17.974
2006-09-06,17.9038,17.974
2006-09-07,17.8827,17.8476
2006-09-08,17.9178,17.967
2006-09-11,17.8477,18.1845
2006-09-12,18.1775,18.1986
2006-09-13,18.1214,18.2337
2006-09-14,18.2407,18.4793
2006-09-15,18.6548,18.8443
2006-09-18,18.767,18.8021
2006-09-19,18.767,18.8513
2006-09-20,18.9565,19.0759
2006-09-21,19.118,18.8793
2006-09-22,18.8302,18.7109
2006-09-25,18.8162,18.9144
2006-09-26,18.8864,19.0899
2006-09-27,19.0759,19.2583
2006-09-28,19.2794,19.2303
2006-09-29,19.1952,19.1952
2006-10-02,19.1741,19.2022
2006-10-03,19.2092,19.2092
2006-10-04,19.2232,19.6093
2006-10-05,19.5952,19.5952
2006-10-06,19.4829,19.5601
2006-10-09,19.511,19.4548
2006-10-10,19.4338,19.4338
2006-10-11,19.2724,19.3285
2006-10-12,19.3566,19.8058
2006-10-13,19.89,19.911
2006-10-16,19.9882,19.9672
2006-10-17,19.8198,19.9602
2006-10-18,20.0023,20.0163
2006-10-19,19.897,19.8549
2006-10-20,19.9883,19.9532
2006-10-23,19.8619,19.9672
2006-10-24,19.9532,19.8479
2006-10-25,19.8479,19.8689
2006-10-26,19.883,19.897
2006-10-27,19.9953,19.89
2006-10-30,19.897,20.0233
2006-10-31,20.1146,20.1497
2006-11-01,20.1988,20.2199
2006-11-02,20.1497,20.1918
2006-11-03,20.2479,20.1637
2006-11-06,20.1918,20.2409
2006-11-07,20.2549,20.3181
2006-11-08,20.1988,20.3392
2006-11-09,20.4304,20.5357
2006-11-10,20.4725,20.5216
2006-11-13,20.4865,20.5988
2006-11-14,20.62,20.5848
2006-11-15,20.5143,20.5073
2006-11-16,20.5214,20.7538
2006-11-17,20.6411,20.7045
2006-11-20,20.789,21.0495
2006-11-21,21.0636,21.0707
2006-11-22,21.1059,21.0707
2006-11-24,20.8876,20.958
2006-11-27,20.9087,20.7608
2006-11-28,20.6622,20.6974
2006-11-29,20.7326,20.8242
2006-11-30,20.7186,20.6763
2006-12-01,20.5848,20.5073
2006-12-04,20.5848,20.6552
2006-12-05,20.6763,20.5143
2006-12-06,20.4932,20.4157
2006-12-07,20.3946,20.3171
2006-12-08,20.296,20.7045
2006-12-11,20.5566,20.8031
2006-12-12,20.8172,20.7256
2006-12-13,20.8453,20.8101
2006-12-14,20.8031,21.1763
2006-12-15,21.2256,21.2608
2006-12-18,21.2608,21.0495
2006-12-19,20.9228,21.12
2006-12-20,21.12,21.1904
2006-12-21,21.2186,21.1129
2006-12-22,21.0073,20.8735
2006-12-26,20.796,21.12
2006-12-27,21.12,21.1411
2006-12-28,21.0284,21.1129
2006-12-29,21.0284,21.0284
2007-01-03,21.0636,21.0284
2007-01-04,20.9157,20.9932
2007-01-05,20.8664,20.8735
2007-01-08,20.8805,21.0777
2007-01-09,21.127,21.0988
2007-01-10,20.9862,20.8876
2007-01-11,20.958,21.62
2007-01-12,21.5848,21.9791
2007-01-16,22.0143,21.9439
2007-01-17,22.0144,21.9017
2007-01-18,21.9369,21.8313
2007-01-19,21.6411,21.9087
2007-01-22,21.8735,21.6341
2007-01-23,21.5707,21.6481
2007-01-24,21.6763,21.8946
2007-01-25,21.8876,21.4439
2007-01-26,21.9862,21.5496
2007-01-29,21.5848,21.5003
2007-01-30,21.5284,21.4651
2007-01-31,21.4157,21.7327
2007-02-01,21.7186,21.5214
2007-02-02,21.7045,21.2608
2007-02-05,21.1059,20.8524
2007-02-06,20.8383,20.7819
2007-02-07,20.8735,20.6833
2007-02-08,20.5918,20.6059
2007-02-09,20.6693,20.4087
2007-02-12,20.3453,20.3805
2007-02-13,20.5219,20.5007
2007-02-14,20.6137,20.7763
2007-02-15,20.9035,20.8187
2007-02-16,20.43,20.3099
2007-02-20,20.2321,20.3735
2007-02-21,20.3169,20.7409
2007-02-22,20.7127,20.7692
2007-02-23,20.6491,20.4229
2007-02-26,20.4653,20.5431
2007-02-27,20.2887,19.695
2007-02-28,19.7516,19.9071
2007-03-01,19.6597,19.8505
2007-03-02,19.801,19.6173
2007-03-05,19.4265,19.4689
2007-03-06,19.6456,19.6668
2007-03-07,19.6173,19.5113
2007-03-08,19.589,19.3064
2007-03-09,19.3771,19.2852
2007-03-12,19.2074,19.3912
2007-03-13,19.2569,18.8824
2007-03-14,18.953,19.3629
2007-03-15,19.3064,19.2781
2007-03-16,19.3276,19.3134
2007-03-19,19.3205,19.6668
2007-03-20,19.7375,19.6738
2007-03-21,19.7163,20.1544
2007-03-22,20.1544,19.9777
2007-03-23,19.9424,19.8011
2007-03-26,19.7445,19.9424
2007-03-27,19.8152,19.5891
2007-03-28,19.4901,19.5325
2007-03-29,19.6739,19.6103
2007-03-30,19.6102,19.695
2007-04-02,19.7092,19.6032
2007-04-03,19.688,19.695
2007-04-04,19.794,20.1403
2007-04-05,20.0131,20.1756
2007-04-09,20.1968,20.1897
2007-04-10,20.1403,20.0696
2007-04-11,19.9989,19.8646
2007-04-12,19.8293,20.1685
2007-04-13,20.0908,20.218
2007-04-16,20.2109,20.3028
2007-04-17,20.2321,20.3876
2007-04-18,20.218,20.2109
2007-04-19,20.0272,20.2745
2007-04-20,20.4795,20.5077
2007-04-23,20.4653,20.3381
2007-04-24,20.3452,20.3452
2007-04-25,20.3947,20.4865
2007-04-26,20.5572,20.5643
2007-04-27,21.3204,21.2851
2007-04-30,21.2921,21.1579
2007-05-01,21.1579,21.4829
2007-05-02,21.4759,21.6313
2007-05-03,21.6243,21.8857
2007-05-04,21.6808,21.596
2007-05-07,21.5677,21.702
2007-05-08,21.6808,21.7303
2007-05-09,21.6949,21.7515
2007-05-10,21.6808,21.6101
2007-05-11,21.6031,21.8292
2007-05-14,21.7939,21.8857
2007-05-15,21.907,21.907
2007-05-16,21.9779,22.0275
2007-05-17,21.9992,21.9637
2007-05-18,21.9566,21.8574
2007-05-21,21.7865,22.0134
2007-05-22,21.907,21.7581
2007-05-23,21.8645,21.6801
2007-05-24,21.6518,21.3895
2007-05-25,21.4675,21.6093
2007-05-29,21.6163,21.829
2007-05-30,21.6589,22.0559
2007-05-31,22.063,21.7581
2007-06-01,21.829,21.6872
2007-06-04,21.5667,21.7794
2007-06-05,21.7085,21.6801
2007-06-06,21.5313,21.4745
2007-06-07,21.2831,20.9995
2007-06-08,20.9712,21.3044
2007-06-11,21.2264,21.2831
2007-06-12,21.2406,21.1626
2007-06-13,21.2477,21.5454
2007-06-14,21.5171,21.6376
2007-06-15,21.8787,21.6163
2007-06-18,21.7581,21.6305
2007-06-19,21.6093,21.5951
2007-06-20,21.5809,21.276
2007-06-21,21.2548,21.4249
2007-06-22,21.2689,20.9074
2007-06-25,20.8932,20.9074
2007-06-26,20.9499,20.9286
2007-06-27,20.8152,21.1768
2007-06-28,21.1697,21.1484
2007-06-29,21.1768,20.8932
2007-07-02,21.035,21.0846
2007-07-03,21.1201,21.2831
2007-07-05,21.3044,21.2619
2007-07-06,21.2051,21.2477
2007-07-09,21.1697,21.1768
2007-07-10,21.0563,20.7939
2007-07-11,20.7301,20.9074
2007-07-12,20.957,21.3186
2007-07-13,21.2264,21.1413
2007-07-16,21.0988,21.2902
2007-07-17,21.2831,21.8219
2007-07-18,21.6305,21.9212
2007-07-19,22.0134,22.3395
2007-07-20,22.0843,22.0913
2007-07-23,22.2331,22.1126
2007-07-24,21.985,21.8361
2007-07-25,21.9708,21.7723
2007-07-26,21.4391,21.2548
2007-07-27,21.2193,20.8365
2007-07-30,20.8507,20.8436
2007-07-31,21.0633,20.5529
2007-08-01,20.5245,20.7727
2007-08-02,20.6947,20.9286
2007-08-03,20.879,20.5316
2007-08-06,20.5954,20.9428
2007-08-07,20.7939,20.9499
2007-08-08,21.0704,21.2689
2007-08-09,21.0137,20.7727
2007-08-10,20.4891,20.3544
2007-08-13,20.5174,20.2977
2007-08-14,20.4684,20.1127
2007-08-15,20.0913,19.9917
2007-08-16,19.8352,19.7854
2007-08-17,19.9846,20.0985
2007-08-20,20.0486,20.1056
2007-08-21,19.9917,19.9704
2007-08-22,20.1127,20.0771
2007-08-23,20.1198,20.134
2007-08-24,20.07,20.4969
2007-08-27,20.3546,20.2692
2007-08-28,20.134,19.8708
2007-08-29,20.0131,20.3404
2007-08-30,20.2194,20.2408
2007-08-31,20.4186,20.44
2007-09-04,20.2763,20.4969
2007-09-05,20.383,20.2621
2007-09-06,20.319,20.568
2007-09-07,20.3617,20.2336
2007-09-10,20.3973,20.2621
2007-09-11,20.3688,20.5822
2007-09-12,20.4969,20.5822
2007-09-13,20.7174,20.7459
2007-09-14,20.6178,20.6605
2007-09-17,20.4826,20.44
2007-09-18,20.4186,20.5822
2007-09-19,20.5396,20.3973
2007-09-20,20.2621,20.2194
2007-09-21,20.4115,20.383
2007-09-24,20.4969,20.689
2007-09-25,20.7317,21.0305
2007-09-26,21.1158,20.9878
2007-09-27,21.1301,20.9807
2007-09-28,20.9807,20.9593
2007-10-01,20.9593,21.1799
2007-10-02,21.1301,21.1301
2007-10-03,21.1372,20.9522
2007-10-04,21.0305,21.1372
2007-10-05,21.2652,21.2297
2007-10-08,21.1016,21.2297
2007-10-09,21.3648,21.4146
2007-10-10,21.372,21.5071
2007-10-11,21.5569,21.2795
2007-10-12,21.3648,21.4644
2007-10-15,21.4146,21.372
2007-10-16,21.5142,21.5712
2007-10-17,21.8771,22.1119
2007-10-18,22.2115,22.1688
2007-10-19,22.119,21.4644
2007-10-22,21.4289,21.7063
2007-10-23,21.8486,21.9838
2007-10-24,21.9482,22.2328
2007-10-25,22.4605,22.7593
2007-10-26,25.6193,24.9221
2007-10-29,24.794,24.5948
2007-10-30,24.4525,25.3063
2007-10-31,25.2707,26.1885
2007-11-01,25.9893,26.3663
2007-11-02,26.4802,26.3663
2007-11-05,26.1529,26.1316
2007-11-06,26.032,25.9039
2007-11-07,25.6407,25.2707
2007-11-08,25.3276,24.7158
2007-11-09,24.3173,23.9972
2007-11-12,23.7055,23.7482
2007-11-13,23.9409,24.5976
2007-11-14,24.7118,24.2193
2007-11-15,24.098,24.098
2007-11-16,24.1693,24.3335
2007-11-19,24.2407,24.2407
2007-11-20,24.4334,24.6833
2007-11-21,24.5548,24.4334
2007-11-23,24.5262,24.3478
2007-11-26,24.3335,23.5341
2007-11-27,23.7482,23.5983
2007-11-28,23.8267,24.0551
2007-11-29,23.9695,23.9766
2007-11-30,24.2122,23.9837
2007-12-03,23.9124,23.4984
2007-12-04,23.3699,23.3913
2007-12-05,23.6554,24.3763
2007-12-06,24.4549,24.6619
2007-12-07,24.7047,24.6476
2007-12-10,24.7261,24.8118
2007-12-11,24.7903,24.3406
2007-12-12,24.7047,24.6048
2007-12-13,24.6119,25.1401
2007-12-14,25.0188,25.2044
2007-12-17,25.0045,24.5477
2007-12-18,24.7261,24.7975
2007-12-19,24.7618,24.8332
2007-12-20,25.1901,25.3543
2007-12-21,25.6255,25.7397
2007-12-24,25.7897,26.1109
2007-12-26,25.9895,26.1323
2007-12-27,25.9467,25.6755
2007-12-28,25.7682,25.7825
2007-12-31,25.6255,25.4114
2008-01-02,25.547,25.1401
2008-01-03,25.1401,25.2472
2008-01-04,25.1187,24.5405
2008-01-07,24.6619,24.7047
2008-01-08,24.7761,23.8767
2008-01-09,23.8124,24.5833
2008-01-10,24.5191,24.5048
2008-01-11,24.3692,24.205
2008-01-14,24.5976,24.5477
2008-01-15,24.2907,24.2693
2008-01-16,23.8553,23.7196
2008-01-17,23.9409,23.634
2008-01-18,23.6697,23.5626
2008-01-22,22.5133,22.8131
2008-01-23,22.4705,22.7917
2008-01-24,23.0915,23.7339
2008-01-25,24.9117,23.5126
2008-01-28,23.5697,23.3556
2008-01-29,23.4484,23.2699
2008-01-30,23.2414,22.9844
2008-01-31,22.7774,23.2699
2008-02-01,22.1707,21.7353
2008-02-04,21.7638,21.5497
2008-02-05,21.3498,20.7502
2008-02-06,20.9001,20.3576
2008-02-07,20.2291,20.0721
2008-02-08,20.1935,20.3862
2008-02-11,20.3576,20.1364
2008-02-12,20.2934,20.2291
2008-02-13,20.429,20.6717
2008-02-14,20.6146,20.3434
2008-02-15,20.2077,20.2863
2008-02-19,20.6374,20.1859
2008-02-20,20.1716,20.2218
2008-02-21,20.5084,20.1358
2008-02-22,20.2361,19.8348
2008-02-25,19.8133,19.9495
2008-02-26,19.8778,20.3364
2008-02-27,20.2003,20.2504
2008-02-28,20.0785,20.014
2008-02-29,19.842,19.4909
2008-03-03,19.5195,19.3404
2008-03-04,19.3619,19.7703
2008-03-05,19.885,20.1501
2008-03-06,20.1071,19.756
2008-03-07,19.5912,19.971
2008-03-10,19.9423,20.1
2008-03-11,20.3507,20.9813
2008-03-12,21.0888,20.5156
2008-03-13,20.4511,20.5084
2008-03-14,20.58,20.0354
2008-03-17,19.5625,20.2791
2008-03-18,20.5442,21.0817
2008-03-19,21.053,20.5084
2008-03-20,20.5944,20.9097
2008-03-24,21.0172,20.9025
2008-03-25,21.0172,20.881
2008-03-26,20.8022,20.4654
2008-03-27,20.4081,20.1
2008-03-28,20.2289,19.9996
2008-03-31,19.9781,20.3364
2008-04-01,20.6589,21.139
2008-04-02,21.1891,20.8953
2008-04-03,20.7807,20.7807
2008-04-04,20.8738,20.8953
2008-04-07,21.1748,20.8953
2008-04-08,20.7377,20.6016
2008-04-09,20.58,20.7019
2008-04-10,20.6589,20.8595
2008-04-11,20.6875,20.2648
2008-04-14,20.2361,20.1071
2008-04-15,20.1501,20.2433
2008-04-16,20.4726,20.7449
2008-04-17,20.8667,20.9383
2008-04-18,21.5044,21.4973
2008-04-21,21.6334,21.7982
2008-04-22,21.9559,21.6764
2008-04-23,21.8197,22.5363
2008-04-24,22.6653,22.7871
2008-04-25,21.5331,21.3754
2008-04-28,21.3539,20.7735
2008-04-29,20.6374,20.5227
2008-04-30,20.5944,20.4367
2008-05-01,20.4224,21.0673
2008-05-02,21.2035,20.9527
2008-05-05,21.4471,20.838
2008-05-06,20.7807,21.2823
2008-05-07,21.2751,20.9312
2008-05-08,20.9813,20.9742
2008-05-09,20.9312,21.0601
2008-05-12,21.0673,21.4901
2008-05-13,21.5764,21.4182
2008-05-14,21.4973,21.5261
2008-05-15,21.562,21.9001
2008-05-16,21.9144,21.5692
2008-05-19,21.4829,21.188
2008-05-20,21.073,20.6846
2008-05-21,20.7205,20.3178
2008-05-22,20.3394,20.476
2008-05-23,20.325,20.1739
2008-05-27,20.2171,20.4544
2008-05-28,20.5407,20.2674
2008-05-29,20.289,20.3609
2008-05-30,20.4113,20.3681
2008-06-02,20.3106,19.9941
2008-06-03,20.0732,19.6417
2008-06-04,19.6201,19.8071
2008-06-05,19.9366,20.3537
2008-06-06,20.1308,19.7712
2008-06-09,19.8863,19.9294
2008-06-10,19.6777,20.0589
2008-06-11,20.0301,19.5051
2008-06-12,19.7065,20.3106
2008-06-13,20.5911,20.9075
2008-06-16,20.8716,20.8068
2008-06-17,20.886,20.7134
2008-06-18,20.5335,20.4688
2008-06-19,20.5335,20.8068
2008-06-20,20.7853,20.3034
2008-06-23,20.3537,20.1164
2008-06-24,20.0804,19.9438
2008-06-25,20.0013,20.3897
2008-06-26,20.1596,19.9582
2008-06-27,19.9078,19.8719
2008-06-30,19.9438,19.7856
2008-07-01,19.6129,19.3253
2008-07-02,19.3468,18.6132
2008-07-03,18.678,18.6852
2008-07-07,18.7787,18.7211
2008-07-08,18.6492,18.5917
2008-07-09,18.5485,18.1458
2008-07-10,18.1242,18.304
2008-07-11,18.0954,18.1601
2008-07-14,18.3256,18.0882
2008-07-15,17.93,18.8074
2008-07-16,18.7931,19.6058
2008-07-17,19.8359,19.7928
2008-07-18,18.9585,18.5989
2008-07-21,18.455,18.4406
2008-07-22,18.3687,18.5557
2008-07-23,18.5989,19.0088
2008-07-24,18.7643,18.2968
2008-07-25,18.4406,18.8146
2008-07-28,18.7427,18.3399
2008-07-29,18.3543,18.7787
2008-07-30,18.8434,18.865
2008-07-31,18.5917,18.4982
2008-08-01,18.642,18.2968
2008-08-04,18.2608,18.1817
2008-08-05,18.4406,18.8506
2008-08-06,19.2246,19.4331
2008-08-07,19.3468,19.6993
2008-08-08,19.6705,20.2315
2008-08-11,20.0373,20.0661
2008-08-12,19.9798,20.2243
2008-08-13,20.1883,20.0733
2008-08-14,20.0085,20.0733
2008-08-15,20.1236,20.0013
2008-08-18,19.9798,19.915
2008-08-19,19.8861,19.7273
2008-08-20,19.8861,19.7056
2008-08-21,19.5684,19.6262
2008-08-22,19.6623,20.1028
2008-08-25,19.9367,19.9728
2008-08-26,19.915,19.6912
2008-08-27,19.7417,19.9006
2008-08-28,19.9367,20.175
2008-08-29,19.9872,19.7056
2008-09-02,19.98,19.5684
2008-09-03,19.4962,19.424
2008-09-04,19.3085,19.0269
2008-09-05,18.7958,18.5214
2008-09-08,18.9258,18.8608
2008-09-09,18.9186,18.8463
2008-09-10,19.1496,19.0919
2008-09-11,18.8463,19.7417
2008-09-12,19.5973,19.9439
2008-09-15,19.4385,19.3662
2008-09-16,18.8391,18.7669
2008-09-17,18.5792,17.7416
2008-09-18,17.9076,18.2398
2008-09-19,19.0413,18.1676
2008-09-22,18.933,18.3409
2008-09-23,18.5286,18.3698
2008-09-24,18.4709,18.5719
2008-09-25,18.6442,19.2146
2008-09-26,18.8969,19.785
2008-09-29,19.4529,18.0593
2008-09-30,18.6081,19.2724
2008-10-01,19.0485,19.1207
2008-10-02,18.9041,18.9547
2008-10-03,19.0413,19.0052
2008-10-06,18.507,17.9871
2008-10-07,18.0376,16.774
2008-10-08,16.5357,16.6151
2008-10-09,17.1639,16.1024
2008-10-10,15.7342,15.5248
2008-10-13,16.5068,18.4131
2008-10-14,18.5142,17.4022
2008-10-15,17.1711,16.3624
2008-10-16,16.5646,17.4672
2008-10-17,17.0195,17.2794
2008-10-20,17.4744,17.8499
2008-10-21,17.5466,16.8678
2008-10-22,16.6368,15.5464
2008-10-23,15.5609,16.1169
2008-10-24,15.207,15.8569
2008-10-27,15.6475,15.2937
2008-10-28,15.6259,16.6801
2008-10-29,16.7018,16.6079
2008-10-30,17.1061,16.3407
2008-10-31,16.2685,16.1241
2008-11-03,16.2324,16.3335
2008-11-04,16.7018,16.9906
2008-11-05,16.8462,15.9436
2008-11-06,15.7919,15.0771
2008-11-07,15.3948,15.5248
2008-11-10,15.7775,15.3804
2008-11-11,15.3731,15.3081
2008-11-12,15.0843,14.6583
2008-11-13,14.55,15.3442
2008-11-14,14.846,14.485
2008-11-17,14.2539,13.9506
2008-11-18,14.176,14.2632
2008-11-19,14.2705,13.2963
2008-11-20,13.1728,12.7438
2008-11-21,13.1001,14.3068
2008-11-24,14.4595,15.0411
2008-11-25,15.1647,14.5322
2008-11-26,14.3432,14.8957
2008-11-28,14.7067,14.6994
2008-12-01,14.4522,13.529
2008-12-02,13.8052,13.9215
2008-12-03,13.5581,14.445
2008-12-04,14.1033,13.8925
2008-12-05,13.7471,14.445
2008-12-08,14.7939,15.2737
2008-12-09,14.9902,14.9757
2008-12-10,15.1356,14.9829
2008-12-11,14.6194,14.1396
2008-12-12,13.9215,14.0742
2008-12-15,14.0597,13.8416
2008-12-16,13.9652,14.6194
2008-12-17,14.4013,14.2923
2008-12-18,14.4377,14.0306
2008-12-19,14.1178,13.8997
2008-12-22,13.987,13.9434
2008-12-23,14.0161,14.0161
2008-12-24,14.0015,13.9361
2008-12-26,13.9579,13.907
2008-12-29,13.9215,13.7834
2008-12-30,13.8198,14.0597
2008-12-31,14.0379,14.1324
2009-01-02,14.1978,14.7794
2009-01-05,14.6849,14.9175
2009-01-06,15.0847,15.092
2009-01-07,14.6776,14.1833
2009-01-08,14.2705,14.6267
2009-01-09,14.6631,14.1905
2009-01-12,14.3286,14.1542
2009-01-13,14.1905,14.4086
2009-01-14,14.1978,13.8779
2009-01-15,13.8634,13.987
2009-01-16,14.2705,14.3286
2009-01-20,14.1469,13.4345
2009-01-21,13.718,14.0888
2009-01-22,13.1219,12.4385
2009-01-23,12.3367,12.504
2009-01-26,12.5694,12.8165
2009-01-27,12.9256,12.8384
2009-01-28,12.9401,13.1146
2009-01-29,12.9256,12.7875
2009-01-30,12.8965,12.4313
2009-02-02,12.3804,12.9619
2009-02-03,12.9765,13.449
2009-02-04,13.4781,13.5435
2009-02-05,13.4563,13.8416
2009-02-06,13.9288,14.2923
2009-02-09,14.2778,14.1324
2009-02-10,13.9942,13.6671
2009-02-11,13.7689,13.9652
2009-02-12,13.7907,14.0015
2009-02-13,14.0088,13.8779
2009-02-17,13.5339,13.2411
2009-02-18,13.3363,13.2631
2009-02-19,13.3948,13.1094
2009-02-20,13.0069,13.1753
2009-02-23,13.1899,12.597
2009-02-24,12.4652,12.5677
2009-02-25,12.4506,12.414
2009-02-26,12.4799,12.0188
2009-02-27,11.9236,11.8211
2009-03-02,11.682,11.5576
2009-03-03,11.7333,11.6235
2009-03-04,11.7992,11.7992
2009-03-05,11.6089,11.177
2009-03-06,11.2356,11.1843
2009-03-09,11.1258,11.0892
2009-03-10,11.2502,12.0627
2009-03-11,12.1725,12.5238
2009-03-12,12.4506,12.4506
2009-03-13,12.4287,12.1871
2009-03-16,12.3115,11.8943
2009-03-17,11.9456,12.3701
2009-03-18,12.4653,12.414
2009-03-19,12.7141,12.5458
2009-03-20,12.6775,12.4872
2009-03-23,12.7141,13.4168
2009-03-24,13.2045,13.124
2009-03-25,13.1606,13.0874
2009-03-26,13.2997,13.7828
2009-03-27,13.5705,13.2704
2009-03-30,12.9849,12.7946
2009-03-31,13.0508,13.4461
2009-04-01,13.3436,14.1341
2009-04-02,14.2732,14.1195
2009-04-03,14.0024,13.7242
2009-04-06,13.5705,13.7315
2009-04-07,13.7315,13.7315
2009-04-08,13.8852,14.0463
2009-04-09,14.2366,14.3976
2009-04-13,14.4123,14.3391
2009-04-14,14.2293,14.1634
2009-04-15,14.0609,13.7828
2009-04-16,14.0243,14.4635
2009-04-17,14.4123,14.0536
2009-04-20,13.8267,13.6217
2009-04-21,13.6071,13.8852
2009-04-22,13.7315,13.7462
2009-04-23,13.8486,13.8486
2009-04-24,14.5074,15.3052
2009-04-27,15.0417,14.9319
2009-04-28,14.8222,14.5879
2009-04-29,14.7197,14.8222
2009-04-30,15.0783,14.8295
2009-05-01,14.7782,14.8148
2009-05-04,14.91,14.7782
2009-05-05,14.7416,14.4855
2009-05-06,14.6831,14.4855
2009-05-07,14.6099,14.1414
2009-05-08,14.2439,14.2146
2009-05-11,14.0536,14.1414
2009-05-12,14.2805,14.5586
2009-05-13,14.5806,14.4562
2009-05-14,14.5147,14.6831
2009-05-15,14.7343,14.8002
2009-05-18,14.9027,15.0783
2009-05-19,15.1078,14.9605
2009-05-20,15.0341,15.012
2009-05-21,14.8353,14.5995
2009-05-22,14.6806,14.548
2009-05-26,14.3933,14.9826
2009-05-27,14.9163,14.8279
2009-05-28,14.9678,15.0636
2009-05-29,15.1446,15.3877
2009-06-01,15.4687,15.7634
2009-06-02,15.7339,15.7634
2009-06-03,15.6971,16.0065
2009-06-04,16.0359,16.0801
2009-06-05,16.1759,16.3085
2009-06-08,16.1906,16.2422
2009-06-09,16.2495,16.2643
2009-06-10,16.3306,16.6105
2009-06-11,16.6399,16.8167
2009-06-12,16.8683,17.185
2009-06-15,17.1114,17.2513
2009-06-16,17.2882,17.2734
2009-06-17,17.3103,17.4428
2009-06-18,17.3987,17.3103
2009-06-19,17.708,17.7301
2009-06-22,17.6417,17.1482
2009-06-23,17.2219,17.1924
2009-06-24,17.2734,17.2882
2009-06-25,17.2587,17.5239
2009-06-26,17.3618,17.1998
2009-06-29,17.3839,17.5754
2009-06-30,17.6565,17.5091
2009-07-01,17.7154,17.708
2009-07-02,17.5018,17.2145
2009-07-06,17.0966,17.0893
2009-07-07,17.0009,16.5958
2009-07-08,16.4337,16.6178
2009-07-09,16.6841,16.5295
2009-07-10,16.3453,16.4926
2009-07-13,16.5147,17.1114
2009-07-14,17.0893,17.023
2009-07-15,17.4944,17.767
2009-07-16,17.627,18.0027
2009-07-17,17.9732,17.8922
2009-07-20,18.0027,18.069
2009-07-21,18.1868,18.2899
2009-07-22,18.1942,18.2678
2009-07-23,18.3636,18.8277
2009-07-24,17.3913,17.2734
2009-07-27,17.2661,17.023
2009-07-28,16.9346,17.2882
2009-07-29,17.4797,17.5312
2009-07-30,17.8259,17.5386
2009-07-31,17.5091,17.325
2009-08-03,17.546,17.5533
2009-08-04,17.4428,17.5091
2009-08-05,17.5607,17.5386
2009-08-06,17.627,17.2808
2009-08-07,17.4944,17.3545
2009-08-10,17.2808,17.2513
2009-08-11,17.1777,17.0377
2009-08-12,17.0377,17.3324
2009-08-13,17.406,17.3986
2009-08-14,17.3987,17.4502
2009-08-17,17.1777,17.1261
2009-08-18,17.252,17.4669
2009-08-19,17.2224,17.5187
2009-08-20,17.4817,17.5335
2009-08-21,17.7261,18.0817
2009-08-24,18.0817,18.252
2009-08-25,18.2224,18.252
2009-08-26,18.215,18.1854
2009-08-27,18.0817,18.2891
2009-08-28,18.5706,18.2817
2009-08-31,18.2002,18.2595
2009-09-01,18.0372,17.778
2009-09-02,17.6446,17.6743
2009-09-03,17.7113,17.8594
2009-09-04,17.8446,18.2372
2009-09-08,18.2372,18.3854
2009-09-09,18.3261,18.3557
2009-09-10,18.3706,18.5187
2009-09-11,18.4669,18.415
2009-09-14,18.2595,18.5187
2009-09-15,18.4965,18.6669
2009-09-16,18.7039,18.6669
2009-09-17,18.5632,18.7409
2009-09-18,18.8595,18.7113
2009-09-21,18.6002,18.7409
2009-09-22,18.815,19.0891
2009-09-23,19.2002,19.0446
2009-09-24,19.2002,19.215
2009-09-25,19.0298,18.9261
2009-09-28,18.9632,19.1335
2009-09-29,19.1928,19.0743
2009-09-30,19.0817,19.0521
2009-10-01,18.8224,18.4298
2009-10-02,18.1187,18.4891
2009-10-05,18.5039,18.252
2009-10-06,18.2817,18.6002
2009-10-07,18.5113,18.5928
2009-10-08,18.8446,19.015
2009-10-09,18.9409,18.9261
2009-10-12,19.0076,19.0521
2009-10-13,18.9558,19.1187
2009-10-14,19.3632,19.2298
2009-10-15,19.1854,19.7854
2009-10-16,19.5928,19.6298
2009-10-19,19.6224,19.5261
2009-10-20,19.5706,19.5335
2009-10-21,19.6002,19.6891
2009-10-22,19.6743,19.6965
2009-10-23,21.6299,20.7558
2009-10-26,20.8373,21.2447
2009-10-27,21.2817,21.178
2009-10-28,20.9187,20.7558
2009-10-29,20.7928,20.9039
2009-10-30,20.7632,20.541
2009-11-02,20.5187,20.6521
2009-11-03,20.4743,20.3928
2009-11-04,20.5113,20.7854
2009-11-05,21.1262,21.0891
2009-11-06,21.0224,21.1261
2009-11-09,21.2002,21.4743
2009-11-10,21.4076,21.4891
2009-11-11,21.541,21.5706
2009-11-12,21.4891,21.7484
2009-11-13,21.8299,21.9484
2009-11-16,21.9336,21.8817
2009-11-17,21.9487,22.3207
2009-11-18,22.3207,22.4025
2009-11-19,22.3132,22.157
2009-11-20,22.0677,22.038
2009-11-23,22.2016,22.276
2009-11-24,22.2835,22.2537
2009-11-25,22.1793,22.1644
2009-11-27,21.6585,21.7403
2009-11-30,21.6883,21.8817
2009-12-01,21.9636,22.3281
2009-12-02,22.2463,22.157
2009-12-03,22.2016,22.1942
2009-12-04,22.3579,22.3058
2009-12-07,22.157,22.1644
2009-12-08,21.9636,22.0008
2009-12-09,21.9264,22.1049
2009-12-10,22.1049,22.224
2009-12-11,22.2984,22.2091
2009-12-14,22.2537,22.4025
2009-12-15,22.2388,22.3356
2009-12-16,22.3728,22.3951
2009-12-17,22.2835,22.0231
2009-12-18,22.2016,22.5885
2009-12-21,22.6183,22.7076
2009-12-22,22.7671,22.9308
2009-12-23,22.8489,23.0052
2009-12-24,22.9754,23.0647
2009-12-28,23.0647,23.1912
2009-12-29,23.3251,23.3549
2009-12-30,23.1763,23.035
2009-12-31,23.0498,22.6778
2010-01-04,22.782,23.0275
2010-01-05,22.9531,23.035
2010-01-06,22.9754,22.8936
2010-01-07,22.7894,22.6555
2010-01-08,22.529,22.8117
2010-01-11,22.8489,22.5216
2010-01-12,22.4323,22.3728
2010-01-13,22.5141,22.5811
2010-01-14,22.5513,23.035
2010-01-15,23.1242,22.9605
2010-01-19,22.8787,23.1391
2010-01-20,22.9233,22.7597
2010-01-21,22.7745,22.3281
2010-01-22,22.3207,21.5469
2010-01-25,21.7552,21.8148
2010-01-26,21.7255,21.9487
2010-01-27,21.8371,22.0752
2010-01-28,22.2016,21.6957
2010-01-29,22.2463,20.9666
2010-02-01,21.1228,21.1377
2010-02-02,21.1079,21.1749
2010-02-03,21.0261,21.3014
2010-02-04,21.1154,20.7136
2010-02-05,20.8326,20.8475
2010-02-08,20.8401,20.6243
2010-02-09,20.8103,20.8401
2010-02-10,20.855,20.8252
2010-02-11,20.7806,20.9219
2010-02-12,20.6913,20.7806
2010-02-16,21.0272,21.1917
2010-02-17,21.3262,21.3711
2010-02-18,21.3711,21.6551
2010-02-19,21.5206,21.5056
2010-02-22,21.558,21.4757
2010-02-23,21.4384,21.1767
2010-02-24,21.3188,21.401
2010-02-25,21.1319,21.3786
2010-02-26,21.4159,21.4309
2010-03-01,21.5056,21.6925
2010-03-02,21.7374,21.2739
2010-03-03,21.3113,21.2739
2010-03-04,21.2739,21.401
2010-03-05,21.4234,21.3711
2010-03-08,21.3188,21.401
2010-03-09,21.3487,21.5281
2010-03-10,21.5729,21.6551
2010-03-11,21.5953,21.8121
2010-03-12,21.9168,21.8794
2010-03-15,21.8121,21.8943
2010-03-16,21.9915,21.9541
2010-03-17,22.0513,22.1485
2010-03-18,22.1485,22.1335
2010-03-19,22.2457,22.1186
2010-03-22,22.0513,22.1261
2010-03-23,22.1186,22.3354
2010-03-24,22.2158,22.1634
2010-03-25,22.298,22.4325
2010-03-26,22.4923,22.1709
2010-03-29,22.2083,22.1186
2010-03-30,22.1485,22.2531
2010-03-31,22.156,21.8943
2010-04-01,21.9392,21.7972
2010-04-05,21.7747,21.8794
2010-04-06,21.7897,21.9168
2010-04-07,21.7972,21.9392
2010-04-08,21.9168,22.3653
2010-04-09,22.3877,22.6792
2010-04-12,22.6119,22.6643
2010-04-13,22.5372,22.7614
2010-04-14,23.0156,23.038
2010-04-15,23.038,23.0754
2010-04-16,23.0156,22.9259
2010-04-19,23.0006,23.2025
2010-04-20,23.337,23.4417
2010-04-21,23.4192,23.4192
2010-04-22,23.2025,23.4641
2010-04-23,23.2623,23.1427
2010-04-26,23.1726,23.2548
2010-04-27,23.1352,23.0604
2010-04-28,23.1128,23.1053
2010-04-29,23.1202,23.1726
2010-04-30,23.2249,22.8287
2010-05-03,22.9259,23.0679
2010-05-04,22.8138,22.5222
2010-05-05,22.2531,22.3129
2010-05-06,22.1186,21.6626
2010-05-07,21.6252,21.087
2010-05-10,21.685,21.6327
2010-05-11,21.4384,21.5879
2010-05-12,21.6626,22.0065
2010-05-13,21.8719,21.857
2010-05-14,21.8271,21.6252
2010-05-17,21.7673,21.6327
2010-05-18,21.6778,21.475
2010-05-19,21.415,21.2047
2010-05-20,20.7617,20.3562
2010-05-21,19.9958,20.1535
2010-05-24,20.161,19.7255
2010-05-25,19.2599,19.5753
2010-05-26,19.6955,18.7794
2010-05-27,19.32,19.5227
2010-05-28,19.4026,19.3726
2010-06-01,19.1698,19.4402
2010-06-02,19.5678,19.8682
2010-06-03,19.9357,20.1685
2010-06-04,19.5978,19.3651
2010-06-07,19.3876,18.9896
2010-06-08,18.9596,18.8545
2010-06-09,18.9371,18.6142
2010-06-10,18.8695,18.7719
2010-06-11,18.8019,19.2675
2010-06-14,19.4176,19.1473
2010-06-15,19.335,19.9583
2010-06-16,19.8757,19.763
2010-06-17,19.9432,19.8006
2010-06-18,19.8006,19.8531
2010-06-21,20.1084,19.4852
2010-06-22,19.6429,19.3501
2010-06-23,19.3576,19.0046
2010-06-24,19.1173,18.7719
2010-06-25,18.8094,18.419
2010-06-28,18.4039,18.2538
2010-06-29,18.1186,17.5029
2010-06-30,17.4954,17.2776
2010-07-01,17.3377,17.3903
2010-07-02,17.5404,17.4729
2010-07-06,17.7957,17.8858
2010-07-07,17.8858,18.2463
2010-07-08,18.4715,18.3289
2010-07-09,18.2688,18.2237
2010-07-12,18.3439,18.6442
2010-07-13,18.877,18.8695
2010-07-14,19.1473,19.1023
2010-07-15,19.1473,19.1548
2010-07-16,19.1548,18.6893
2010-07-19,18.7418,18.9446
2010-07-20,18.6667,19.1323
2010-07-21,19.2224,18.862
2010-07-22,19.1548,19.4026
2010-07-23,19.4026,19.3801
2010-07-26,19.4176,19.5978
2010-07-27,19.6279,19.6429
2010-07-28,19.5753,19.4852
2010-07-29,19.6204,19.5453
2010-07-30,19.335,19.3801
2010-08-02,19.5152,19.7705
2010-08-03,19.6729,19.6429
2010-08-04,19.6354,19.32
2010-08-05,19.1398,19.0497
2010-08-06,18.907,19.1849
2010-08-09,19.1849,19.2299
2010-08-10,19.0197,18.8244
2010-08-11,18.5316,18.6668
2010-08-12,18.3364,18.3889
2010-08-13,18.2838,18.3213
2010-08-16,18.2913,18.3964
2010-08-17,18.6531,18.6531
2010-08-18,18.6305,18.7361
2010-08-19,18.5852,18.4493
2010-08-20,18.3511,18.2908
2010-08-23,18.4493,18.3285
2010-08-24,18.1851,18.1473
2010-08-25,18.1171,18.1926
2010-08-26,18.1851,17.9813
2010-08-27,18.0265,18.0643
2010-08-30,17.9209,17.8454
2010-08-31,17.8152,17.717
2010-09-01,17.868,18.0416
2010-09-02,18.0265,18.0718
2010-09-03,18.2983,18.3361
2010-09-07,18.1926,18.0869
2010-09-08,18.17,18.0643
2010-09-09,18.2606,18.1247
2010-09-10,18.102,18.0039
2010-09-13,18.2681,18.9551
2010-09-14,18.9022,18.8947
2010-09-15,18.9475,18.9626
2010-09-16,18.9173,19.1211
2010-09-17,19.174,19.0381
2010-09-20,19.0834,19.1966
2010-09-21,19.1891,18.9853
2010-09-22,18.789,18.5776
2010-09-23,18.5021,18.4417
2010-09-24,18.6003,18.7059
2010-09-27,18.7588,18.6682
2010-09-28,18.721,18.6304
2010-09-29,18.5927,18.4946
2010-09-30,18.5776,18.487
2010-10-01,18.6984,18.404
2010-10-04,18.0869,18.0492
2010-10-05,18.1624,18.3813
2010-10-06,18.3587,18.4417
2010-10-07,18.5852,18.5172
2010-10-08,18.5852,18.5474
2010-10-11,18.6757,18.5625
2010-10-12,18.6078,18.7437
2010-10-13,18.8871,19.1287
2010-10-14,19.0909,19.0456
2010-10-15,19.1438,19.2796
2010-10-18,19.3174,19.491
2010-10-19,19.0758,18.9475
2010-10-20,19.0683,19.106
2010-10-21,19.174,19.1891
2010-10-22,19.2645,19.1589
2010-10-25,19.0532,19.0154
2010-10-26,18.9626,19.5514
2010-10-27,19.4684,19.6646
2010-10-28,19.7854,19.8383
2010-10-29,20.495,20.1327
2010-11-01,20.2912,20.344
2010-11-02,20.4271,20.6762
2010-11-03,20.729,20.4044
2010-11-04,20.6913,20.4875
2010-11-05,20.5101,20.2685
2010-11-08,20.1402,20.2383
2010-11-09,20.2384,20.344
2010-11-10,20.3893,20.3365
2010-11-11,20.1402,20.1402
2010-11-12,19.9817,19.8307
2010-11-15,19.876,19.7779
2010-11-16,19.7779,19.6032
2010-11-17,19.6715,19.4209
2010-11-18,19.5272,19.626
2010-11-19,19.5956,19.512
2010-11-22,19.4817,19.5424
2010-11-23,19.4209,19.0791
2010-11-24,19.1399,19.269
2010-11-26,19.1475,19.1779
2010-11-29,19.1323,19.2234
2010-11-30,19.0259,19.1854
2010-12-01,19.4209,19.7779
2010-12-02,19.9298,20.4235
2010-12-03,20.3627,20.5222
2010-12-06,20.4538,20.3855
2010-12-07,20.5678,20.4083
2010-12-08,20.3779,20.6817
2010-12-09,20.7197,20.5678
2010-12-10,20.6513,20.7652
2010-12-13,20.7121,20.6969
2010-12-14,20.7425,20.9779
2010-12-15,20.9096,21.1526
2010-12-16,21.0842,21.2589
2010-12-17,21.2058,21.1906
2010-12-20,21.2286,21.1222
2010-12-21,21.1526,21.3197
2010-12-22,21.2741,21.4108
2010-12-23,21.2437,21.4944
2010-12-27,21.3577,21.3197
2010-12-28,21.2437,21.2741
2010-12-29,21.221,21.2437
2010-12-30,21.2058,21.1526
2010-12-31,21.1146,21.1982
2011-01-03,21.3045,21.2513
2011-01-04,21.221,21.3349
2011-01-05,21.1906,21.2665
2011-01-06,21.2969,21.8893
2011-01-07,21.7526,21.7222
2011-01-10,21.464,21.4336
2011-01-11,21.4184,21.3501
2011-01-12,21.3577,21.6843
2011-01-13,21.5172,21.4108
2011-01-14,21.3273,21.4944
2011-01-18,21.388,21.7678
2011-01-19,21.6159,21.6235
2011-01-20,21.6463,21.5324
2011-01-21,21.5703,21.2817
2011-01-24,21.2817,21.5551
2011-01-25,21.3729,21.6083
2011-01-26,21.6539,21.859
2011-01-27,21.8362,21.9273
2011-01-28,21.9501,21.0766
2011-01-31,21.0918,21.0615
2011-02-01,21.1146,21.2589
2011-02-02,21.2134,21.221
2011-02-03,21.2437,21.0007
2011-02-04,21.0387,21.0918
2011-02-07,21.1146,21.4184
2011-02-08,21.3425,21.4792
2011-02-09,21.4108,21.2437
2011-02-10,21.2134,20.8868
2011-02-11,21.0842,20.6969
2011-02-14,20.6665,20.6817
2011-02-15,20.6588,20.5977
2011-02-16,20.6664,20.6435
2011-02-17,20.6053,20.7887
2011-02-18,20.7275,20.6741
2011-02-22,20.4601,20.315
2011-02-23,20.2691,20.315
2011-02-24,20.3532,20.4525
2011-02-25,20.5595,20.2844
2011-02-28,20.3914,20.3073
2011-03-01,20.3226,19.9864
2011-03-02,19.9482,19.9253
2011-03-03,20.0629,20.017
2011-03-04,20.0323,19.826
2011-03-07,19.9635,19.6503
2011-03-08,19.6885,19.7954
2011-03-09,19.719,19.7802
2011-03-10,19.5739,19.4134
2011-03-11,19.4134,19.6197
2011-03-14,19.4746,19.6274
2011-03-15,19.1613,19.3982
2011-03-16,19.2683,18.9398
2011-03-17,19.146,18.9321
2011-03-18,19.146,18.9474
2011-03-21,19.2377,19.3523
2011-03-22,19.3294,19.3294
2011-03-23,19.2759,19.5128
2011-03-24,19.5586,19.719
2011-03-25,19.8107,19.5739
2011-03-28,19.6044,19.4134
2011-03-29,19.36,19.4746
2011-03-30,19.5586,19.5662
2011-03-31,19.5586,19.3982
2011-04-01,19.5051,19.4669
2011-04-04,19.444,19.5204
2011-04-05,19.7267,19.6961
2011-04-06,19.8489,19.9788
2011-04-07,20.0094,20.017
2011-04-08,19.9941,19.9177
2011-04-11,20.0094,19.8489
2011-04-12,19.7343,19.5892
2011-04-13,19.5968,19.5815
2011-04-14,19.4211,19.4211
2011-04-15,19.4516,19.3829
2011-04-18,19.1766,19.1613
2011-04-19,19.1002,19.2148
2011-04-20,19.5128,19.6808
2011-04-21,19.7038,19.4975
2011-04-25,19.528,19.5662
2011-04-26,19.6656,20.0094
2011-04-27,20.0934,20.1545
2011-04-28,20.2156,20.4066
2011-04-29,20.2844,19.8031
2011-05-02,19.8184,19.6044
2011-05-03,19.5586,19.719
2011-05-04,19.7496,19.91
2011-05-05,19.9024,19.7038
2011-05-06,19.9177,19.7649
2011-05-09,19.7114,19.7343
2011-05-10,19.3905,19.6121
2011-05-11,19.5968,19.3752
2011-05-12,19.3676,19.3447
2011-05-13,19.3141,19.1231
2011-05-16,19.0696,18.7717
2011-05-17,18.764,18.8563
2011-05-18,18.864,18.987
2011-05-19,19.11,19.0101
2011-05-20,19.0101,18.8332
2011-05-23,18.6179,18.5871
2011-05-24,18.6102,18.5717
2011-05-25,18.5871,18.6025
2011-05-26,18.7255,18.9716
2011-05-27,18.9793,19.0408
2011-05-31,19.1946,19.2331
2011-06-01,19.2177,18.7871
2011-06-02,18.8332,18.6256
2011-06-03,18.4948,18.3872
2011-06-06,18.3718,18.4641
2011-06-07,18.5256,18.5025
2011-06-08,18.3795,18.4102
2011-06-09,18.4641,18.4256
2011-06-10,18.4718,18.2334
2011-06-13,18.2949,18.4871
2011-06-14,18.6871,18.6256
2011-06-15,18.4564,18.2564
2011-06-16,18.2641,18.4564
2011-06-17,18.6256,18.6563
2011-06-20,18.5871,18.8178
2011-06-21,18.8563,19.0408
2011-06-22,18.9178,18.9562
2011-06-23,18.7947,18.9409
2011-06-24,18.8486,18.6871
2011-06-27,18.6333,19.3792
2011-06-28,19.4561,19.8406
2011-06-29,19.7714,19.7022
2011-06-30,19.7945,19.9944
2011-07-01,19.9406,20.0098
2011-07-05,20.0713,20.0175
2011-07-06,19.9713,20.2482
2011-07-07,20.3712,20.5866
2011-07-08,20.4097,20.7019
2011-07-11,20.4712,20.4789
2011-07-12,20.4174,20.4097
2011-07-13,20.4558,20.4789
2011-07-14,20.4712,20.3559
2011-07-15,20.3558,20.5942
2011-07-18,20.4789,20.4481
2011-07-19,20.6173,21.1787
2011-07-20,20.9787,20.8096
2011-07-21,20.7942,20.8403
2011-07-22,20.6558,21.171
2011-07-25,20.9634,21.4632
2011-07-26,21.394,21.594
2011-07-27,21.4402,21.0172
2011-07-28,20.9864,21.3171
2011-07-29,21.1633,21.071
2011-08-01,21.1556,20.9711
2011-08-02,20.748,20.6096
2011-08-03,20.6327,20.7019
2011-08-04,20.402,19.9483
2011-08-05,19.9713,19.7483
2011-08-08,19.2408,18.8255
2011-08-09,19.0024,19.6714
2011-08-10,19.1869,18.6102
2011-08-11,18.8409,19.3715
2011-08-12,19.3254,19.3023
2011-08-15,19.41,19.6176
2011-08-16,19.517,19.6176
2011-08-17,19.5402,19.5402
2011-08-18,19.014,19.0914
2011-08-19,18.8902,18.6116
2011-08-22,18.8979,18.5574
2011-08-23,18.5961,19.1301
2011-08-24,19.0759,19.2694
2011-08-25,19.4087,19.014
2011-08-26,18.9675,19.5402
2011-08-29,19.7569,19.9968
2011-08-30,19.9117,20.2986
2011-08-31,20.345,20.5849
2011-09-01,20.4766,20.2831
2011-09-02,19.9504,19.9658
2011-09-06,19.5015,19.7414
2011-09-07,19.8807,20.1206
2011-09-08,20.1206,20.2909
2011-09-09,20.1206,19.9194
2011-09-12,19.6872,20.0355
2011-09-13,20.0587,20.1516
2011-09-14,20.2522,20.5075
2011-09-15,20.6855,20.8867
2011-09-16,20.9332,20.9873
2011-09-19,20.7397,21.057
2011-09-20,21.1344,20.879
2011-09-21,20.9332,20.1129
2011-09-22,19.5789,19.3932
2011-09-23,19.2694,19.3932
2011-09-26,19.4938,19.6872
2011-09-27,19.8575,19.8652
2011-09-28,20.0664,19.7956
2011-09-29,20.1051,19.695
2011-09-30,19.5015,19.2616
2011-10-03,19.1301,18.983
2011-10-04,18.805,19.6099
2011-10-05,19.6718,20.0355
2011-10-06,20.0432,20.3837
2011-10-07,20.3837,20.3141
2011-10-10,20.5695,20.8481
2011-10-11,20.7861,20.8945
2011-10-12,21.0338,20.8635
2011-10-13,20.7088,21.0338
2011-10-14,21.1344,21.1034
2011-10-17,20.9796,20.879
2011-10-18,20.848,21.1344
2011-10-19,21.1808,20.9951
2011-10-20,21.0957,20.9254
2011-10-21,21.0106,21.0183
2011-10-24,20.9409,21.0415
2011-10-25,20.9564,20.7474
2011-10-26,20.9177,20.5772
2011-10-27,20.9951,21.0879
2011-10-28,21.0028,20.879
2011-10-31,20.7088,20.6081
2011-11-01,20.2676,20.1129
2011-11-02,20.198,20.1283
2011-11-03,20.3063,20.5308
2011-11-04,20.4147,20.3141
2011-11-07,20.2831,20.7397
2011-11-08,20.9022,21.0183
2011-11-09,20.5772,20.2754
2011-11-10,20.4843,20.3373
2011-11-11,20.5694,20.8248
2011-11-14,20.8016,20.7087
2011-11-15,20.7087,20.8491
2011-11-16,20.6386,20.3267
2011-11-17,20.2799,19.9135
2011-11-18,19.8667,19.7263
2011-11-21,19.6795,19.4924
2011-11-22,19.4067,19.3287
2011-11-23,19.1883,19.0792
2011-11-25,19.009,18.9466
2011-11-28,19.4456,19.3911
2011-11-29,19.3521,19.3677
2011-11-30,19.7809,19.9446
2011-12-01,19.929,19.7107
2011-12-02,19.9524,19.664
2011-12-05,20.1006,20.0382
2011-12-06,20.124,20.007
2011-12-07,20.0148,19.9602
2011-12-08,19.8667,19.8043
2011-12-09,19.8979,20.0382
2011-12-12,19.8121,19.8901
2011-12-13,20.0772,20.085
2011-12-14,20.0538,19.9524
2011-12-15,20.0538,19.9291
2011-12-16,20.0148,20.2721
2011-12-19,20.2877,19.9057
2011-12-20,20.163,20.2955
2011-12-21,20.2799,20.085
2011-12-22,20.1318,20.124
2011-12-23,20.2019,20.2955
2011-12-27,20.2409,20.3033
2011-12-28,20.3579,20.1318
2011-12-29,20.2331,20.2877
2011-12-30,20.2721,20.2409
2012-01-03,20.701,20.8725
2012-01-04,20.9115,21.3637
2012-01-05,21.3481,21.582
2012-01-06,21.4651,21.9173
2012-01-09,21.8705,21.6288
2012-01-10,21.7769,21.7068
2012-01-11,21.3871,21.6132
2012-01-12,21.7302,21.8315
2012-01-13,21.7769,22.0264
2012-01-17,22.1434,22.0342
2012-01-18,22.0732,22.0108
2012-01-19,21.9563,21.9251
2012-01-20,22.4709,23.1648
2012-01-23,23.04,23.1804
2012-01-24,22.9777,22.8763
2012-01-25,22.6658,23.0478
2012-01-26,23.0868,23.0011
2012-01-27,22.9621,22.7905
2012-01-30,22.5878,23.0868
2012-01-31,23.1258,23.0245
2012-02-01,23.2272,23.3051
2012-02-02,23.3129,23.3519
2012-02-03,23.5001,23.578
2012-02-06,23.4221,23.5468
2012-02-07,23.5079,23.6638
2012-02-08,23.5936,23.9055
2012-02-09,23.9211,23.9913
2012-02-10,23.8899,23.7808
2012-02-13,23.8821,23.8431
2012-02-14,23.8039,23.7411
2012-02-15,23.8039,23.5841
2012-02-16,23.7882,24.5573
2012-02-17,24.4867,24.5259
2012-02-21,24.471,24.675
2012-02-22,24.6829,24.5416
2012-02-23,24.4867,24.6201
2012-02-24,24.7064,24.7064
2012-02-27,24.5181,24.6044
2012-02-28,24.6515,25.0125
2012-02-29,25.0282,24.9105
2012-03-01,25.0596,25.3422
2012-03-02,25.3579,25.1773
2012-03-05,25.1224,24.9576
2012-03-06,24.7535,24.7692
2012-03-07,24.8556,24.989
2012-03-08,25.1459,25.1224
2012-03-09,25.193,25.1067
2012-03-12,25.091,25.146
2012-03-13,25.3029,25.6404
2012-03-14,25.5305,25.7189
2012-03-15,25.7346,25.7817
2012-03-16,25.8288,25.5855
2012-03-19,25.5384,25.2715
2012-03-20,25.193,25.1067
2012-03-21,25.0832,25.0439
2012-03-22,24.9654,25.1146
2012-03-23,25.193,25.1224
2012-03-26,25.2637,25.5776
2012-03-27,25.6247,25.5227
2012-03-28,25.5227,25.2637
2012-03-29,25.1616,25.2087
2012-03-30,25.4285,25.3186
2012-04-02,25.2872,25.3422
2012-04-03,25.2401,25.0675
2012-04-04,24.8477,24.4945
2012-04-05,24.4475,24.7378
2012-04-09,24.5024,24.4082
2012-04-10,24.3768,23.9138
2012-04-11,23.8824,23.8196
2012-04-12,23.9216,24.314
2012-04-13,24.2434,24.1806
2012-04-16,24.3219,24.3925
2012-04-17,24.5416,24.675
2012-04-18,24.5495,24.4396
2012-04-19,24.4318,24.3376
2012-04-20,25.2323,25.4442
2012-04-23,25.3579,25.2087
2012-04-24,25.2794,25.0518
2012-04-25,25.0518,25.2715
2012-04-26,25.2087,25.2009
2012-04-27,25.2087,25.0989
2012-04-30,25.0989,25.1303
2012-05-01,25.1538,25.1224
2012-05-02,24.9968,24.9576
2012-05-03,25.0204,24.9262
2012-05-04,24.6829,24.314
2012-05-07,24.0943,24.055
2012-05-08,23.9216,23.9373
2012-05-09,23.694,24.1414
2012-05-10,24.2198,24.1257
2012-05-11,24.0864,24.4553
2012-05-14,24.1885,24.0786
2012-05-15,24.205,23.8653
2012-05-16,23.9443,23.6204
2012-05-17,23.6915,23.4782
2012-05-18,23.5335,23.1227
2012-05-21,22.9884,23.5019
2012-05-22,23.4545,23.5098
2012-05-23,23.1859,22.9963
2012-05-24,23.0358,22.9647
2012-05-25,23.0674,22.9568
2012-05-29,23.2096,23.3518
2012-05-30,23.1859,23.178
2012-05-31,23.1464,23.0595
2012-06-01,22.7198,22.4749
2012-06-04,22.6092,22.5539
2012-06-05,22.5223,22.5223
2012-06-06,22.8146,23.1859
2012-06-07,23.415,23.0911
2012-06-08,23.0753,23.4229
2012-06-11,23.4861,22.8304
2012-06-12,22.9884,23.1385
2012-06-13,23.0832,23.0121
2012-06-14,23.1701,23.178
2012-06-15,23.3755,23.7152
2012-06-18,23.6915,23.573
2012-06-19,23.8495,24.2524
2012-06-20,24.4341,24.4341
2012-06-21,24.4578,23.81
2012-06-22,23.9364,24.2524
2012-06-25,23.9364,23.5967
2012-06-26,23.6994,23.7152
2012-06-27,23.8495,23.8337
2012-06-28,23.6836,23.6283
2012-06-29,24.0549,24.1655
2012-07-02,24.1892,24.1418
2012-07-03,23.8811,24.2998
2012-07-05,24.1655,24.2524
2012-07-06,24.1813,23.8495
2012-07-09,23.7942,23.6994
2012-07-10,23.7626,23.494
2012-07-11,23.4703,23.1464
2012-07-12,23.0279,22.6171
2012-07-13,22.7198,23.2175
2012-07-16,23.2886,23.257
2012-07-17,23.415,23.4308
2012-07-18,23.3834,24.0549
2012-07-19,24.1023,24.2287
2012-07-20,24.4894,23.7942
2012-07-23,23.3597,23.1306
2012-07-24,23.099,23.0279
2012-07-25,23.099,22.7751
2012-07-26,23.0911,23.0358
2012-07-27,23.2886,23.5098
2012-07-30,23.5019,23.415
2012-07-31,23.2886,23.2807
2012-08-01,23.3755,23.2333
2012-08-02,23.0753,23.0595
2012-08-03,23.3281,23.5019
2012-08-06,23.6994,23.6599
2012-08-07,23.7547,23.9048
2012-08-08,23.8653,23.9601
2012-08-09,24.0075,24.0944
2012-08-10,24.0944,24.0312
2012-08-13,23.9759,24.0075
2012-08-14,24.095,23.9598
2012-08-15,23.9439,24.0154
2012-08-16,24.1427,24.4767
2012-08-17,24.588,24.5721
2012-08-20,24.5085,24.4449
2012-08-21,24.4608,24.4926
2012-08-22,24.3256,24.2858
2012-08-23,24.1665,24.0632
2012-08-24,24.0552,24.3017
2012-08-27,24.5959,24.4051
2012-08-28,24.413,24.3574
2012-08-29,24.3733,24.3733
2012-08-30,24.2778,24.1109
2012-08-31,24.3335,24.5085
2012-09-04,24.2142,24.1665
2012-09-05,24.0313,24.1665
2012-09-06,24.254,24.9299
2012-09-07,24.6834,24.6118
2012-09-10,24.5164,24.4289
2012-09-11,24.4051,24.4846
2012-09-12,24.6039,24.4767
2012-09-13,24.5641,24.6039
2012-09-14,24.6596,24.8186
2012-09-17,24.8027,24.8186
2012-09-18,24.7311,24.7947
2012-09-19,24.7232,24.6914
2012-09-20,24.6119,25.0095
2012-09-21,24.9935,24.8027
2012-09-24,24.6516,24.4767
2012-09-25,24.6118,24.1665
2012-09-26,24.0791,23.9916
2012-09-27,23.9916,23.9836
2012-09-28,23.9995,23.6655
2012-10-01,23.7053,23.4508
2012-10-02,23.6019,23.586
2012-10-03,23.6576,23.7451
2012-10-04,23.8325,23.8802
2012-10-05,24.0393,23.7371
2012-10-08,23.5701,23.6814
2012-10-09,23.6019,23.2838
2012-10-10,23.1805,23.0453
2012-10-11,23.2361,23.0214
2012-10-12,23.0373,23.2202
2012-10-15,23.3554,23.4667
2012-10-16,23.419,23.4508
2012-10-17,23.2997,23.5304
2012-10-18,23.5781,23.4588
2012-10-19,23.1009,22.7749
2012-10-22,22.8465,22.266
2012-10-23,22.0831,22.3057
2012-10-24,22.3932,22.1864
2012-10-25,22.4171,22.1705
2012-10-26,22.1546,22.433
2012-10-31,22.7033,22.6954
2012-11-01,22.9339,23.4747
2012-11-02,23.5304,23.4588
2012-11-05,23.5542,23.5622
2012-11-06,23.7133,23.7451
2012-11-07,23.4826,23.1248
2012-11-08,23.1566,22.9101
2012-11-09,22.9658,22.926
2012-11-12,23.0135,22.4409
2012-11-13,21.6632,21.7193
2012-11-14,21.8396,21.5189
2012-11-15,21.551,21.3746
2012-11-16,21.3826,21.2623
2012-11-19,21.4868,21.4307
2012-11-20,21.4548,21.4147
2012-11-21,21.4147,21.6071
2012-11-23,21.8316,22.2084
2012-11-26,22.0801,21.9599
2012-11-27,21.9358,21.7113
2012-11-28,21.6552,21.9358
2012-11-29,21.7354,21.6071
2012-11-30,21.6873,21.3425
2012-12-03,21.4708,21.1902
2012-12-04,21.2463,21.1421
2012-12-05,21.1501,21.3826
2012-12-06,21.4949,21.4307
2012-12-07,21.5029,21.2142
2012-12-10,21.2944,21.5991
2012-12-11,21.6873,21.9037
2012-12-12,22.0721,21.8396
2012-12-13,21.9037,21.7354
2012-12-14,21.7354,21.4949
2012-12-17,21.4788,21.7274
2012-12-18,21.8476,22.0962
2012-12-19,22.2004,21.8957
2012-12-20,21.9358,22.1924
2012-12-21,22.008,22.008
2012-12-24,21.8075,21.6953
2012-12-26,21.6712,21.5349
2012-12-27,21.559,21.6151
2012-12-28,21.4147,21.2864
2012-12-31,21.3185,21.4147
2013-01-02,21.8476,22.1443
2013-01-03,22.1523,21.8476
2013-01-04,21.8637,21.4387
2013-01-07,21.4628,21.3986
2013-01-08,21.4467,21.2864
2013-01-09,21.4227,21.4067
2013-01-10,21.3666,21.2142
2013-01-11,21.2383,21.5109
2013-01-14,21.567,21.559
2013-01-15,21.5109,21.8156
2013-01-16,21.7674,21.6793
2013-01-17,21.7995,21.8476
2013-01-18,21.7274,21.8476
2013-01-22,21.8877,21.7674
2013-01-23,21.8075,22.1363
2013-01-24,22.2084,22.1523
2013-01-25,22.1122,22.3527
2013-01-28,22.4569,22.3768
2013-01-29,22.3046,22.4569
2013-01-30,22.4569,22.3287
2013-01-31,22.2806,22.008
2013-02-01,22.1844,22.3928
2013-02-04,22.3447,22.0
2013-02-05,22.1443,22.0481
2013-02-06,21.9518,21.9198
2013-02-07,21.9278,21.8717
2013-02-08,21.9278,22.0881
2013-02-11,22.1683,22.3367
2013-02-12,22.3527,22.3527
2013-02-13,22.3928,22.473
2013-02-14,22.3848,22.481
2013-02-15,22.481,22.4569
2013-02-19,22.5378,22.6752
2013-02-20,22.7399,22.5297
2013-02-21,22.4246,22.2225
2013-02-22,22.3761,22.4408
2013-02-25,22.6105,22.1255
2013-02-26,22.1336,22.1255
2013-02-27,22.1659,22.4812
2013-02-28,22.5378,22.4731
2013-03-01,22.4084,22.5944
2013-03-04,22.5135,22.7561
2013-03-05,22.8692,22.9177
2013-03-06,22.8046,22.7075
2013-03-07,22.7237,22.748
2013-03-08,22.8369,22.6348
2013-03-11,22.5863,22.5297
2013-03-12,22.5054,22.562
2013-03-13,22.5297,22.5701
2013-03-14,22.6348,22.748
2013-03-15,22.659,22.6671
2013-03-18,22.5378,22.7156
2013-03-19,22.7318,22.7803
2013-03-20,22.9096,22.8935
2013-03-21,22.7237,22.7237
2013-03-22,22.7884,22.8369
2013-03-25,22.8773,22.7641
2013-03-26,22.8288,22.7641
2013-03-27,22.748,22.9339
2013-03-28,22.8935,23.1279
2013-04-01,23.1522,23.1279
2013-04-02,23.1117,23.2815
2013-04-03,23.2411,23.0875
2013-04-04,22.9501,23.1198
2013-04-05,22.8126,23.2007
2013-04-08,23.2249,23.1117
2013-04-09,23.2249,23.9363
2013-04-10,23.904,24.4779
2013-04-11,23.524,23.3947
2013-04-12,23.3219,23.2734
2013-04-15,23.1602,23.1926
2013-04-16,23.3623,23.4189
2013-04-17,23.3219,23.3058
2013-04-18,23.4028,23.2734
2013-04-19,23.9444,24.0656
2013-04-22,24.4941,24.9225
2013-04-23,24.8174,24.7366
2013-04-24,24.7528,25.6743
2013-04-25,25.6339,25.8198
2013-04-26,25.7875,25.6986
2013-04-29,25.7067,26.3615
2013-04-30,26.321,26.7575
2013-05-01,26.6201,26.4504
2013-05-02,26.3776,26.8061
2013-05-03,26.8627,27.0728
2013-05-06,27.0163,27.283
2013-05-07,27.2022,26.9273
2013-05-08,26.7333,26.6686
2013-05-09,26.5555,26.4019
2013-05-10,26.41,26.4261
2013-05-13,26.3615,26.701
2013-05-14,26.7498,27.2952
2013-05-15,27.2301,27.5557
2013-05-16,27.3848,27.743
2013-05-17,27.7837,28.3861
2013-05-20,28.2721,28.557
2013-05-21,28.5733,28.3698
2013-05-22,28.3209,28.1744
2013-05-23,27.8651,27.7999
2013-05-24,27.6127,27.8976
2013-05-28,28.0197,28.5082
2013-05-29,28.2802,28.3942
2013-05-30,28.3698,28.5163
2013-05-31,28.3454,28.4105
2013-06-03,28.4268,28.9722
2013-06-04,28.9966,28.4838
2013-06-05,28.1663,28.3128
2013-06-06,28.3616,28.4593
2013-06-07,28.6954,29.0373
2013-06-10,28.9071,28.8745
2013-06-11,28.5326,28.3616
2013-06-12,28.6058,28.4919
2013-06-13,28.4838,28.264
2013-06-14,28.1256,28.0035
2013-06-17,28.2395,28.4919
2013-06-18,28.4675,28.4756
2013-06-19,28.4593,28.1581
2013-06-20,27.8895,27.2627
2013-06-21,27.4011,27.0836
2013-06-24,26.8149,27.4499
2013-06-25,27.743,27.4092
2013-06-26,27.7755,27.9628
2013-06-27,28.1012,28.1826
2013-06-28,27.9872,28.1174
2013-07-01,28.2884,27.9709
2013-07-02,28.0116,27.629
2013-07-03,27.4011,27.686
2013-07-05,27.7511,27.8488
2013-07-08,27.9628,27.9465
2013-07-09,28.15,27.9628
2013-07-10,27.9546,28.2477
2013-07-11,28.4919,29.0536
2013-07-12,28.964,29.0373
2013-07-15,29.0292,29.4443
2013-07-16,29.3141,29.5257
2013-07-17,29.5827,29.0943
2013-07-18,29.078,28.8501
2013-07-19,26.3754,25.5613
2013-07-22,25.8055,26.0579
2013-07-23,25.9765,25.9032
2013-07-24,26.0823,26.0172
2013-07-25,25.7404,25.5532
2013-07-26,25.4473,25.7404
2013-07-29,25.6183,25.6753
2013-07-30,25.8706,25.9276
2013-07-31,26.0253,25.9195
2013-08-01,26.0986,25.7811
2013-08-02,25.7974,25.9602
2013-08-05,25.9683,25.8055
2013-08-06,25.6834,25.7078
2013-08-07,25.6753,26.0986
2013-08-08,26.2451,26.7742
2013-08-09,26.6766,26.6196
2013-08-12,26.4242,26.758
2013-08-13,26.6514,26.4218
2013-08-14,26.3481,26.5202
2013-08-15,26.2333,26.0611
2013-08-16,26.0611,26.0693
2013-08-19,26.0365,25.7332
2013-08-20,25.7742,25.9218
2013-08-21,25.9136,25.9136
2013-08-22,26.389,26.553
2013-08-23,28.832,28.4877
2013-08-26,28.2008,27.9958
2013-08-27,27.4794,27.2662
2013-08-28,27.3728,27.0695
2013-08-29,26.9957,27.504
2013-08-30,27.3564,27.381
2013-09-03,26.0283,26.1349
2013-09-04,25.7332,25.5775
2013-09-05,25.4955,25.602
2013-09-06,25.6676,25.5365
2013-09-09,25.5939,25.9546
2013-09-10,26.1513,26.553
2013-09-11,26.7006,26.8399
2013-09-12,26.8235,26.7989
2013-09-13,26.8645,27.0777
2013-09-16,27.3646,26.8891
2013-09-17,27.3974,26.9957
2013-09-18,27.0449,27.3154
2013-09-19,27.4466,27.5777
2013-09-20,27.3892,26.8809
2013-09-23,26.676,26.8399
2013-09-24,26.9465,26.6022
2013-09-25,26.635,26.6514
2013-09-26,26.758,26.8645
2013-09-27,26.9547,27.2744
2013-09-30,27.0531,27.2826
2013-10-01,27.34,27.5286
2013-10-02,27.3482,27.8073
2013-10-03,27.7745,27.7581
2013-10-04,27.6187,27.7745
2013-10-07,27.545,27.299
2013-10-08,27.3072,27.0613
2013-10-09,27.1105,27.1105
2013-10-10,27.3072,27.6761
2013-10-11,27.6105,27.9794
2013-10-14,27.7909,28.2418
2013-10-15,28.4221,28.2746
2013-10-16,28.3647,28.3975
2013-10-17,28.2418,28.6271
2013-10-18,28.5451,28.6599
2013-10-21,28.6763,28.6845
2013-10-22,28.7091,28.3483
2013-10-23,28.1598,27.6761
2013-10-24,27.7253,27.6433
2013-10-25,29.4141,29.2911
2013-10-28,29.1927,29.1599
2013-10-29,29.2091,29.1189
2013-10-30,29.1272,29.1354
2013-10-31,29.2337,29.0288
2013-11-01,29.2419,29.1272
2013-11-04,29.1763,29.4633
2013-11-05,29.3403,30.0371
2013-11-06,30.529,31.2996
2013-11-07,31.1192,30.7421
2013-11-08,30.8815,30.9717
2013-11-11,30.8979,30.8159
2013-11-12,30.6438,30.6274
2013-11-13,30.3159,31.2832
2013-11-14,31.0455,31.1684
2013-11-15,31.1111,31.0209
2013-11-18,30.6192,30.4962
2013-11-19,30.4384,30.3475
2013-11-20,30.4962,30.6284
2013-11-21,30.7853,30.8927
2013-11-22,31.0001,31.0331
2013-11-25,31.3305,31.0909
2013-11-26,31.0331,30.8514
2013-11-27,31.0331,31.0579
2013-11-29,31.2396,31.4957
2013-12-02,31.4626,31.76
2013-12-03,31.5039,31.6444
2013-12-04,31.5617,32.1647
2013-12-05,32.0904,31.3883
2013-12-06,31.7352,31.6856
2013-12-09,31.8509,31.9748
2013-12-10,31.8922,31.4792
2013-12-11,31.4378,31.0661
2013-12-12,31.0909,30.744
2013-12-13,30.9092,30.3062
2013-12-16,30.3393,30.4714
2013-12-17,30.5127,30.1658
2013-12-18,30.0336,30.2154
2013-12-19,30.1575,29.9428
2013-12-20,29.9015,30.3971
2013-12-23,30.4053,30.2484
2013-12-24,30.331,30.6284
2013-12-26,30.7275,30.9257
2013-12-27,31.0414,30.8018
2013-12-30,30.744,30.8018
2013-12-31,30.8927,30.901
2014-01-02,30.8514,30.6944
2014-01-03,30.7275,30.4879
2014-01-06,30.4384,29.8436
2014-01-07,30.0089,30.0749
2014-01-08,29.7363,29.538
2014-01-09,29.6372,29.348
2014-01-10,29.6537,29.7693
2014-01-13,29.728,28.8937
2014-01-14,28.6872,29.5545
2014-01-15,29.6537,30.364
2014-01-16,30.3062,30.4714
2014-01-17,30.4219,30.0502
2014-01-21,30.4136,29.8767
2014-01-22,29.951,29.6785
2014-01-23,29.8106,29.7858
2014-01-24,30.934,30.4053
2014-01-27,30.4549,29.761
2014-01-28,29.8354,29.9593
2014-01-29,29.7198,30.2814
2014-01-30,30.3888,30.4466
2014-01-31,30.521,31.2561
2014-02-03,31.1735,30.1328
2014-02-04,30.5375,30.0254
2014-02-05,29.9758,29.5876
2014-02-06,29.5711,29.885
2014-02-07,30.0006,30.1988
2014-02-10,30.2567,30.3971
2014-02-11,30.4632,30.7027
2014-02-12,30.8514,30.9505
2014-02-13,30.8349,31.0661
2014-02-14,30.8844,31.0744
2014-02-18,31.3157,31.141
2014-02-19,30.9745,31.2159
2014-02-20,31.2658,31.4156
2014-02-21,31.5737,31.607
2014-02-24,31.3657,31.3657
2014-02-25,31.2991,31.2408
2014-02-26,31.2741,31.1826
2014-02-27,31.166,31.5072
2014-02-28,31.607,31.8817
2014-03-03,31.5571,31.4406
2014-03-04,31.7901,31.9649
2014-03-05,31.8317,31.7152
2014-03-06,31.7402,31.7485
2014-03-07,31.8567,31.5404
2014-03-10,31.6153,31.4739
2014-03-11,31.5155,31.6403
2014-03-12,31.4572,31.8483
2014-03-13,31.9732,31.5321
2014-03-14,31.3324,31.374
2014-03-17,31.5404,31.6653
2014-03-18,31.84,32.9136
2014-03-19,32.847,32.6806
2014-03-20,32.6639,33.5627
2014-03-21,33.8873,33.4212
2014-03-24,33.571,33.7041
2014-03-25,33.8373,33.571
2014-03-26,33.6875,33.1133
2014-03-27,33.0717,32.7555
2014-03-28,33.1133,33.5377
2014-03-31,33.6459,34.1119
2014-04-01,34.2451,34.4698
2014-04-02,34.4864,34.4115
2014-04-03,34.3616,34.1286
2014-04-04,34.3283,33.1799
2014-04-07,33.2548,33.1216
2014-04-08,33.08,33.1383
2014-04-09,33.2298,33.6792
2014-04-10,33.6542,32.7555
2014-04-11,32.4559,32.6306
2014-04-14,32.5474,32.6057
2014-04-15,32.7388,33.08
2014-04-16,33.338,33.621
2014-04-17,33.2964,33.2964
2014-04-21,33.3962,33.2381
2014-04-22,33.2548,33.2797
2014-04-23,33.2797,33.0301
2014-04-24,33.0717,33.1715
2014-04-25,33.5294,33.2132
2014-04-28,33.4046,34.0121
2014-04-29,34.2035,33.7125
2014-04-30,33.621,33.621
2014-05-01,33.4878,33.2881
2014-05-02,33.546,33.0301
2014-05-05,32.8886,32.8137
2014-05-06,32.6972,32.5058
2014-05-07,32.6389,32.8054
2014-05-08,32.7388,32.9885
2014-05-09,32.9052,32.9052
2014-05-12,33.0717,33.2631
2014-05-13,33.4558,33.8749
2014-05-14,33.7743,33.724
2014-05-15,33.5983,33.1877
2014-05-16,33.2463,33.3804
2014-05-19,33.196,33.3134
2014-05-20,33.2547,33.2547
2014-05-21,33.3553,33.8162
2014-05-22,33.7659,33.6067
2014-05-23,33.833,33.6235
2014-05-27,33.7408,33.6821
2014-05-28,33.6402,33.5313
2014-05-29,33.6486,33.8078
2014-05-30,33.9,34.3107
2014-06-02,34.3191,34.185
2014-06-03,34.0257,33.7659
2014-06-04,33.6989,33.7911
2014-06-05,34.0174,34.537
2014-06-06,34.7632,34.7632
2014-06-09,34.6878,34.5872
2014-06-10,34.3861,34.4532
2014-06-11,34.3023,34.2436
2014-06-12,34.2018,34.009
2014-06-13,34.4448,34.5537
2014-06-16,34.3945,34.78
2014-06-17,34.604,34.9309
2014-06-18,34.8722,34.9057
2014-06-19,34.8387,34.7884
2014-06-20,34.7381,34.9309
2014-06-23,34.9728,35.1907
2014-06-24,35.0566,34.9895
2014-06-25,34.9476,35.2242
2014-06-26,35.1404,34.9644
2014-06-27,34.8722,35.4086
2014-06-30,35.3415,34.9476
2014-07-01,35.0817,35.0901
2014-07-02,34.9728,35.1152
2014-07-03,35.1236,35.0314
2014-07-07,34.9895,35.1907
2014-07-08,35.0901,35.0147
2014-07-09,35.1823,34.9225
2014-07-10,34.6711,34.9392
2014-07-11,34.9476,35.2745
2014-07-14,35.3834,35.3164
2014-07-15,35.4756,35.5762
2014-07-16,35.6265,36.9422
2014-07-17,38.0904,37.3194
2014-07-18,37.4199,37.4535
2014-07-21,37.3445,37.5792
2014-07-22,37.7133,37.5708
2014-07-23,38.0904,37.6043
2014-07-24,37.6546,37.2104
2014-07-25,37.1266,37.2942
2014-07-28,37.1769,36.8501
2014-07-29,36.7997,36.783
2014-07-30,36.9338,36.5232
2014-07-31,36.3556,36.1712
2014-08-01,36.2131,35.9198
2014-08-04,36.012,36.3472
2014-08-05,36.2969,36.1042
2014-08-06,35.8192,35.8192
2014-08-07,35.903,36.2299
2014-08-08,36.2299,36.2047
2014-08-11,36.255,36.2047
2014-08-12,36.0707,36.4729
2014-08-13,36.607,36.9422
2014-08-14,36.9422,37.1015
2014-08-15,37.3613,37.5373
2014-08-18,37.663,37.8054
2014-08-19,37.9235,38.2271
2014-08-20,38.2355,37.9066
2014-08-21,37.8139,38.1343
2014-08-22,38.244,38.0753
2014-08-25,38.2861,38.0922
2014-08-26,38.2102,37.9572
2014-08-27,37.8645,37.8392
2014-08-28,37.738,37.8476
2014-08-29,38.0247,38.3114
2014-09-02,38.3114,38.0247
2014-09-03,37.5525,37.9151
2014-09-04,37.7296,38.1681
2014-09-05,38.0416,38.7162
2014-09-08,38.809,39.1885
2014-09-09,39.1885,39.433
2014-09-10,39.4836,39.5005
2014-09-11,39.4162,39.6354
2014-09-12,39.5595,39.3824
2014-09-15,39.2475,38.9945
2014-09-16,39.121,39.433
2014-09-17,39.0114,39.2306
2014-09-18,39.2897,39.3656
2014-09-19,39.4752,40.074
2014-09-22,39.8884,39.686
2014-09-23,39.5089,39.2644
2014-09-24,39.3234,39.7029
2014-09-25,39.5342,38.8259
2014-09-26,38.7331,39.1379
2014-09-29,38.7752,39.1632
2014-09-30,39.1041,39.0957
2014-10-01,39.0198,38.7078
2014-10-02,38.6488,38.5897
2014-10-03,38.7752,38.868
2014-10-06,38.8933,38.868
2014-10-07,38.6741,38.3958
2014-10-08,38.3536,39.4499
2014-10-09,39.2138,38.6656
2014-10-10,38.4548,37.1308
2014-10-13,36.9537,36.8103
2014-10-14,36.9959,36.8778
2014-10-15,36.2622,36.4477
2014-10-16,35.8658,36.0429
2014-10-17,36.4309,36.7935
2014-10-20,36.3128,37.173
2014-10-21,37.4091,37.8476
2014-10-22,37.9488,37.426
2014-10-23,37.6284,37.9657
2014-10-24,39.4921,38.9017
2014-10-27,38.5475,38.7162
2014-10-28,38.6741,39.2053
2014-10-29,39.1632,39.315
2014-10-30,39.062,38.8343
2014-10-31,39.5848,39.5933
2014-11-03,39.5427,40.0065
2014-11-04,39.8884,40.1161
2014-11-05,40.3101,40.3607
2014-11-06,40.3607,41.069
2014-11-07,41.2546,41.0522
2014-11-10,41.0269,41.2293
2014-11-11,41.1955,41.2124
2014-11-12,40.951,41.1365
2014-11-13,41.1618,41.8365
2014-11-14,41.9461,41.8112
2014-11-17,41.6678,41.71
2014-11-18,41.693,41.362
2014-11-19,41.2941,40.9207
2014-11-20,40.734,41.3281
2014-11-21,41.5996,40.7171
2014-11-24,40.7256,40.3861
2014-11-25,40.4455,40.2843
2014-11-26,40.3012,40.5219
2014-11-28,40.6916,40.5728
2014-12-01,40.6322,41.2602
2014-12-02,41.4469,41.1244
2014-12-03,41.1074,40.8019
2014-12-04,41.065,41.4469
2014-12-05,41.4299,41.0905
2014-12-08,40.9547,40.4794
2014-12-09,39.9788,40.3861
2014-12-10,40.3776,39.8005
2014-12-11,39.9533,40.0297
2014-12-12,39.6987,39.843
2014-12-15,40.0551,39.6054
2014-12-16,38.9519,38.3239
2014-12-17,38.2306,38.8161
2014-12-18,39.529,40.3267
2014-12-19,40.42,40.4455
2014-12-22,40.5473,40.7171
2014-12-23,41.048,41.1159
2014-12-24,41.2772,40.8528
2014-12-26,41.082,40.6322
2014-12-29,40.4794,40.2673
2014-12-30,40.2588,39.9024
2014-12-31,39.6563,39.4187
2015-01-02,39.5969,39.6817
2015-01-05,39.3508,39.3168
2015-01-06,39.3593,38.7398
2015-01-07,39.0198,39.232
2015-01-08,39.6733,40.3861
2015-01-09,40.4031,40.0467
2015-01-12,40.2419,39.546
2015-01-13,39.86,39.3423
2015-01-14,39.0028,39.0028
2015-01-15,39.2235,38.5955
2015-01-16,38.4512,39.2405
2015-01-20,39.2914,39.3677
2015-01-21,38.9859,38.9689
2015-01-22,39.3593,39.9957
2015-01-23,40.1909,40.0382
2015-01-26,39.8854,39.8939
2015-01-27,36.4485,36.2024
2015-01-28,36.2703,34.9549
2015-01-29,34.7342,35.6508
2015-01-30,35.2604,34.2845
2015-02-02,34.4457,35.0313
2015-02-03,35.3283,35.3028
2015-02-04,35.5914,35.5065
2015-02-05,35.829,36.0242
2015-02-06,36.2194,35.9902
2015-02-09,35.846,35.9478
2015-02-10,36.2703,36.1515
2015-02-11,36.1939,35.9648
2015-02-12,36.2024,36.5673
2015-02-13,36.8134,37.2292
2015-02-17,37.5796,37.2463
2015-02-18,37.289,37.2036
2015-02-19,36.9044,37.1779
2015-02-20,37.1865,37.4856
2015-02-23,37.3489,37.7335
2015-02-24,37.7335,37.6822
2015-02-25,37.5625,37.5967
2015-02-26,37.5967,37.6565
2015-02-27,37.7164,37.4771
2015-03-02,37.3232,37.5027
2015-03-03,37.2292,36.9899
2015-03-04,36.7591,36.8019
2015-03-05,36.8104,36.8446
2015-03-06,36.7506,36.2036
2015-03-09,36.0583,36.6224
2015-03-10,36.1951,35.9216
2015-03-11,36.1609,35.8788
2015-03-12,35.3233,35.0584
2015-03-13,34.7849,35.366
2015-03-16,35.443,35.5199
2015-03-17,35.3575,35.6395
2015-03-18,35.4088,36.3233
2015-03-19,36.1181,36.1438
2015-03-20,36.3746,36.648
2015-03-23,36.648,36.6309
2015-03-24,36.5626,36.6651
2015-03-25,36.6822,35.4344
2015-03-26,35.2293,35.2208
2015-03-27,35.1438,35.0156
2015-03-30,35.1267,35.0071
2015-03-31,34.8532,34.7507
2015-04-01,34.6994,34.802
2015-04-02,34.7507,34.4345
2015-04-06,34.4772,35.5113
2015-04-07,35.5626,35.4942
2015-04-08,35.4344,35.4002
2015-04-09,35.2549,35.4515
2015-04-10,35.5797,35.6566
2015-04-13,35.3831,35.6908
2015-04-14,35.725,35.5968
2015-04-15,35.6908,36.1181
2015-04-16,35.8532,36.0327
2015-04-17,35.6139,35.5712
2015-04-20,35.6652,36.6737
2015-04-21,36.7506,36.4429
2015-04-22,36.4686,36.7421
2015-04-23,36.6566,37.0412
2015-04-24,39.024,40.9128
2015-04-27,40.3658,41.0496
2015-04-28,40.8359,42.0153
2015-04-29,41.6393,41.9299
2015-04-30,41.6222,41.5709
2015-05-01,41.5196,41.588
2015-05-04,41.3401,41.229
2015-05-05,40.8701,40.6821
2015-05-06,40.6564,39.5539
2015-05-07,39.5454,39.9129
2015-05-08,40.6393,40.8103
2015-05-11,40.6393,40.4855
2015-05-12,40.0411,40.4684
2015-05-13,41.1863,40.7077
2015-05-14,41.0495,41.6393
2015-05-15,41.7675,41.2803
2015-05-18,41.0068,41.0325
2015-05-19,40.9121,40.9293
2015-05-20,40.7658,40.9293
2015-05-21,40.6712,40.7916
2015-05-22,40.6884,40.3443
2015-05-26,40.2841,40.0776
2015-05-27,40.2755,40.9551
2015-05-28,40.8604,40.8174
2015-05-29,40.8002,40.3099
2015-06-01,40.4819,40.6282
2015-06-02,40.3701,40.3615
2015-06-03,40.7486,40.3013
2015-06-04,40.2497,39.8798
2015-06-05,39.8368,39.6905
2015-06-08,39.8282,39.3378
2015-06-09,39.3636,39.269
2015-06-10,39.3894,40.0948
2015-06-11,40.1378,39.9486
2015-06-12,39.7593,39.5443
2015-06-15,39.097,39.1228
2015-06-16,39.0109,39.4239
2015-06-17,39.3378,39.5443
2015-06-18,39.7594,40.1895
2015-06-19,40.2497,39.6561
2015-06-22,39.854,39.768
2015-06-23,39.6819,39.4927
2015-06-24,39.2862,39.2604
2015-06-25,39.5959,39.269
2015-06-26,39.269,38.9335
2015-06-29,38.7443,38.1679
2015-06-30,38.4604,37.9787
2015-07-01,38.2454,38.2368
2015-07-02,38.2625,38.1937
2015-07-06,37.8152,38.1851
2015-07-07,38.1421,38.1077
2015-07-08,38.2281,38.0561
2015-07-09,38.4948,38.297
2015-07-10,38.7185,38.3744
2015-07-13,38.6927,39.1744
2015-07-14,39.097,39.2432
2015-07-15,39.2948,39.3637
2015-07-16,39.5787,40.1378
2015-07-17,40.0432,40.1034
2015-07-20,40.1292,40.3615
2015-07-21,40.2411,40.6712
2015-07-22,39.0884,39.1744
2015-07-23,38.9422,39.6647
2015-07-24,39.4927,39.5185
2015-07-27,39.5185,39.011
2015-07-28,39.2088,39.0024
2015-07-29,39.054,39.8196
2015-07-30,39.7937,40.3271
2015-07-31,40.6798,40.1722
2015-08-03,40.4131,40.2669
2015-08-04,40.2153,40.8948
2015-08-05,41.2733,40.9293
2015-08-06,41.0411,40.1034
2015-08-07,39.9056,40.2067
2015-08-10,40.3873,40.7142
2015-08-11,40.2755,39.9228
2015-08-12,39.7335,40.2067
2015-08-13,40.4819,40.198
2015-08-14,40.026,40.4303
2015-08-17,40.2669,40.7056
2015-08-18,40.5584,40.9307
2015-08-19,40.5064,40.3592
2015-08-20,39.8917,39.5366
2015-08-21,39.2249,37.294
2015-08-24,35.0253,36.0904
2015-08-25,36.861,35.0427
2015-08-26,36.3761,36.9823
2015-08-27,37.4325,38.0126
2015-08-28,37.5797,38.0386
2015-08-31,37.7183,37.6836
2015-09-01,36.5147,36.2116
2015-09-02,36.6792,37.5451
2015-09-03,37.5884,37.6663
2015-09-04,37.0688,36.8957
2015-09-08,37.4931,38.004
2015-09-09,38.2811,37.294
2015-09-10,37.3373,37.4845
2015-09-11,37.3546,37.649
2015-09-14,37.6057,37.268
2015-09-15,37.3979,38.0819
2015-09-16,38.0733,38.359
2015-09-17,38.3504,38.3157
2015-09-18,37.6663,37.649
2015-09-21,37.7702,38.1945
2015-09-22,37.5624,38.0126
2015-09-23,38.0387,37.9867
2015-09-24,37.623,38.0213
2015-09-25,38.5149,38.0473
2015-09-28,37.9521,37.4845
2015-09-29,37.5537,37.6143
2015-09-30,37.9953,38.3244
2015-10-01,38.7487,38.6274
2015-10-02,38.333,39.4587
2015-10-05,39.6146,40.3765
2015-10-06,40.1168,40.4805
2015-10-07,40.7835,40.5238
2015-10-08,40.3159,41.0866
2015-10-09,41.0866,40.7922
2015-10-12,40.6796,40.6969
2015-10-13,40.3159,40.6017
2015-10-14,40.3939,40.4198
2015-10-15,40.7056,40.7056
2015-10-16,40.7143,41.1385
2015-10-19,41.0606,41.2338
2015-10-20,41.0779,41.3637
2015-10-21,41.4936,40.8701
2015-10-22,41.1559,41.5888
2015-10-23,45.2862,45.7797
2015-10-26,45.4853,46.9746
2015-10-27,46.7495,46.4897
2015-10-28,46.3599,46.7409
2015-10-29,46.3599,46.204
2015-10-30,46.1694,45.5806
2015-11-02,45.7624,46.1001
2015-11-03,45.8317,46.8881
2015-11-04,46.914,47.1045
2015-11-05,47.1825,47.0872
2015-11-06,46.8361,47.5548
2015-11-09,47.2344,46.8967
2015-11-10,46.8188,46.3339
2015-11-11,46.4984,46.4551
2015-11-12,46.3079,46.1694
2015-11-13,45.9529,45.7537
2015-11-16,45.9616,46.559
2015-11-17,46.3498,46.1754
2015-11-18,46.2016,46.9426
2015-11-19,47.0646,47.021
2015-11-20,47.2913,47.239
2015-11-23,47.2913,47.239
2015-11-24,47.0036,47.2913
2015-11-25,47.1518,46.8031
2015-11-27,46.899,47.0123
2015-11-30,47.5441,47.3784
2015-12-01,47.4307,48.1368
2015-12-02,48.224,48.1281
2015-12-03,48.3722,47.2477
2015-12-04,47.1779,48.7383
2015-12-07,48.6337,48.6512
2015-12-08,48.3548,48.6337
2015-12-09,48.2676,47.9276
2015-12-10,48.2851,48.1804
2015-12-11,47.6923,47.1256
2015-12-14,47.361,48.0671
2015-12-15,48.5204,48.1194
2015-12-16,48.4158,48.9301
2015-12-17,49.1306,48.5553
2015-12-18,48.6163,47.1867
2015-12-21,47.8404,47.7969
2015-12-22,47.9363,48.2502
2015-12-23,48.5553,48.6599
2015-12-24,48.6948,48.5291
2015-12-28,48.2502,48.7732
2015-12-29,49.0696,49.2963
2015-12-30,49.2265,49.087
2015-12-31,48.8517,48.3635
2016-01-04,47.3523,47.7707
2016-01-05,47.884,47.9886
2016-01-06,47.3523,47.1169
2016-01-07,45.9401,45.4781
2016-01-08,45.6524,45.6175
2016-01-11,45.7745,45.5914
2016-01-12,45.9924,46.0098
2016-01-13,46.899,45.0161
2016-01-14,45.3299,46.2975
2016-01-15,44.7284,44.4494
2016-01-19,44.8766,44.0746
2016-01-20,43.569,44.2751
2016-01-21,44.4581,44.0048
2016-01-22,44.8156,45.5827
2016-01-25,45.2776,45.1468
2016-01-26,45.1468,45.4781
2016-01-27,45.3386,44.6499
2016-01-28,45.2078,45.3822
2016-01-29,47.7097,48.0235
2016-02-01,47.8405,47.6923
2016-02-02,47.2215,46.2016
2016-02-03,46.4195,45.4694
2016-02-04,45.4171,45.3299
2016-02-05,45.2776,43.7259
2016-02-08,43.1941,43.0721
2016-02-09,42.7321,42.9588
2016-02-10,43.4905,43.3336
2016-02-11,42.4357,43.3162
2016-02-12,43.8044,44.0223
2016-02-16,44.6896,44.8564
2016-02-17,45.2076,46.0241
2016-02-18,45.9451,45.8222
2016-02-19,45.629,45.4973
2016-02-22,45.9012,46.226
2016-02-23,45.9539,44.9354
2016-02-24,44.5052,45.0934
2016-02-25,45.4183,45.7431
2016-02-26,46.1821,45.0407
2016-02-29,45.0847,44.672
2016-03-01,44.751,46.1646
2016-03-02,46.0153,46.4894
2016-03-03,46.507,45.9626
2016-03-04,46.0066,45.6817
2016-03-07,45.269,44.8037
2016-03-08,44.6018,45.348
2016-03-09,45.5588,46.3929
2016-03-10,46.4719,45.6993
2016-03-11,46.5333,46.5948
2016-03-14,46.2787,46.6826
2016-03-15,46.3138,47.0513
2016-03-16,46.9284,47.7186
2016-03-17,47.5957,47.9908
2016-03-18,48.2191,46.9635
2016-03-21,46.7528,47.2884
2016-03-22,47.0689,47.4728
2016-03-23,47.5079,47.385
2016-03-24,47.2708,47.5957
2016-03-28,47.5957,47.0074
2016-03-29,47.1128,48.0347
2016-03-30,48.2278,48.3332
2016-03-31,48.2454,48.4912
2016-04-01,48.3332,48.7898
2016-04-04,48.6668,48.6668
2016-04-05,48.4561,47.903
2016-04-06,47.7274,48.3947
2016-04-07,48.1752,47.8152
2016-04-08,47.9996,47.7801
2016-04-11,47.8415,47.6835
2016-04-12,47.7362,47.982
2016-04-13,48.3947,48.5966
2016-04-14,48.4825,48.6054
2016-04-15,48.5527,48.86
2016-04-18,48.7195,49.5712
2016-04-19,49.7204,49.5097
2016-04-20,49.4219,48.8073
2016-04-21,48.9917,48.9741
2016-04-22,45.5763,45.4622
2016-04-25,45.4622,45.7519
2016-04-26,45.8836,45.1637
2016-04-27,45.1988,44.7247
2016-04-28,44.4437,43.8116
2016-04-29,43.3287,43.7852
2016-05-02,43.8994,44.4349
2016-05-03,44.1979,43.7062
2016-05-04,43.7589,43.7852
2016-05-05,43.7852,43.8467
2016-05-06,43.8291,44.2418
2016-05-09,44.3296,43.9608
2016-05-10,44.1891,44.7949
2016-05-11,44.8915,44.8213
2016-05-12,44.9529,45.2251
2016-05-13,45.1637,44.8476
2016-05-16,44.6018,45.5061
2016-05-17,45.7271,44.6573
2016-05-18,44.6308,44.9226
2016-05-19,44.622,44.4893
2016-05-20,44.6308,44.7546
2016-05-23,44.7369,44.2329
2016-05-24,44.8253,45.6122
2016-05-25,45.9039,46.0808
2016-05-26,45.9128,45.8774
2016-05-27,45.9039,46.2576
2016-05-31,46.2046,46.8588
2016-06-01,46.3637,46.7262
2016-06-02,46.5405,46.3991
2016-06-03,46.3106,45.789
2016-06-06,45.9658,46.0896
2016-06-07,46.1869,46.0631
2016-06-08,45.9924,46.0101
2016-06-09,45.9747,45.6387
2016-06-10,45.1348,45.5149
2016-06-13,43.8351,44.3302
2016-06-14,44.118,44.0561
2016-06-15,44.0119,43.9323
2016-06-16,43.782,44.5512
2016-06-17,44.5689,44.3214
2016-06-20,44.7723,44.2683
2016-06-21,44.3833,45.2585
2016-06-22,45.1613,45.0817
2016-06-23,45.3381,45.8951
2016-06-24,44.0384,44.0561
2016-06-27,43.4107,42.8183
2016-06-28,43.2516,43.7113
2016-06-29,44.1268,44.6838
2016-06-30,44.843,45.2408
2016-07-01,45.2055,45.232
2016-07-05,44.9402,45.2408
2016-07-06,44.896,45.4265
2016-07-07,45.4619,45.4265
2016-07-08,45.736,46.2399
2016-07-11,46.4168,46.4963
2016-07-12,46.8058,47.0445
2016-07-13,47.3539,47.3097
2016-07-14,47.6015,47.5131
2016-07-15,47.6987,47.4777
2016-07-18,47.4777,47.7076
2016-07-19,47.4865,46.9384
2016-07-20,49.6438,49.4316
2016-07-21,49.4935,49.3344
2016-07-22,49.5819,50.0151
2016-07-25,49.9267,50.1566
2016-07-26,49.9709,50.1831
2016-07-27,50.0505,49.6792
2016-07-28,49.5112,49.6968
2016-07-29,49.7411,50.1124
2016-08-01,50.0417,50.024
2016-08-02,50.2627,50.024
2016-08-03,50.1124,50.3688
2016-08-04,50.2185,50.7401
2016-08-05,50.97,51.2441
2016-08-08,51.3325,51.3325
2016-08-09,51.4297,51.4563
2016-08-10,51.4209,51.2971
2016-08-11,51.306,51.5447
2016-08-12,51.306,51.2264
2016-08-15,51.2883,51.3855
2016-08-16,51.2521,51.1009
2016-08-17,51.1898,51.2076
2016-08-18,51.0831,51.2432
2016-08-19,51.092,51.261
2016-08-22,51.2432,51.3055
2016-08-23,51.5101,51.5012
2016-08-24,51.4211,51.5546
2016-08-25,51.4923,51.7503
2016-08-26,51.8482,51.6258
2016-08-29,51.7592,51.688
2016-08-30,51.5813,51.5012
2016-08-31,51.2877,51.1187
2016-09-01,50.7183,51.2343
2016-09-02,51.3055,51.3055
2016-09-06,51.4033,51.2521
2016-09-07,51.1276,51.2966
2016-09-08,51.2699,51.092
2016-09-09,50.5226,50.0066
2016-09-12,49.8198,50.7539
2016-09-13,50.2646,50.2913
2016-09-14,50.1667,50.0511
2016-09-15,49.9532,50.8784
2016-09-16,51.2699,50.9318
2016-09-19,50.9496,50.6471
2016-09-20,51.0208,50.5404
2016-09-21,51.1631,51.3855
2016-09-22,51.5279,51.4389
2016-09-23,51.4834,51.092
2016-09-26,50.7806,50.6205
2016-09-27,50.6471,51.5546
2016-09-28,51.4923,51.6258
2016-09-29,51.43,51.0653
2016-09-30,51.2165,51.2432
2016-10-03,51.0742,51.0831
2016-10-04,50.9496,50.9229
2016-10-05,50.9674,51.2788
2016-10-06,51.3677,51.3677
2016-10-07,51.4656,51.4211
2016-10-10,51.519,51.6346
2016-10-11,51.5012,50.8784
2016-10-12,50.8073,50.8073
2016-10-13,50.4425,50.6382
2016-10-14,50.8162,51.0831
2016-10-17,51.0297,50.9051
2016-10-18,51.1809,51.2966
2016-10-19,51.1276,51.1809
2016-10-20,51.1542,50.9318
2016-10-21,53.6274,53.0758
2016-10-24,53.3249,54.268
2016-10-25,54.1345,54.2591
2016-10-26,54.0989,53.9388
2016-10-27,53.921,53.4673
2016-10-28,53.3872,53.2627
2016-10-31,53.5207,53.3072
2016-11-01,53.3516,53.2004
2016-11-02,53.2182,52.8712
2016-11-03,52.9602,52.6755
2016-11-04,52.1773,52.2307
2016-11-07,53.1826,53.752
2016-11-08,53.8676,53.7965
2016-11-09,53.3783,53.5296
2016-11-10,53.8054,52.2218
2016-11-11,51.8037,52.5065
2016-11-14,52.5065,51.7058
2016-11-15,52.2432,52.7268
2016-11-16,52.7895,53.4255
2016-11-17,54.1061,54.3121
2016-11-18,54.4376,54.0524
2016-11-21,54.1868,54.5092
2016-11-22,54.6167,54.7421
2016-11-23,54.6435,54.0972
2016-11-25,54.0076,54.2136
2016-11-28,54.0434,54.2853
2016-11-29,54.3211,54.7152
2016-11-30,54.5092,53.9718
2016-12-01,53.8375,53.0224
2016-12-02,52.9149,53.0672
2016-12-05,53.4702,53.936
2016-12-06,54.1241,53.6942
2016-12-07,53.7479,54.966
2016-12-08,54.9033,54.6435
2016-12-09,54.7958,55.5034
2016-12-12,55.369,55.6825
2016-12-13,55.9781,56.408
2016-12-14,56.4259,56.1393
2016-12-15,56.1572,56.0497
2016-12-16,56.3811,55.7989
2016-12-19,56.0318,56.9812
2016-12-20,57.0439,56.9095
2016-12-21,56.811,56.9095
2016-12-22,57.1782,56.9185
2016-12-23,56.8289,56.6408
2016-12-27,56.614,56.6767
2016-12-28,56.7841,56.4169
2016-12-29,56.3005,56.3363
2016-12-30,56.3901,55.6556
2017-01-03,56.2378,56.0497
2017-01-04,55.9601,55.7989
2017-01-05,55.7004,55.7989
2017-01-06,55.7989,56.2826
2017-01-09,56.2109,56.1035
2017-01-10,56.1841,56.0855
2017-01-11,56.0766,56.596
2017-01-12,56.4796,56.0766
2017-01-13,56.0855,56.1572
2017-01-17,56.1393,56.0049
2017-01-18,56.1303,55.978
2017-01-19,55.7452,55.7989
2017-01-20,56.1303,56.193
2017-01-23,56.1572,56.39
2017-01-24,56.605,56.8916
2017-01-25,57.2768,57.0349
2017-01-26,57.429,57.5634
2017-01-27,58.5665,58.9158
2017-01-30,58.8352,58.3336
2017-01-31,58.0918,57.9037
2017-02-01,57.644,56.9454
2017-02-02,56.6498,56.5781
2017-02-03,56.8737,57.0349
2017-02-06,56.8737,56.9991
2017-02-07,57.0887,56.811
2017-02-08,56.9364,56.7304
2017-02-09,56.8916,57.3753
2017-02-10,57.5454,57.3215
2017-02-13,57.5365,57.9664
2017-02-14,58.0385,58.1827
2017-02-15,58.1196,58.1466
2017-02-16,58.3358,58.1376
2017-02-17,58.0925,58.2277
2017-02-21,58.2187,58.1106
2017-02-22,57.9664,57.9934
2017-02-23,58.0475,58.2277
2017-02-24,58.1466,58.2277
2017-02-27,58.1556,57.8763
2017-02-28,57.7411,57.651
2017-03-01,57.7862,58.5161
2017-03-02,58.2908,57.6781
2017-03-03,57.66,57.8943
2017-03-06,57.642,57.9123
2017-03-07,57.8402,58.0295
2017-03-08,57.9033,58.5611
2017-03-09,58.7413,58.3268
2017-03-10,58.6692,58.507
2017-03-13,58.5791,58.3088
2017-03-14,58.1466,58.0385
2017-03-15,58.1646,58.3448
2017-03-16,58.3449,58.2457
2017-03-17,58.489,58.453
2017-03-20,58.489,58.507
2017-03-21,58.7413,57.8583
2017-03-22,57.7772,58.5971
2017-03-23,58.5161,58.453
2017-03-24,58.8945,58.5521
2017-03-27,58.2367,58.6602
2017-03-28,58.5341,58.8314
2017-03-29,58.6782,58.9936
2017-03-30,58.9486,59.2099
2017-03-31,59.1558,59.345
2017-04-03,59.3,59.0657
2017-04-04,58.9215,59.2279
2017-04-05,59.7415,59.0747
2017-04-06,59.1108,59.2279
2017-04-07,59.336,59.1829
2017-04-10,59.1198,59.0477
2017-04-11,59.1108,59.0026
2017-04-12,58.9486,58.7774
2017-04-13,58.8314,58.5251
2017-04-17,58.6062,59.0026
2017-04-18,58.8675,58.9215
2017-04-19,59.1558,58.6062
2017-04-20,58.9846,59.0207
2017-04-21,59.1738,59.8316
2017-04-24,60.8048,60.8499
2017-04-25,61.1832,61.2013
2017-04-26,61.3454,61.1202
2017-04-27,61.4085,61.5167
2017-04-28,62.0934,61.6879
2017-05-01,61.8861,62.5439
2017-05-02,62.8142,62.4447
2017-05-03,62.5169,62.2465
2017-05-04,62.2015,62.0032
2017-05-05,62.0844,62.1745
2017-05-08,62.1474,62.1204
2017-05-09,62.0483,62.2105
2017-05-10,62.1654,62.4538
2017-05-11,61.5978,61.6879
2017-05-12,61.823,61.6158
2017-05-15,61.3995,61.6608
2017-05-16,61.833,62.9024
2017-05-17,62.4311,61.1533
2017-05-18,61.0808,61.3618
2017-05-19,61.1714,61.3436
2017-05-22,61.5249,62.0324
2017-05-23,62.277,62.2408
2017-05-24,62.413,62.3224
2017-05-25,62.5036,63.0927
2017-05-26,63.2558,63.4008
2017-05-30,63.2467,63.8086
2017-05-31,63.9174,63.2921
2017-06-01,63.6546,63.5277
2017-06-02,63.8358,65.0321
2017-06-05,65.2223,65.5033
2017-06-06,65.5214,65.7208
2017-06-07,65.8295,65.603
2017-06-08,65.7117,65.2042
2017-06-09,65.2858,63.7271
2017-06-12,62.7574,63.2377
2017-06-13,63.4552,64.0261
2017-06-14,64.2617,63.6817
2017-06-15,62.7755,63.3464
2017-06-16,63.1924,63.437
2017-06-19,63.8902,64.2255
2017-06-20,64.1802,63.3555
2017-06-21,63.6274,63.6817
2017-06-22,63.9264,63.6727
2017-06-23,63.5186,64.5336
2017-06-26,64.7058,63.9174
2017-06-27,63.5367,62.7211
2017-06-28,62.7211,63.2558
2017-06-29,62.8752,62.0686
2017-06-30,62.3315,62.4674
2017-07-03,62.8299,61.7786
2017-07-05,61.8602,62.6033
2017-07-06,61.8693,62.1411
2017-07-07,62.2589,62.9477
2017-07-10,62.9477,63.4189
2017-07-11,63.4371,63.428
2017-07-12,64.0624,64.4792
2017-07-13,64.7964,65.0411
2017-07-14,65.467,65.9564
2017-07-17,65.9746,66.473
2017-07-18,66.2374,66.4277
2017-07-19,66.6089,66.9352
2017-07-20,67.2252,67.2614
2017-07-21,66.5636,66.8717
2017-07-24,66.6361,66.6995
2017-07-25,66.8808,67.2342
2017-07-26,67.3702,67.1073
2017-07-27,66.8445,66.3008
2017-07-28,65.8567,66.192
2017-07-31,66.4277,65.8839
2017-08-01,66.2464,65.7752
2017-08-02,65.748,65.4852
2017-08-03,65.4217,65.3855
2017-08-04,65.612,65.8658
2017-08-07,65.9746,65.6121
2017-08-08,65.3311,65.9655
2017-08-09,65.4761,65.6755
2017-08-10,65.1589,64.7149
2017-08-11,64.8961,65.7027
2017-08-14,66.2102,66.6905
2017-08-15,67.0458,66.7087
2017-08-16,66.818,67.1005
2017-08-17,67.0367,65.9616
2017-08-18,65.8432,66.0436
2017-08-21,66.0254,65.7338
2017-08-22,65.9161,66.654
2017-08-23,66.4718,66.2532
2017-08-24,66.2714,66.2258
2017-08-25,66.3807,66.3443
2017-08-28,66.5629,66.3534
2017-08-29,65.825,66.5538
2017-08-30,66.5174,67.4284
2017-08-31,67.4467,68.1208
2017-09-01,68.0662,67.3647
2017-09-05,66.818,67.064
2017-09-06,67.1824,66.8727
2017-09-07,67.1278,67.7291
2017-09-08,67.72,67.4011
2017-09-11,67.7018,68.1117
2017-09-12,68.1117,68.0389
2017-09-13,68.2666,68.5217
2017-09-14,68.3304,68.1208
2017-09-15,68.1755,68.6128
2017-09-18,68.5399,68.4762
2017-09-19,68.5217,68.7313
2017-09-20,68.6493,68.2757
2017-09-21,68.4306,67.6106
2017-09-22,67.4102,67.7929
2017-09-25,67.5013,66.7452
2017-09-26,67.1187,66.7452
2017-09-27,67.0094,67.2827
2017-09-28,67.0002,67.3009
2017-09-29,67.3647,67.8658
2017-10-02,68.0662,67.9751
2017-10-03,68.0297,67.6562
2017-10-04,67.5013,68.048
2017-10-05,68.5308,69.2141
2017-10-06,68.9408,69.2415
2017-10-09,69.2142,69.5057
2017-10-10,69.5422,69.5057
2017-10-11,69.5695,69.6241
2017-10-12,69.6879,70.2619
2017-10-13,70.6901,70.599
2017-10-16,70.5352,70.7447
2017-10-17,70.5807,70.6901
2017-10-18,70.763,70.7083
2017-10-19,70.6719,70.9816
2017-10-20,71.3552,71.8016
2017-10-23,71.9656,71.8198
2017-10-24,71.8836,71.8472
2017-10-25,71.5921,71.6376
2017-10-26,72.1569,71.756
2017-10-27,76.8671,76.3569
2017-10-30,76.2567,76.4299
2017-10-31,76.858,75.783
2017-11-01,76.2385,75.783
2017-11-02,75.9379,76.5756
2017-11-03,76.6029,76.6576
2017-11-06,76.7123,76.9583
2017-11-07,77.2316,76.7761
2017-11-08,76.6576,77.0403
2017-11-09,76.6303,76.612
2017-11-10,76.3387,76.4116
2017-11-13,76.2203,76.4663
2017-11-14,76.0745,76.5756
2017-11-15,76.4291,75.9804
2017-11-16,76.0903,76.1819
2017-11-17,76.1086,75.4494
2017-11-20,75.4494,75.5684
2017-11-21,75.7607,76.658
2017-11-22,76.7587,76.0995
2017-11-24,76.0079,76.2368
2017-11-27,76.2826,76.7954
2017-11-28,76.9785,77.7202
2017-11-29,77.5645,76.3101
2017-11-30,76.4657,77.07
2017-12-01,76.5481,77.1525
2017-12-04,77.299,74.2407
2017-12-05,74.4788,74.7077
2017-12-06,74.6711,75.7973
2017-12-07,75.5776,75.5318
2017-12-08,76.5756,77.0609
2017-12-11,77.1799,78.0407
2017-12-12,78.1139,78.3611
2017-12-13,78.5076,78.1505
2017-12-14,78.2238,77.5462
2017-12-15,78.0681,79.524
2017-12-18,79.7712,79.0937
2017-12-19,79.0662,78.59
2017-12-20,78.9288,78.3062
2017-12-21,78.7915,78.2879
2017-12-22,78.1963,78.2971
2017-12-26,78.1139,78.1963
2017-12-27,78.4252,78.4801
2017-12-28,78.6541,78.4893
2017-12-29,78.4069,78.3245
2018-01-02,78.8647,78.6999
2018-01-03,78.8006,79.0662
2018-01-04,79.2859,79.7621
2018-01-05,80.2657,80.7509
2018-01-08,80.7601,80.8334
2018-01-09,81.1721,80.7784
2018-01-10,80.4488,80.4122
2018-01-11,80.696,80.6502
2018-01-12,81.1905,82.042
2018-01-16,82.4998,80.8974
2018-01-17,81.5659,82.5365
2018-01-18,82.2251,82.4998
2018-01-19,82.5365,82.4083
2018-01-22,82.4083,83.8825
2018-01-23,84.148,84.148
2018-01-24,84.7432,84.0748
2018-01-25,84.6699,84.5418
2018-01-26,85.2651,86.1258
2018-01-29,87.1147,85.9976
2018-01-30,85.4299,84.9172
2018-01-31,85.842,86.9957
2018-02-01,86.7942,86.309
2018-02-02,85.7413,84.0381
2018-02-05,82.9211,80.577
2018-02-06,79.5606,83.6261
2018-02-07,82.8569,82.0512
2018-02-08,82.1427,77.8392
2018-02-09,79.0204,80.7418
2018-02-12,81.2546,81.6117
2018-02-13,81.4285,82.2526
2018-02-14,81.4247,83.5405
2018-02-15,83.9085,85.2425
2018-02-16,85.0493,84.6353
2018-02-20,84.1569,85.2977
2018-02-21,85.5369,84.1661
2018-02-22,84.6813,84.3869
2018-02-23,86.1072,86.5304
2018-02-26,86.8432,87.7815
2018-02-27,88.0759,86.6592
2018-02-28,87.2479,86.2636
2018-03-01,86.466,85.4172
2018-03-02,84.2489,85.6012
2018-03-05,84.9481,86.144
2018-03-06,86.788,85.8496
2018-03-07,85.7024,86.3464
2018-03-08,86.7236,86.8708
2018-03-09,87.6619,88.8119
2018-03-12,88.775,89.0234
2018-03-13,89.235,86.8523
2018-03-14,87.5055,86.3372
2018-03-15,86.0428,86.6408
2018-03-16,87.1007,87.0271
2018-03-19,86.236,85.454
2018-03-20,85.6012,85.6748
2018-03-21,85.4908,85.0769
2018-03-22,83.9637,82.6022
2018-03-23,82.3354,80.2011
2018-03-26,83.3565,86.2728
2018-03-27,87.3399,82.3078
2018-03-28,82.6298,82.2342
2018-03-29,82.961,83.9637
2018-04-02,83.2278,81.4339
2018-04-03,82.409,82.5286
2018-04-04,80.8175,84.9389
2018-04-05,85.0401,84.9849
2018-04-06,84.1661,83.007
2018-04-09,83.7521,83.5037
2018-04-10,84.9941,85.4448
2018-04-11,84.6445,84.5065
2018-04-12,85.0309,86.0888
2018-04-13,86.5212,85.6288
2018-04-16,86.5396,86.6316
2018-04-17,87.3951,88.3795
2018-04-18,88.5175,88.7199
2018-04-19,88.7199,88.4163
2018-04-20,88.2323,87.3951
2018-04-23,88.0759,87.7171
2018-04-24,88.5359,85.6656
2018-04-25,85.8312,84.9205
2018-04-26,86.0612,86.7144
2018-04-27,89.787,88.1495
2018-04-30,88.6187,86.0336
2018-05-01,85.7484,87.3951
2018-05-02,87.3859,86.0244
2018-05-03,85.5184,86.5396
2018-05-04,85.8496,87.5423
2018-05-07,87.5515,88.5175
2018-05-08,88.1771,88.1403
2018-05-09,88.3243,89.1798
2018-05-10,89.6582,90.0722
2018-05-11,89.971,89.879
2018-05-14,90.0814,90.1826
2018-05-15,89.4558,89.5294
2018-05-16,89.9544,89.7604
2018-05-17,89.4001,88.8642
2018-05-18,88.7071,89.0305
2018-05-21,89.6218,90.1762
2018-05-22,90.2501,90.0838
2018-05-23,89.3539,91.1555
2018-05-24,91.2202,90.8322
2018-05-25,90.8229,90.8784
2018-05-29,90.3979,90.555
2018-05-30,90.8322,91.4235
2018-05-31,91.7376,91.3218
2018-06-01,91.7284,93.1235
2018-06-04,93.5578,93.9366
2018-06-05,94.2415,94.417
2018-06-06,94.685,94.6942
2018-06-07,94.8421,93.2067
2018-06-08,93.4007,93.8996
2018-06-11,93.3268,93.3637
2018-06-12,93.4099,93.604
2018-06-13,93.9828,93.179
2018-06-14,93.9181,93.7056
2018-06-15,93.7888,92.5137
2018-06-18,92.4029,93.1882
2018-06-19,92.0702,93.1882
2018-06-20,93.6594,94.1214
2018-06-21,94.3154,93.4469
2018-06-22,92.7724,92.7724
2018-06-25,92.3936,90.9061
2018-06-26,91.3034,91.5436
2018-06-27,92.0056,90.1207
2018-06-28,89.9729,91.1278
2018-06-29,91.405,91.1093
2018-07-02,90.6381,92.4029
2018-07-03,92.8371,91.5159
2018-07-05,91.9316,92.1719
2018-07-06,92.292,93.4654
2018-07-09,93.9181,94.1029
2018-07-10,94.2415,94.3524
2018-07-11,93.4562,94.223
2018-07-12,94.9529,96.2649
2018-07-13,96.4312,97.4106
2018-07-16,97.3829,96.9302
2018-07-17,96.653,97.891
2018-07-18,97.8818,97.1242
2018-07-19,96.9486,96.4589
2018-07-20,99.859,98.1867
2018-07-23,98.2144,99.7574
2018-07-24,100.3118,99.471
2018-07-25,99.7482,102.3999
2018-07-26,102.3167,101.2819
2018-07-27,101.7993,99.4894
2018-07-30,99.0367,97.3552
2018-07-31,98.39,98.0112
2018-08-01,97.965,98.1959
2018-08-02,97.3829,99.3878
2018-08-03,99.6003,99.8221
2018-08-06,99.896,99.9052
2018-08-07,100.3025,100.5982
2018-08-08,101.0139,101.1618
2018-08-09,101.365,101.3281
2018-08-10,101.0971,100.7091
2018-08-13,100.9308,99.9791
2018-08-14,100.3025,101.2264
2018-08-15,100.6236,99.8538
2018-08-16,100.4474,99.8352
2018-08-17,99.5755,99.7796
2018-08-20,99.7147,99.1211
2018-08-21,99.1674,98.2956
2018-08-22,98.175,99.2973
2018-08-23,99.3807,99.761
2018-08-24,99.863,100.5401
2018-08-27,101.347,101.6531
2018-08-28,101.9684,102.2652
2018-08-29,102.4415,103.8976
2018-08-30,103.573,103.8327
2018-08-31,103.5915,104.1851
2018-09-04,102.8124,103.6101
2018-09-05,102.9608,100.6236
2018-09-06,100.401,100.8555
2018-09-07,100.3824,100.3639
2018-09-10,100.9482,101.449
2018-09-11,101.0039,103.1742
2018-09-12,103.3504,103.6101
2018-09-13,103.9904,104.7231
2018-09-14,105.1405,105.1497
2018-09-17,105.4465,104.0089
2018-09-18,104.0553,105.0013
2018-09-19,104.8529,103.6008
2018-09-20,104.1388,105.3352
2018-09-21,105.7341,105.9752
2018-09-24,104.8344,106.3555
2018-09-25,106.4761,106.1514
2018-09-26,106.17,105.7155
2018-09-27,106.4575,106.1143
2018-09-28,105.9103,106.0772
2018-10-01,106.4297,107.2273
2018-10-02,106.9398,106.8007
2018-10-03,107.0511,106.8192
2018-10-04,106.2998,104.6118
2018-10-05,104.4634,103.9997
2018-10-08,103.5637,102.8124
2018-10-09,103.0814,104.1202
2018-10-10,103.1742,98.4625
2018-10-11,97.7113,98.2307
2018-10-12,101.1059,101.6253
2018-10-15,101.0131,99.7981
2018-10-16,101.5974,102.9516
2018-10-17,103.5823,102.6826
2018-10-18,102.1169,100.6329
2018-10-19,101.0317,100.7813
2018-10-22,101.3934,101.6809
2018-10-23,99.9558,100.2618
2018-10-24,100.5494,94.901
2018-10-25,98.8242,100.4474
2018-10-26,98.0266,99.2045
2018-10-29,100.2711,96.32
2018-10-30,96.1438,96.2087
2018-10-31,97.7947,99.0654
2018-11-01,99.288,98.2399
2018-11-02,98.7593,98.4625
2018-11-05,98.6573,99.7146
2018-11-06,99.5941,99.9094
2018-11-07,101.5047,103.842
2018-11-08,103.6936,103.6472
2018-11-09,102.8125,101.6253
2018-11-12,101.4862,99.1211
2018-11-13,99.7518,99.186
2018-11-14,100.695,97.7794
2018-11-15,97.798,99.9312
2018-11-16,99.7449,100.872
2018-11-19,100.8533,97.4534
2018-11-20,94.8265,94.7427
2018-11-21,96.5033,96.0468
2018-11-23,95.1712,96.0095
2018-11-26,97.6117,99.1767
2018-11-27,98.9903,99.8007
2018-11-28,100.4994,103.5081
2018-11-29,102.7722,102.6418
2018-11-30,103.1169,103.2939
2018-12-03,105.2593,104.4117
2018-12-04,104.272,101.0862
2018-12-06,98.5712,101.7103
2018-12-07,100.9558,97.6397
2018-12-10,97.621,100.2199
2018-12-11,102.2785,101.1514
2018-12-12,103.2939,101.6079
2018-12-13,102.0736,101.9525
2018-12-14,100.8347,98.7668
2018-12-17,98.1893,95.8419
2018-12-18,96.643,96.8479
2018-12-19,96.5498,96.5871
2018-12-20,95.9909,94.5564
2018-12-21,94.6682,91.5011
2018-12-24,90.9888,87.6819
2018-12-26,88.6228,93.6715
2018-12-27,92.4978,94.249
2018-12-28,95.0967,93.5132
2018-12-31,94.3515,94.6123
2019-01-02,92.7307,94.1931
2019-01-03,93.243,90.728
2019-01-04,92.8891,94.9477
2019-01-07,94.6775,95.0687
2019-01-08,95.9816,95.758
2019-01-09,96.7455,97.1274
2019-01-10,96.1493,96.5033
2019-01-11,96.1213,95.758
2019-01-14,94.9197,95.0594
2019-01-15,95.4879,97.8167
2019-01-16,98.0495,98.1613
2019-01-17,97.8074,98.8506
2019-01-18,100.0988,100.3317
2019-01-22,99.4375,98.4408
2019-01-23,98.8506,99.4002
2019-01-24,99.5399,98.9251
2019-01-25,99.8939,99.8287
2019-01-28,98.981,97.8819
2019-01-29,97.6956,95.8885
2019-01-30,97.4534,99.0928
2019-01-31,96.6895,97.2764
2019-02-01,96.6709,95.7394
2019-02-04,95.8233,98.4967
2019-02-05,98.7947,99.8753
2019-02-06,99.6704,98.7668
2019-02-07,97.9843,98.0588
2019-02-08,97.2391,98.4315
2019-02-11,98.9252,98.0402
2019-02-12,98.8693,99.5679
2019-02-13,100.1361,99.4934
2019-02-14,99.0276,99.5772
2019-02-15,100.518,100.8068
2019-02-19,100.4062,100.7602
2019-02-20,100.9005,100.2363
2019-02-21,100.0025,102.3505
2019-02-22,102.9492,103.8099
2019-02-25,104.5489,104.3899
2019-02-26,104.0811,105.1102
2019-02-27,104.4834,104.9324
2019-02-28,104.8108,104.8015
2019-03-01,105.606,105.2692
2019-03-04,105.7276,105.0166
2019-03-05,105.0073,104.4928
2019-03-06,104.6518,104.5395
2019-03-07,104.2121,103.2673
2019-03-08,102.1167,103.3795
2019-03-11,103.8286,105.5498
2019-03-12,105.5405,106.2889
2019-03-13,106.766,107.1121
2019-03-14,107.1495,107.1963
2019-03-15,107.8979,108.4311
2019-03-18,108.6743,109.984
2019-03-19,110.4704,110.0588
2019-03-20,109.8156,109.9372
2019-03-21,109.5818,112.463
2019-03-22,111.7895,109.4975
2019-03-25,109.0392,110.0682
2019-03-26,110.9662,110.3021
2019-03-27,110.274,109.2356
2019-03-28,109.8624,109.3853
2019-03-29,110.4517,110.3301
2019-04-01,111.2749,111.3404
2019-04-02,111.3779,111.4995
2019-04-03,112.1262,112.2291
2019-04-04,112.3508,111.6585
2019-04-05,111.6866,112.1543
2019-04-08,112.0795,112.1917
2019-04-09,110.9756,111.5837
2019-04-10,112.0327,112.4349
2019-04-11,112.7624,112.5659
2019-04-12,112.8559,113.1459
2019-04-15,113.1366,113.2395
2019-04-16,113.7914,112.9775
2019-04-17,113.4172,113.913
2019-04-18,114.3059,115.4098
2019-04-22,114.7082,115.7746
2019-04-23,116.0927,117.3462
2019-04-24,117.6736,116.9439
2019-04-25,121.6681,120.8168
2019-04-26,121.3313,121.5091
2019-04-29,121.5184,121.3968
2019-04-30,121.4342,122.1733
2019-05-01,122.1078,119.6288
2019-05-02,119.7223,118.0665
2019-05-03,119.1423,120.583
2019-05-06,118.2349,119.8813
2019-05-07,118.3004,117.421
2019-05-08,117.3462,117.4117
2019-05-09,116.2704,117.4023
2019-05-10,116.8504,118.9272
2019-05-13,116.102,115.3911
2019-05-14,115.8775,116.682
2019-05-15,116.6726,118.3252
2019-05-16,119.0106,121.0575
2019-05-17,120.4753,120.25
2019-05-20,118.7946,118.513
2019-05-21,119.6491,119.1514
2019-05-22,118.8885,119.8744
2019-05-23,118.4942,118.4754
2019-05-24,119.1608,118.5317
2019-05-28,119.2265,118.4566
2019-05-29,117.7242,117.3111
2019-05-30,117.6116,118.0529
2019-05-31,116.6445,116.128
2019-06-03,116.2877,112.5225
2019-06-04,113.8746,115.6398
2019-06-05,117.3205,118.1468
2019-06-06,118.7195,120.0152
2019-06-07,121.3016,123.3767
2019-06-10,124.3156,124.5034
2019-06-11,125.7052,124.0339
2019-06-12,123.3767,123.4612
2019-06-13,123.9213,124.2405
2019-06-14,124.1842,124.3626
2019-06-17,124.5316,124.7381
2019-06-18,125.9963,126.9071
2019-06-19,126.7568,127.4047
2019-06-20,129.0572,128.5878
2019-06-21,128.2404,128.6066
2019-06-24,128.6347,129.3671
2019-06-25,128.8694,125.2827
2019-06-26,126.1465,125.7522
2019-06-27,125.9493,125.9587
2019-06-28,126.3531,125.7803
2019-07-01,128.2873,127.3953
2019-07-02,127.8085,128.2404
2019-07-03,128.4469,129.0667
2019-07-05,127.6394,128.6911
2019-07-08,128.0714,128.5972
2019-07-09,127.6958,128.1277
2019-07-10,128.7568,129.4328
2019-07-11,129.7614,129.9492
2019-07-12,130.3718,130.4187
2019-07-15,130.9258,130.4187
2019-07-16,130.4751,128.7099
2019-07-17,129.292,127.9493
2019-07-18,127.2733,128.0901
2019-07-19,131.6581,128.2779
2019-07-22,129.0197,129.9774
2019-07-23,131.2262,130.7849
2019-07-24,130.4187,132.1276
2019-07-25,131.8553,131.6299
2019-07-26,131.799,132.7097
2019-07-29,132.8599,132.4186
2019-07-30,131.583,131.7802
2019-07-31,131.7614,127.9493
2019-08-01,128.6347,129.63
2019-08-02,129.6581,128.5408
2019-08-05,125.1606,124.1372
2019-08-06,125.6301,126.4658
2019-08-07,125.6207,127.0198
2019-08-08,128.2592,130.4093
2019-08-09,130.1464,129.3014
2019-08-12,128.7005,127.4986
2019-08-13,127.7427,130.137
2019-08-14,128.4602,126.218
2019-08-15,126.6043,125.9354
2019-08-16,127.0659,128.2435
2019-08-19,129.8638,130.3914
2019-08-20,130.203,129.308
2019-08-21,130.5233,130.7493
2019-08-22,130.6269,129.7979
2019-08-23,129.2421,125.6622
2019-08-26,127.1695,127.6029
2019-08-27,128.4884,127.8761
2019-08-28,127.0659,127.7065
2019-08-29,129.2986,130.1182
2019-08-30,131.0885,129.8733
2019-09-03,128.6956,128.1587
2019-09-04,129.3457,129.6566
2019-09-05,131.0508,131.9363
2019-09-06,131.9175,131.0414
2019-09-09,131.503,129.5529
2019-09-10,128.8747,128.1964
2019-09-11,128.0362,128.234
2019-09-12,129.8638,129.5529
2019-09-13,129.7979,129.3645
2019-09-16,127.9609,128.4319
2019-09-17,129.0254,129.4305
2019-09-18,129.4022,130.495
2019-09-19,132.1719,132.8973
2019-09-20,132.8408,131.3617
2019-09-23,131.1638,131.079
2019-09-24,132.2284,129.421
2019-09-25,129.5341,131.2863
2019-09-26,131.3617,131.4559
2019-09-27,132.0305,129.7507
2019-09-30,130.0522,130.9754
2019-10-01,131.569,129.1291
2019-10-02,128.3565,126.8492
2019-10-03,127.1318,128.3848
2019-10-04,128.8276,130.1182
2019-10-07,129.1949,129.1761
2019-10-08,129.1385,127.8101
2019-10-09,129.4964,130.2312
2019-10-10,130.4668,131.0414
2019-10-11,132.0023,131.5878
2019-10-14,131.5972,131.4653
2019-10-15,131.9458,133.3683
2019-10-16,132.6335,132.2755
2019-10-17,132.7842,131.5972
2019-10-18,131.6631,129.4493
2019-10-21,130.4291,130.4102
2019-10-22,130.9189,128.4695
2019-10-23,128.95,129.2892
2019-10-24,131.3146,131.8327
2019-10-25,131.2675,132.577
2019-10-28,136.0343,135.8365
2019-10-29,135.7328,134.5553
2019-10-30,135.2053,136.2322
2019-10-31,136.5054,135.064
2019-11-01,135.9025,135.3938
2019-11-04,136.4394,136.1757
2019-11-05,136.5713,136.0909
2019-11-06,136.0061,135.7141
2019-11-07,135.5067,135.9024
2019-11-08,135.6387,137.504
2019-11-11,136.9199,137.6453
2019-11-12,137.8055,138.5497
2019-11-13,138.2388,138.7758
2019-11-14,138.5026,139.4823
2019-11-15,140.3019,141.2817
2019-11-18,141.3759,141.6302
2019-11-19,142.1389,141.6773
2019-11-20,142.0838,141.4315
2019-11-21,141.2236,141.2992
2019-11-22,141.857,141.4032
2019-11-25,141.7908,142.9534
2019-11-26,143.0763,143.7096
2019-11-27,143.9933,143.9838
2019-11-29,143.7758,143.0952
2019-12-02,143.5017,141.3654
2019-12-03,139.4181,141.1385
2019-12-04,141.9231,141.649
2019-12-05,141.838,141.7246
2019-12-06,142.7266,143.445
2019-12-09,142.8022,143.0763
2019-12-10,143.0101,142.8589
2019-12-11,143.2465,143.3977
2019-12-12,143.3505,144.8535
2019-12-13,144.6266,146.0728
2019-12-16,146.6211,147.0181
2019-12-17,146.9425,146.2241
2019-12-18,145.8554,145.9216
2019-12-19,145.5719,147.1883
2019-12-20,148.7385,148.7952
2019-12-23,149.4664,148.7952
2019-12-24,148.8614,148.7669
2019-12-26,148.937,149.9863
2019-12-27,150.7236,150.2605
2019-12-30,150.2888,148.9654
2019-12-31,148.1903,149.0694
2020-01-02,150.0903,151.8296
2020-01-03,149.6554,149.939
2020-01-06,148.4833,150.3266
2020-01-07,150.6007,148.956
2020-01-08,150.232,151.3286
2020-01-09,152.9827,153.219
2020-01-10,153.9092,152.5102
2020-01-13,152.9072,154.344
2020-01-14,154.448,153.2569
2020-01-15,153.7201,154.2494
2020-01-16,155.3554,157.0758
2020-01-17,158.2574,157.9549
2020-01-21,157.5579,157.3877
2020-01-22,158.2385,156.6315
2020-01-23,157.0947,157.5957
2020-01-24,158.3425,156.0077
2020-01-27,152.3305,153.3987
2020-01-28,154.8166,156.4047
2020-01-29,158.6544,158.8435
2020-01-30,164.5246,163.3241
2020-01-31,162.7852,160.9136
2020-02-03,161.1027,164.8365
2020-02-04,167.4455,170.2624
2020-02-05,173.9583,170.0543
2020-02-06,171.0658,173.5803
2020-02-07,172.8429,173.826
2020-02-10,173.533,178.3728
2020-02-11,180.216,174.3459
2020-02-12,175.4236,174.6012
2020-02-13,173.0604,173.6559
2020-02-14,173.2211,175.2062
2020-02-18,175.4519,176.9832
2020-02-19,178.2533,177.514
2020-02-20,177.2012,174.8032
2020-02-21,173.6184,169.2772
2020-02-24,159.0214,161.9787
2020-02-25,165.1161,159.3058
2020-02-26,160.8603,161.2963
2020-02-27,154.8035,149.9315
2020-02-28,144.4624,153.5618
2020-03-02,156.6897,163.7796
2020-03-03,164.737,155.9314
2020-03-04,159.7039,161.6564
2020-03-05,157.3911,157.5996
2020-03-06,154.1305,153.1447
2020-03-09,143.1259,142.7657
2020-03-10,149.9126,152.5287
2020-03-11,148.9362,145.6187
2020-03-12,137.7232,131.8086
2020-03-13,139.8084,150.5476
2020-03-16,132.6995,128.3583
2020-03-17,132.6995,138.9269
2020-03-18,130.8038,133.0786
2020-03-19,135.325,135.2682
2020-03-20,138.3866,130.1877
2020-03-23,129.8654,128.8891
2020-03-24,136.254,140.6046
2020-03-25,141.1449,139.2587
2020-03-26,140.6615,147.9695
2020-03-27,143.8367,141.8936
2020-03-30,144.4908,151.8746
2020-03-31,151.0879,149.486
2020-04-01,145.0216,144.178
2020-04-02,143.941,147.1637
2020-04-03,147.0121,145.8083
2020-04-06,151.9599,156.6517
2020-04-07,160.7465,154.9646
2020-04-08,157.0309,156.5191
2020-04-09,157.6849,156.5285
2020-04-13,155.7798,156.8793
2020-04-14,160.1873,164.6422
2020-04-15,162.2726,162.9171
2020-04-16,165.2109,167.808
2020-04-17,170.1397,169.2867
2020-04-20,167.4194,165.9313
2020-04-21,164.4526,159.0688
2020-04-22,162.4526,164.4716
2020-04-23,165.0308,162.4811
2020-04-24,163.0877,165.4478
2020-04-27,167.3815,164.974
2020-04-28,166.4336,160.955
2020-04-29,164.1872,168.1777
2020-04-30,170.6137,169.8649
2020-05-01,166.6327,165.4668
2020-05-04,165.391,169.5141
2020-05-05,171.2013,171.334
2020-05-06,172.5852,173.0212
2020-05-07,174.5662,174.0259
2020-05-08,175.334,175.0496
2020-05-11,173.5994,177.0022
2020-05-12,177.0591,172.9928
2020-05-13,173.0307,170.3767
2020-05-14,168.282,171.1161
2020-05-15,169.7227,173.6089
2020-05-18,176.0638,175.2676
2020-05-19,175.3813,174.0544
2020-05-20,175.6607,176.4687
2020-05-21,176.2215,174.349
2020-05-22,174.1209,174.4251
2020-05-26,177.115,172.5811
2020-05-27,171.2789,172.8092
2020-05-28,171.7923,172.4196
2020-05-29,173.6837,174.1779
2020-06-01,173.5031,173.7787
2020-06-02,175.1285,175.7558
2020-06-03,175.6702,176.1834
2020-06-04,175.1759,173.8642
2020-06-05,173.5792,177.9324
2020-06-08,176.7347,179.0349
2020-06-09,178.6928,180.4037
2020-06-10,181.6678,187.0951
2020-06-11,183.5688,177.0484
2020-06-12,181.107,178.4457
2020-06-15,175.4421,179.5863
2020-06-16,183.3407,183.9871
2020-06-17,185.3747,184.6238
2020-06-18,184.3957,186.6009
2020-06-19,188.7585,185.4888
2020-06-22,186.0971,190.6405
2020-06-23,192.0852,191.9141
2020-06-24,191.6195,188.0457
2020-06-25,188.0076,190.4219
2020-06-26,189.842,186.6104
2020-06-29,186.0876,188.6159
2020-06-30,188.0837,193.4349
2020-07-01,193.0832,194.566
2020-07-02,195.4975,196.0488
2020-07-06,198.4915,200.269
2020-07-07,200.0314,197.9403
2020-07-08,199.6702,202.2935
2020-07-09,205.6202,203.7097
2020-07-10,203.0444,203.092
2020-07-13,203.8619,196.8187
2020-07-14,195.9252,198.0353
2020-07-15,199.1854,197.7407
2020-07-16,195.2314,193.8247
2020-07-17,194.3474,192.8361
2020-07-20,194.8511,201.1244
2020-07-21,203.0825,198.4155
2020-07-22,198.8432,201.267
2020-07-23,196.9328,192.513
2020-07-24,190.4979,191.3344
2020-07-27,191.4959,193.7581
2020-07-28,193.53,192.0187
2020-07-29,192.475,193.9577
2020-07-30,191.0492,193.8056
2020-07-31,194.2809,194.8607
2020-08-03,201.0484,205.8199
2020-08-04,203.5672,202.7308
2020-08-05,204.2611,202.3981
2020-08-06,201.8278,205.6393
2020-08-07,204.2135,201.9609
2020-08-10,201.191,197.9403
2020-08-11,196.9042,193.3114
2020-08-12,195.1268,198.8337
2020-08-13,199.0714,198.368
2020-08-14,198.425,198.5581
2020-08-17,199.2234,199.8698
2020-08-18,200.1074,201.0199
2020-08-19,201.5058,199.8003
2020-08-20,199.6478,204.4499
2020-08-21,203.7639,202.9636
2020-08-24,204.65,203.602
2020-08-25,203.0398,206.2507
2020-08-26,207.5941,210.7097
2020-08-27,212.3676,215.8834
2020-08-28,217.4079,218.1034
2020-08-31,216.2836,214.883
2020-09-01,214.8639,216.5408
2020-09-02,217.2078,220.714
2020-09-03,218.4464,207.0415
2020-09-04,204.9454,204.1355
2020-09-08,196.7514,193.0927
2020-09-09,197.7994,201.3152
2020-09-10,203.3256,195.6747
2020-09-11,197.4183,194.398
2020-09-14,194.5981,195.7129
2020-09-15,198.5807,198.9238
2020-09-16,200.6769,195.3698
2020-09-17,190.6059,193.3309
2020-09-18,193.2261,190.9298
2020-09-21,187.8809,192.9783
2020-09-22,195.3794,197.628
2020-09-23,198.0853,191.1204
2020-09-24,190.4153,193.5977
2020-09-25,193.9406,198.009
2020-09-28,200.9246,199.5526
2020-09-29,199.4669,197.4755
2020-09-30,197.9233,200.4006
2020-10-01,203.4114,202.43
2020-10-02,198.1805,196.456
2020-10-05,197.4374,200.4482
2020-10-06,198.9619,196.1893
2020-10-07,197.285,199.9242
2020-10-08,200.5721,200.6388
2020-10-09,201.2581,205.6219
2020-10-12,208.4612,210.948
2020-10-13,212.2056,212.339
2020-10-14,212.4724,210.4334
2020-10-15,206.851,209.2901
2020-10-16,209.757,209.2901
2020-10-19,210.0142,204.1069
2020-10-20,205.6123,204.5166
2020-10-21,203.0588,204.6595
2020-10-22,203.8306,204.7453
2020-10-23,204.8787,206.022
2020-10-26,203.7544,200.1624
2020-10-27,201.6011,203.1827
2020-10-28,197.8661,193.1117
2020-10-29,194.4361,195.0554
2020-10-30,193.893,192.9117
2020-11-02,194.6457,192.7782
2020-11-03,194.2646,196.6846
2020-11-04,203.9164,206.1745
2020-11-05,211.5577,212.7487
2020-11-06,211.7673,213.1584
2020-11-09,213.8444,208.08
2020-11-10,204.3737,201.0484
2020-11-11,202.3633,206.3269
2020-11-12,206.9558,205.2693
2020-11-13,206.1459,206.2888
2020-11-16,204.7263,206.9749
2020-11-17,205.8982,204.3356
2020-11-18,204.0968,201.6417
2020-11-19,201.9282,202.9217
2020-11-20,202.7116,200.9825
2020-11-23,201.5175,200.7151
2020-11-24,200.2183,204.2974
2020-11-25,205.4915,204.3069
2020-11-27,205.2431,205.6061
2020-11-30,204.5266,204.498
2020-12-01,204.9183,206.5423
2020-12-02,205.2718,205.7399
2020-12-03,205.0138,204.6604
2020-12-04,204.6413,204.775
2020-12-07,204.7846,204.7081
2020-12-08,204.4025,206.3512
2020-12-09,205.5393,202.3295
2020-12-10,202.3008,201.1067
2020-12-11,200.6577,203.7242
2020-12-14,203.5713,204.6221
2020-12-15,205.5488,204.5553
2020-12-16,205.1476,209.475
2020-12-17,210.0387,209.6088
2020-12-18,208.8159,208.8159
2020-12-21,207.8224,212.637
2020-12-22,212.7325,213.9266
2020-12-23,213.1338,211.1373
2020-12-24,211.5193,212.7899
2020-12-28,214.4138,214.901
2020-12-29,216.1907,214.1272
2020-12-30,215.159,211.7677
2020-12-31,211.7868,212.4747
2021-01-04,212.5797,207.9561
2021-01-05,207.5454,208.1567
2021-01-06,202.6829,202.7593
2021-01-07,204.4693,208.5293
2021-01-08,208.9019,209.7998
2021-01-11,208.7013,207.7651
2021-01-12,206.8193,205.3195
2021-01-13,204.4502,206.6665
2021-01-14,206.2557,203.4949
2021-01-15,203.9726,203.1415
2021-01-19,204.1923,206.762
2021-01-20,207.9657,214.3088
2021-01-21,214.6527,214.9106
2021-01-22,216.9262,215.8468
2021-01-25,218.875,219.2667
2021-01-26,221.4925,221.9415
2021-01-27,227.358,222.486
2021-01-28,225.0748,228.2464
2021-01-29,225.4378,221.588
2021-02-01,224.5495,228.9342
2021-02-02,230.5104,228.8005
2021-02-03,228.8578,232.1344
2021-02-04,231.8096,231.1887
2021-02-05,231.3989,231.3702
2021-02-08,232.2777,231.6281
2021-02-09,231.0549,232.87
2021-02-10,234.045,231.9624
2021-02-11,233.8348,233.5577
2021-02-12,233.0228,234.0354
2021-02-16,234.0736,232.8031
2021-02-17,231.0605,233.818
2021-02-18,231.52,233.4254
2021-02-19,233.3872,230.7254
2021-02-22,227.3262,224.54
2021-02-23,220.5377,223.3527
2021-02-24,220.2313,224.5783
2021-02-25,222.2133,219.2547
2021-02-26,221.6867,222.5006
2021-03-01,225.8709,226.8667
2021-03-02,226.9337,223.9272
2021-03-03,222.2899,217.8855
2021-03-04,217.1004,217.0908
2021-03-05,219.7621,221.7537
2021-03-08,221.5335,217.7227
2021-03-09,222.9793,223.841
2021-03-10,226.9241,222.5388
2021-03-11,224.9708,227.0486
2021-03-12,224.0613,225.7273
2021-03-15,224.9709,224.8272
2021-03-16,226.2347,227.604
2021-03-17,226.1103,226.9624
2021-03-18,222.6729,220.9111
2021-03-19,221.1984,220.5568
2021-03-22,220.4803,225.9571
2021-03-23,227.3933,227.4795
2021-03-24,227.738,225.4496
2021-03-25,225.2964,222.4622
2021-03-26,221.7058,226.4262
2021-03-29,226.5316,225.239
2021-03-30,223.6017,221.9931
2021-03-31,223.008,225.7464
2021-04-01,228.3317,232.0467
2021-04-05,232.4392,238.481
2021-04-06,237.0831,237.3225
2021-04-07,237.2746,239.2757
2021-04-08,242.0237,242.4833
2021-04-09,242.1194,244.9727
2021-04-12,243.8812,245.0302
2021-04-13,246.3228,247.5005
2021-04-14,246.5334,244.7238
2021-04-15,246.9643,248.4676
2021-04-16,248.4388,249.6548
2021-04-19,249.1282,247.7399
2021-04-20,246.859,247.2803
2021-04-21,247.9314,249.5016
2021-04-22,249.1474,246.2366
2021-04-23,246.9164,250.0474
2021-04-26,250.5358,250.4304
2021-04-27,250.4592,250.8326
2021-04-28,245.193,243.7376
2021-04-29,244.5993,241.7747
2021-04-30,239.1225,241.4588
2021-05-03,242.6269,241.1524
2021-05-04,240.3002,237.2554
2021-05-05,238.4714,235.9915
2021-05-06,235.9724,239.1129
2021-05-07,241.4301,241.7269
2021-05-10,240.2045,236.6713
2021-05-11,234.1532,235.7617
2021-05-12,231.8743,228.8391
2021-05-13,231.52,232.6977
2021-05-14,235.1394,237.6001
2021-05-17,236.0681,234.7563
2021-05-18,235.8,232.7456
2021-05-19,229.665,233.3215
2021-05-20,234.1276,236.5461
2021-05-21,237.5921,235.2888
2021-05-24,237.8032,240.6727
2021-05-25,241.6229,241.5749
2021-05-26,241.2966,241.3542
2021-05-27,241.047,239.262
2021-05-28,240.8839,239.6171
2021-06-01,241.1046,237.4289
2021-06-02,238.1295,237.333
2021-06-03,235.3368,235.8071
2021-06-04,237.7745,240.6824
2021-06-07,239.9049,243.5806
2021-06-08,244.8763,242.3906
2021-06-09,243.5806,243.3695
2021-06-10,244.0413,246.8724
2021-06-11,247.5921,247.4962
2021-06-14,247.5058,249.4156
2021-06-15,249.3004,247.9473
2021-06-16,248.9453,247.0068
2021-06-17,245.7495,250.3849
2021-06-18,249.1661,248.9741
2021-06-21,249.3484,252.0451
2021-06-22,252.1315,254.8091
2021-06-23,255.2698,254.5788
2021-06-24,255.4329,255.9416
2021-06-25,255.5001,254.3389
2021-06-28,255.4616,257.8897
2021-06-29,258.0337,260.4617
2021-06-30,259.7803,259.9819
2021-07-01,258.7438,260.6537
2021-07-02,261.8245,266.4598
2021-07-06,266.8244,266.4694
2021-07-07,268.1392,268.6478
2021-07-08,265.74,266.2391
2021-07-09,264.6077,266.7382
2021-07-12,267.9089,266.1431
2021-07-13,266.3351,269.6556
2021-07-14,270.9704,271.1239
2021-07-15,270.6345,269.7036
2021-07-16,270.7017,269.4349
2021-07-19,267.6882,265.8456
2021-07-20,266.8245,268.0625
2021-07-21,267.6594,270.0587
2021-07-22,272.4003,274.6076
2021-07-23,275.7881,277.9954
2021-07-26,277.3524,277.4004
2021-07-27,277.765,274.9915
2021-07-28,277.3427,274.6844
2021-07-29,274.7035,274.953
2021-07-30,273.6767,273.4272
2021-08-02,274.8188,273.3409
2021-08-03,273.9167,275.5481
2021-08-04,274.6844,274.9628
2021-08-05,275.3178,277.8514
2021-08-06,276.8821,277.7938
2021-08-09,278.0721,276.7093
2021-08-10,277.1604,274.8955
2021-08-11,275.6344,275.3849
2021-08-12,275.0778,278.1297
2021-08-13,277.813,281.0472
2021-08-16,281.3734,282.7266
2021-08-17,280.6057,281.2679
2021-08-18,280.8064,279.5468
2021-08-19,277.5853,285.3545
2021-08-20,288.191,292.6525
2021-08-23,291.5852,292.9313
2021-08-24,293.2871,290.9794
2021-08-25,292.5948,290.3929
2021-08-26,289.4121,287.5852
2021-08-27,287.489,288.191
2021-08-30,289.5371,291.912
2021-08-31,292.7102,290.2679
2021-09-01,291.2197,290.2197
2021-09-02,290.5756,289.5659
2021-09-03,289.4122,289.5564
2021-09-07,289.4314,288.6333
2021-09-08,288.2486,288.662
2021-09-09,289.2487,285.816
2021-09-10,286.9409,284.3351
2021-09-13,286.1044,285.5659
2021-09-14,288.0371,288.2582
2021-09-15,291.5948,293.0948
2021-09-16,292.0755,293.4794
2021-09-17,292.4698,288.3352
2021-09-20,284.9313,282.9794
2021-09-21,284.316,283.4602
2021-09-22,285.316,287.0948
2021-09-23,287.3544,288.0371
2021-09-24,286.7582,287.8351
2021-09-27,284.7487,282.8545
2021-09-28,278.6525,272.6141
2021-09-29,274.1333,273.0757
2021-09-30,274.7199,271.0757
2021-10-01,271.2679,277.9795
2021-10-04,276.3448,272.2198
2021-10-05,273.1237,277.6526
2021-10-06,274.7872,281.8352
2021-10-07,283.8256,283.5083
2021-10-08,284.8256,283.5083
2021-10-11,281.6526,282.9122
2021-10-12,283.9794,281.614
2021-10-13,283.566,284.9121
2021-10-14,287.7005,291.1044
2021-10-15,290.7102,292.5082
2021-10-18,291.8929,295.4698
2021-10-19,296.489,296.3736
2021-10-20,297.3159,295.5851
2021-10-21,295.3545,298.8064
2021-10-22,298.4602,297.2679
2021-10-25,297.4602,296.2775
2021-10-26,299.037,298.1812
2021-10-27,303.8447,310.7389
2021-10-28,311.8543,311.8736
2021-10-29,311.662,318.8639
2021-11-01,318.6139,316.7004
2021-11-02,317.6043,320.3158
2021-11-03,321.0561,321.1523
2021-11-04,320.085,323.4985
2021-11-05,325.4888,323.1331
2021-11-08,324.3254,324.0273
2021-11-09,324.1427,323.0273
2021-11-10,321.7004,318.0754
2021-11-11,318.5081,319.6427
2021-11-12,321.0754,323.7677
2021-11-15,324.5562,323.1427
2021-11-16,322.7677,326.4504
2021-11-17,326.4986,326.672
2021-11-18,325.7665,328.743
2021-11-19,330.0628,330.5155
2021-11-22,331.9701,327.3559
2021-11-23,324.678,325.2849
2021-11-24,323.9362,325.5063
2021-11-26,322.0771,317.5785
2021-11-29,322.6454,324.2734
2021-11-30,323.0114,318.455
2021-12-01,322.8284,317.9637
2021-12-02,318.1757,317.3955
2021-12-03,319.8037,311.1534
2021-12-06,312.0587,314.2165
2021-12-07,319.4666,322.6262
2021-12-08,323.0018,322.6743
2021-12-09,322.1349,320.873
2021-12-10,322.6839,329.9664
2021-12-13,328.1747,326.9417
2021-12-14,320.9885,316.2876
2021-12-15,316.5477,322.366
2021-12-16,323.3871,312.9739
2021-12-17,309.1015,311.9143
2021-12-20,308.3019,308.1671
2021-12-21,311.423,315.2762
2021-12-22,316.2491,320.9693
2021-12-23,320.5358,322.4045
2021-12-27,323.1463,329.8797
2021-12-28,330.554,328.7237
2021-12-29,328.7719,329.3981
2021-12-30,329.3596,326.8647
2021-12-31,326.0843,323.9747
2022-01-03,323.0404,322.4624
2022-01-04,322.5394,316.933
2022-01-05,313.8987,304.7667
2022-01-06,301.6552,302.3585
2022-01-07,302.6186,302.5126
2022-01-10,298.1295,302.7341
2022-01-11,301.8768,303.4181
2022-01-12,307.9359,306.5873
2022-01-13,308.7065,293.6117
2022-01-14,293.0819,298.8135
2022-01-18,292.9085,291.5406
2022-01-19,295.0471,292.1957
2022-01-20,297.725,290.5292
2022-01-21,291.5792,285.1636
2022-01-24,281.4743,285.4912
2022-01-25,280.8192,277.9004
2022-01-26,296.6846,285.8187
2022-01-27,291.5503,288.8338
2022-01-28,289.2095,296.9447
2022-01-31,297.6094,299.5648
2022-02-01,299.0158,297.4263
2022-02-02,298.2645,301.9539
2022-02-03,298.1295,290.192
2022-02-04,289.1902,294.7098
2022-02-07,294.9314,289.903
2022-02-08,290.1921,293.3806
2022-02-09,298.4956,299.7864
2022-02-10,292.8797,291.2806
2022-02-11,292.0609,284.2101
2022-02-14,282.9866,284.1715
2022-02-15,288.9975,289.4406
2022-02-16,288.0121,289.1029
2022-02-17,286.0718,280.6373
2022-02-18,282.8767,277.9345
2022-02-22,275.1063,277.7318
2022-02-23,280.1063,270.5403
2022-02-24,263.0498,284.3633
2022-02-25,284.8942,286.9888
2022-02-28,284.093,288.4175
2022-03-01,286.1105,284.7108
2022-03-02,285.1065,289.7689
2022-03-03,292.3752,285.6471
2022-03-04,284.0737,279.7975
2022-03-07,278.5136,269.2276
2022-03-08,268.1562,266.2739
2022-03-09,273.6005,278.4848
2022-03-10,273.1949,275.6757
2022-03-11,277.9635,270.3474
2022-03-14,270.6079,266.8433
2022-03-15,270.6177,277.1816
2022-03-16,279.0736,284.1703
2022-03-17,283.1084,284.9714
2022-03-18,285.1162,290.0005
2022-03-21,288.5141,288.7747
2022-03-22,289.3924,293.5045
2022-03-23,290.0778,289.0932
2022-03-24,288.7553,293.5432
2022-03-25,294.634,293.1378
2022-03-28,293.7652,299.9141
2022-03-29,303.0126,304.4605
2022-03-30,302.8678,302.9643
2022-03-31,303.0029,297.607
2022-04-01,298.6301,298.6784
2022-04-04,299.3251,304.0357
2022-04-05,302.3948,300.0878
2022-04-06,294.5953,289.1029
2022-04-07,286.3614,290.9079
2022-04-08,290.0102,286.6607
2022-04-11,281.6605,275.3572
2022-04-12,279.199,272.2683
2022-04-13,272.915,277.6352
2022-04-14,278.0889,270.1157
2022-04-18,269.2276,270.7817
2022-04-19,269.6813,275.3958
2022-04-20,279.3534,276.4189
2022-04-21,278.5619,271.0617
2022-04-22,271.9015,264.5171
2022-04-25,263.8027,270.9748
2022-04-26,267.8665,260.8393
2022-04-27,272.3069,273.388
2022-04-28,275.2896,279.5755
2022-04-29,278.591,267.886
2022-05-02,268.0693,274.5947
2022-05-03,274.1023,271.998
2022-05-04,272.7798,279.9133
2022-05-05,275.6275,267.7218
2022-05-06,265.27,265.1927
2022-05-09,260.6849,255.3951
2022-05-10,262.2583,260.1443
2022-05-11,256.4568,251.5049
2022-05-12,248.7443,246.4855
2022-05-13,248.4161,252.0552
2022-05-16,250.9354,252.422
2022-05-17,256.8719,257.5573
2022-05-18,254.4612,245.8308
2022-05-19,245.6567,244.9214
2022-05-20,248.8882,244.3602
2022-05-23,247.1951,252.1875
2022-05-24,249.5171,251.1909
2022-05-25,249.759,253.9968
2022-05-26,253.7549,257.2671
2022-05-27,259.7633,264.3688
2022-05-31,263.6818,263.0432
2022-06-01,266.2652,263.5754
2022-06-02,255.8642,265.6653
2022-06-03,261.5339,261.2533
2022-06-06,263.227,260.0245
2022-06-07,257.9831,263.6529
2022-06-08,262.8885,261.6307
2022-06-09,259.086,256.1931
2022-06-10,252.1198,244.7762
2022-06-13,237.1521,234.3946
2022-06-14,235.9426,236.5522
2022-06-15,240.2482,243.5862
2022-06-16,237.9938,237.0166
2022-06-17,236.7554,239.6096
2022-06-21,242.1349,245.5019
2022-06-22,243.7119,244.9117
2022-06-23,247.2725,250.4556
2022-06-24,253.3099,259.0086
2022-06-27,259.5021,256.2899
2022-06-28,255.4094,248.1529
2022-06-29,249.2268,251.8102
2022-06-30,248.7044,248.4915
2022-07-01,248.0659,251.1523
2022-07-05,247.8433,254.3161
2022-07-06,255.1869,257.567
2022-07-07,256.5124,259.6859
2022-07-08,256.1932,258.97
2022-07-11,257.0252,255.9223
2022-07-12,257.2477,245.4341
2022-07-13,242.0671,244.515
2022-07-14,242.4348,245.8308
2022-07-15,247.4176,248.3851
2022-07-18,251.3167,245.9953
2022-07-19,249.2172,251.1039
2022-07-20,251.4619,253.7549
2022-07-21,251.3554,256.2415
2022-07-22,256.6284,251.9069
2022-07-25,252.5261,250.4266
2022-07-26,251.4232,243.7216
2022-07-27,252.681,260.0149
2022-07-28,260.9921,267.4359
2022-07-29,268.684,271.6253
2022-08-01,268.8001,268.9839
2022-08-02,267.0392,265.8975
2022-08-03,267.7745,273.2991
2022-08-04,272.6508,274.4408
2022-08-05,270.0869,273.7249
2022-08-08,274.8277,271.2188
2022-08-09,270.561,273.1346
2022-08-10,278.8141,279.7719
2022-08-11,281.407,277.7013
2022-08-12,279.114,282.4326
2022-08-15,281.5521,283.942
2022-08-16,282.51,283.2067
2022-08-17,280.9281,282.4601
2022-08-18,281.3644,281.345
2022-08-19,280.1137,277.4473
2022-08-22,273.5011,269.3028
2022-08-23,268.0326,268.0326
2022-08-24,267.034,267.4024
2022-08-25,268.8955,270.3693
2022-08-26,270.5923,259.9366
2022-08-29,257.7647,257.1636
2022-08-30,258.5598,254.9723
2022-08-31,257.3186,253.5179
2022-09-01,250.997,252.4804
2022-09-02,253.7409,248.2724
2022-09-06,248.4082,245.5479
2022-09-07,246.9537,250.2406
2022-09-08,249.6783,250.6576
2022-09-09,252.5774,256.4169
2022-09-12,257.6968,258.5403
2022-09-13,250.9678,244.3262
2022-09-14,245.8194,244.5492
2022-09-15,242.1737,237.9172
2022-09-16,236.8313,237.2967
2022-09-19,235.0957,237.0834
2022-09-20,234.7079,235.0763
2022-09-21,236.841,231.6828
2022-09-22,230.6356,233.651
2022-09-23,232.2549,230.6841
2022-09-26,229.8405,230.2284
2022-09-27,232.6814,229.22
2022-09-28,229.6079,233.7383
2022-09-29,231.6246,230.2769
2022-09-30,231.0429,225.8168
2022-10-03,228.2504,233.4183
2022-10-04,237.636,241.3108
2022-10-05,238.5087,241.6211
2022-10-06,240.3897,239.2843
2022-10-07,233.5734,227.116
2022-10-10,225.9622,222.2778
2022-10-11,220.6974,218.5546
2022-10-12,218.5448,218.8842
2022-10-13,213.1637,227.116
2022-10-14,228.3765,221.6088
2022-10-17,228.648,230.306
2022-10-18,235.8423,231.2465
2022-10-19,229.8309,229.2879
2022-10-20,228.5995,228.9679
2022-10-21,227.6008,234.7564
2022-10-24,236.3465,239.7304
2022-10-25,239.74,243.0366
2022-10-26,224.1394,224.2849
2022-10-27,224.0134,219.8538
2022-10-28,219.3593,228.6965
2022-10-31,226.6506,225.0702
2022-11-01,227.4651,221.2306
2022-11-02,222.4814,213.4061
2022-11-03,213.3964,207.734
2022-11-04,210.9336,214.6568
2022-11-07,215.2386,220.9398
2022-11-08,221.7445,221.9094
2022-11-09,220.4549,217.6819
2022-11-10,228.2699,235.5902
2022-11-11,235.5999,239.5946
2022-11-14,234.6303,234.2037
2022-11-15,238.1887,234.6109
2022-11-16,236.0694,235.0388
2022-11-17,231.1981,234.9901
2022-11-18,236.7695,234.5429
2022-11-21,234.7471,235.3499
2022-11-22,236.8473,238.2474
2022-11-23,238.3252,240.7268
2022-11-25,240.4643,240.6393
2022-11-28,239.2683,235.0679
2022-11-29,234.7179,233.6775
2022-11-30,233.9108,248.0775
2022-12-01,246.8427,247.64
2022-12-02,242.9048,247.9609
2022-12-05,245.0342,243.2743
2022-12-06,243.8771,238.3349
2022-12-07,238.0529,237.6057
2022-12-08,238.0627,240.5518
2022-12-09,237.9265,238.6266
2022-12-12,240.6004,245.5203
2022-12-13,254.4462,249.8083
2022-12-14,250.0125,250.1
2022-12-15,246.6968,242.1172
2022-12-16,241.67,237.9168
2022-12-19,238.0821,233.7942
2022-12-20,232.7732,235.1068
2022-12-21,234.9999,237.664
2022-12-22,234.5817,231.5967
2022-12-23,229.5743,232.1218
2022-12-27,232.0926,230.4008
2022-12-28,230.3327,228.038
2022-12-29,229.127,234.3387
2022-12-30,231.6162,233.1816
2023-01-03,236.3514,232.9483
2023-01-04,225.8503,222.7584
2023-01-05,220.911,216.1563
2023-01-06,216.8272,218.7038
2023-01-09,220.1817,220.8331
2023-01-10,221.4555,222.5153
2023-01-11,224.8877,229.2437
2023-01-12,228.7478,231.9079
2023-01-13,230.4397,232.608
2023-01-17,231.3829,233.697
2023-01-18,234.8832,229.2827
2023-01-19,227.3088,225.51
2023-01-20,228.3589,233.5706
2023-01-23,234.4262,235.8652
2023-01-24,235.7874,235.3401
2023-01-25,227.9894,233.9498
2023-01-26,236.9056,241.1352
2023-01-27,242.0978,241.2908
2023-01-30,237.7418,235.9916
2023-01-31,236.7111,240.9505
2023-02-01,241.1352,245.7537
2023-02-02,251.6556,257.2756
2023-02-03,252.3558,251.1987
2023-02-06,250.3139,249.6624
2023-02-07,253.3183,260.1537
2023-02-08,265.6376,259.3467
2023-02-09,266.221,256.3228
2023-02-10,254.2906,255.8172
2023-02-13,260.2315,263.8096
2023-02-14,265.1223,264.6361
2023-02-15,261.5462,262.5209
2023-02-16,257.3547,255.532
2023-02-17,252.8417,251.5452
2023-02-21,248.0556,246.2913
2023-02-22,247.6754,245.1605
2023-02-23,249.1083,248.3383
2023-02-24,243.6497,242.9283
2023-02-27,246.0866,243.8446
2023-02-28,242.7822,243.1233
2023-03-01,244.4294,240.0528
2023-03-02,240.3258,244.7707
2023-03-03,245.8234,248.8451
2023-03-06,249.9564,250.3853
2023-03-07,249.8296,247.7339
2023-03-08,247.6267,247.2953
2023-03-09,249.3617,245.9501
2023-03-10,244.7414,242.3143
2023-03-13,241.1543,247.5097
2023-03-14,250.2683,254.2063
2023-03-15,253.4167,258.7389
2023-03-16,258.5147,269.2272
2023-03-17,271.2353,272.3757
2023-03-20,269.9876,265.3575
2023-03-21,267.9406,266.8683
2023-03-22,266.4979,265.416
2023-03-23,270.9233,270.6504
2023-03-24,270.241,273.4869
2023-03-27,273.4187,269.4027
2023-03-28,268.8277,268.2818
2023-03-29,271.9175,273.4284
2023-03-30,277.0545,276.8791
2023-03-31,276.5672,281.0218
2023-04-03,279.2867,279.9788
2023-04-04,279.9789,279.9301
2023-04-05,278.6336,277.1617
2023-04-06,276.0603,284.2385
2023-04-10,281.9088,282.0843
2023-04-11,278.5361,275.6898
2023-04-12,277.6004,276.3332
2023-04-13,276.4306,282.5228
2023-04-14,279.7546,278.9163
2023-04-17,282.6106,281.5092
2023-04-18,284.2092,281.09
2023-04-19,278.7701,281.168
2023-04-20,278.0487,278.887
2023-04-21,277.8148,278.5459
2023-04-24,274.9685,274.6566
2023-04-25,272.4538,268.467
2023-04-26,289.2097,287.9133
2023-04-27,288.4982,297.1345
2023-04-28,296.3352,299.5031
2023-05-01,299.2204,297.846
2023-05-02,299.9905,297.6998
2023-05-03,298.8793,296.7153
2023-05-04,298.5088,297.6998
2023-05-05,298.002,302.8076
2023-05-08,302.3006,300.858
2023-05-09,300.2244,299.2497
2023-05-10,300.8288,304.4256
2023-05-11,302.2714,302.2811
2023-05-12,302.7101,301.17
2023-05-15,301.2967,301.6476
2023-05-16,302.0082,303.87
2023-05-17,305.0716,306.7421
2023-05-18,307.2599,311.1576
2023-05-19,309.4187,310.9817
2023-05-22,311.2357,313.7561
2023-05-23,312.6326,307.9729
2023-05-24,307.4552,306.5956
2023-05-25,315.7685,318.3866
2023-05-26,316.5304,325.1954
2023-05-30,327.4813,323.5542
2023-05-31,324.6093,320.7995
2023-06-01,318.3963,324.8926
2023-06-02,326.524,327.6474
2023-06-05,327.4716,328.1749
2023-06-06,327.5791,325.9672
2023-06-07,323.984,315.9052
2023-06-08,316.4523,317.7418
2023-06-09,317.4781,319.2365
2023-06-12,320.985,324.1794
2023-06-13,326.7389,326.563
2023-06-14,326.6119,329.5426
2023-06-15,329.6793,340.0538
2023-06-16,343.1995,334.4172
2023-06-20,331.467,330.2361
2023-06-21,328.595,325.85
2023-06-22,326.397,331.8578
2023-06-23,326.6315,327.2762
2023-06-26,326.0063,321.0046
2023-06-27,324.1892,326.8365
2023-06-28,326.9245,328.087
2023-06-29,326.9733,327.3055
2023-06-30,329.9431,332.6686
2023-07-03,331.3498,330.1776
2023-07-05,327.3445,330.3338
2023-07-06,329.5035,333.3817
2023-07-07,331.4768,329.4253
2023-07-10,326.8659,324.1599
2023-07-11,323.4077,324.7851
2023-07-12,328.8197,329.4059
2023-07-13,331.7113,334.7397
2023-07-14,339.5556,337.2599
2023-07-17,337.6898,337.7387
2023-07-18,337.8363,351.1806
2023-07-19,353.3883,346.8724
2023-07-20,345.3974,338.8523
2023-07-21,341.0796,335.824
2023-07-24,337.8559,337.133
2023-07-25,339.0867,342.8673
2023-07-26,333.5478,329.9626
2023-07-27,332.61,323.0756
2023-07-28,325.9575,330.5488
2023-07-31,329.1323,328.1554
2023-08-01,327.4423,328.5657
2023-08-02,325.9183,319.93
2023-08-03,318.4647,319.1095
2023-08-04,324.2088,320.2036
2023-08-07,320.78,322.4797
2023-08-08,319.4025,318.5135
2023-08-09,318.9238,314.7818
2023-08-10,318.4842,315.4656
2023-08-11,312.8574,313.59
2023-08-14,313.9613,316.55
2023-08-15,315.534,314.4203
2023-08-16,314.0484,313.6568
2023-08-17,313.7939,310.2109
2023-08-18,307.8712,309.8193
2023-08-21,311.2388,315.1057
2023-08-22,318.6495,315.6735
2023-08-23,317.0049,320.1179
2023-08-24,325.8448,313.2359
2023-08-25,314.7043,316.1825
2023-08-28,318.8061,316.8874
2023-08-29,315.1057,321.4983
2023-08-30,321.7528,321.8702
2023-08-31,322.2716,320.8619
2023-09-01,324.3372,321.743
2023-09-05,322.0758,326.53
2023-09-06,326.3636,325.8741
2023-09-07,324.3176,322.9666
2023-09-08,323.1429,327.2349
2023-09-11,330.1424,330.8276
2023-09-12,328.7523,324.7875
2023-09-13,324.3372,328.9872
2023-09-14,332.0122,331.5717
2023-09-15,329.8292,323.2702
2023-09-18,320.901,322.1345
2023-09-19,319.3054,321.7332
2023-09-20,322.5751,314.019
2023-09-21,312.5408,312.8051
2023-09-22,314.5575,310.3382
2023-09-25,309.927,310.8571
2023-09-26,308.4977,305.5707
2023-09-27,305.7273,306.207
2023-09-28,304.4448,307.0391
2023-09-29,311.0626,309.1047
2023-10-02,309.6235,315.0273
2023-10-03,314.0778,306.7944
2023-10-04,307.4209,312.2471
2023-10-05,312.3743,312.6386
2023-10-06,309.8878,320.3724
2023-10-09,317.9152,322.8785
2023-10-10,323.9946,321.4787
2023-10-11,324.2393,325.4239
2023-10-12,323.6128,324.1904
2023-10-13,325.3846,320.8325
2023-10-16,324.0826,325.6392
2023-10-17,322.6534,325.0714
2023-10-18,325.4924,323.1625
2023-10-19,325.1595,324.347
2023-10-20,324.7386,319.7949
2023-10-23,318.6201,322.3891
2023-10-24,324.3274,323.5736
2023-10-25,337.7586,333.5002
2023-10-26,333.373,320.9892
2023-10-27,323.4758,322.8688
2023-10-30,326.3931,330.211
2023-10-31,331.7185,330.9941
2023-11-01,332.6387,338.7866
2023-11-02,339.932,340.9893
2023-11-03,342.2716,345.3749
2023-11-06,346.0112,349.0264
2023-11-07,351.8359,352.9422
2023-11-08,354.068,355.5561
2023-11-09,354.6749,353.0988
2023-11-10,353.882,361.8899
2023-11-13,360.4704,358.9628
2023-11-14,363.2017,362.4772
2023-11-15,364.2037,362.6244
2023-11-16,363.8898,369.0005
2023-11-17,366.4892,362.8009
2023-11-20,364.1449,370.2463
2023-11-21,368.51,365.9596
2023-11-22,370.7956,370.6485
2023-11-24,370.1384,370.2365
2023-11-27,369.5989,371.394
2023-11-28,371.1389,375.406
2023-11-29,376.4458,371.6294
2023-11-30,371.2762,371.6882
2023-12-01,369.5792,367.3721
2023-12-04,362.0652,362.1045
2023-12-05,359.4657,365.42
2023-12-06,366.4206,361.7709
2023-12-07,361.2118,363.88
2023-12-08,362.1633,367.0975
2023-12-11,361.4571,364.2233
2023-12-12,363.7819,367.2446
2023-12-13,368.8533,367.2348
2023-12-14,366.195,358.9557
2023-12-15,359.8581,363.6642
2023-12-18,362.4086,365.5476
2023-12-19,364.4097,366.146
2023-12-20,367.8528,363.5563
2023-12-21,365.4593,366.4206
2023-12-22,366.558,367.4408
2023-12-26,367.8528,367.5193
2023-12-27,366.5678,366.9405
2023-12-28,368.2158,368.1275
2023-12-29,368.8338,368.873
2024-01-02,366.7345,363.8015
2024-01-03,361.977,363.5367
2024-01-04,363.6053,360.9274
2024-01-05,361.9377,360.741
2024-01-08,362.2614,367.5487
2024-01-09,364.9198,368.6277
2024-01-10,369.1967,375.4747
2024-01-11,378.6432,377.2993
2024-01-12,378.1428,381.066
2024-01-16,386.1572,382.8318
2024-01-17,380.5854,382.047
2024-01-18,384.2541,386.3631
2024-01-19,388.2171,391.0716
2024-01-22,392.396,388.9529
2024-01-23,388.2073,391.2972
2024-01-24,393.887,394.8875
2024-01-25,396.6139,397.1534
2024-01-26,396.663,396.2314
2024-01-29,398.3208,401.9111
2024-01-30,404.4026,400.8026
2024-01-31,399.2037,390.0025
2024-02-01,394.1714,396.0843
2024-02-02,396.1137,403.3825
2024-02-05,402.0875,397.9185
2024-02-06,398.1443,397.7617
2024-02-07,399.6745,406.1585
2024-02-08,406.1585,406.2174
2024-02-09,407.3356,412.5346
2024-02-12,412.5444,407.3455
2024-02-13,397.2221,398.5758
2024-02-14,401.0328,402.4283
2024-02-15,401.1015,399.5487
2024-02-16,400.9247,397.0919
2024-02-20,396.286,395.8438
2024-02-21,393.269,395.2443
2024-02-22,403.1162,404.551
2024-02-23,408.5017,403.2636
2024-02-26,404.3643,400.5119
2024-02-27,400.9541,400.4529
2024-02-28,401.1408,400.6888
2024-02-29,401.5929,406.5067
2024-03-01,404.1776,408.3347
2024-03-04,406.3102,407.7646
2024-03-05,406.8211,395.7062
2024-03-06,396.0207,395.1559
2024-03-07,399.1164,402.0844
2024-03-08,400.9246,399.2146
2024-03-11,396.797,397.5439
2024-03-12,400.5905,408.1184
2024-03-13,410.8898,407.9415
2024-03-14,412.9929,417.887
2024-03-15,412.0592,409.2387
2024-03-18,407.1062,410.1232
2024-03-19,410.6244,414.1427
2024-03-20,414.7225,417.8968
2024-03-21,422.4174,421.9654
2024-03-22,422.2897,421.3463
2024-03-25,417.9066,415.5677
2024-03-26,418.2702,414.3785
2024-03-27,417.1204,414.1623
2024-03-28,413.7005,413.4646
2024-04-01,416.6389,417.2482
2024-04-02,412.8652,414.1722
2024-04-03,412.4917,413.1993
2024-04-04,417.661,410.6736
2024-04-05,412.7669,418.1818
2024-04-08,417.8379,417.2679
2024-04-09,419.0859,418.9287
2024-04-10,414.9093,415.9608
2024-04-11,418.4767,420.5503
2024-04-12,416.7372,414.6242
2024-04-15,419.2432,406.5067
2024-04-16,407.4207,407.4305
2024-04-17,410.0544,404.7377
2024-04-18,403.5486,397.2983
2024-04-19,397.0624,392.237
2024-04-22,393.1805,394.0453
2024-04-23,397.2688,400.5414
2024-04-24,402.4971,402.0057
2024-04-25,387.2349,392.1585
2024-04-26,405.062,399.3129
2024-04-29,398.2613,395.3131
2024-04-30,394.5662,382.6159
2024-05-01,385.8393,388.1292
2024-05-02,390.8023,390.9792
2024-05-03,395.3426,399.647
2024-05-06,401.7109,406.4084
2024-05-07,407.5091,402.2808
2024-05-08,401.1311,403.4602
2024-05-09,403.4897,405.2095
2024-05-10,405.8188,407.5877
2024-05-13,410.8013,406.5853
2024-05-14,404.9146,409.3763
2024-05-15,411.434,416.5339
2024-05-16,415.2737,414.4762
2024-05-17,416.0022,413.7082
2024-05-20,413.7083,418.7589
2024-05-21,420.2258,422.4016
2024-05-22,423.4354,423.8587
2024-05-23,426.2708,420.3932
2024-05-24,420.5803,423.5043
2024-05-28,422.9825,423.6619
2024-05-29,419.1034,422.5296
2024-05-30,417.735,408.254
2024-05-31,410.3018,408.7069
2024-06-03,409.1007,407.1218
2024-06-04,406.0486,409.6323
2024-06-05,411.3454,417.4495
2024-06-06,417.4494,417.9515
2024-06-07,419.6056,417.292
2024-06-10,418.1288,421.2498
2024-06-11,418.8968,425.9854
2024-06-12,428.5845,434.2357
2024-06-13,434.0289,434.7476
2024-06-14,431.4987,435.7223
2024-06-17,435.742,441.4326
2024-06-18,442.7518,439.434
2024-06-20,439.3946,438.8039
2024-06-21,440.4579,442.8207
2024-06-24,442.8404,440.7434
2024-06-25,441.3144,443.9726
2024-06-26,442.0528,445.1639
2024-06-27,445.1836,445.8433
2024-06-28,446.0598,440.0345
2024-07-01,441.7181,449.6632
2024-07-02,446.1878,452.1737
2024-07-03,451.1006,453.6407
2024-07-05,452.4986,460.3256
2024-07-08,459.3313,459.0261
2024-07-09,459.7743,452.4297
2024-07-10,454.0837,459.0359
2024-07-11,455.8165,447.6646
2024-07-12,447.3003,446.5324
2024-07-15,446.2863,446.9361
2024-07-16,447.1921,442.5648
2024-07-17,435.742,436.6576
2024-07-18,437.4649,433.5563
2024-07-19,426.3988,430.3467
2024-07-22,434.9543,436.0865
2024-07-23,437.0317,437.967
2024-07-24,433.6351,422.2638
2024-07-25,422.1653,411.9262
2024-07-26,411.7294,418.6899
2024-07-29,424.9023,420.1274
2024-07-30,421.1021,416.3763
2024-07-31,413.9938,411.8771
2024-08-01,414.2793,410.6562
2024-08-02,406.1077,402.1696
2024-08-05,383.1486,389.036
2024-08-06,393.811,393.427
2024-08-07,402.3173,392.2653
2024-08-08,396.2132,396.4594
2024-08-09,397.7786,399.7378
2024-08-12,400.7618,400.5156
2024-08-13,403.2526,407.6042
2024-08-14,408.3819,410.4101
2024-08-15,414.0496,415.2628
2024-08-16,414.8386,412.7377
2024-08-19,413.2211,415.7559
2024-08-20,415.9235,418.981
2024-08-21,418.2708,418.33
2024-08-22,418.547,409.8577
2024-08-23,411.2682,411.0808
2024-08-26,410.6665,407.826
2024-08-27,407.2046,408.1712
2024-08-28,409.1969,404.9756
2024-08-29,409.2561,407.461
2024-08-30,409.9071,411.426
2024-09-03,412.1854,403.8315
2024-09-04,400.3498,403.2989
2024-09-05,402.0364,402.7958
2024-09-06,403.4567,396.1975
2024-09-09,401.6616,400.1624
2024-09-10,402.6085,408.5263
2024-09-11,409.8085,417.2452
2024-09-12,417.5115,421.1509
2024-09-13,419.997,424.6918
2024-09-16,424.7016,425.4315
2024-09-17,434.1997,429.1893
2024-09-18,429.0414,424.9088
2024-09-19,435.186,432.6808
2024-09-20,431.2309,429.3076
2024-09-23,428.3312,427.5717
2024-09-24,427.0687,423.2912
2024-09-25,423.9422,426.1909
2024-09-26,429.1301,425.4019
2024-09-27,425.609,422.1569
2024-09-30,422.3443,424.4057
2024-10-01,422.5811,414.9274
2024-10-02,416.7914,411.4161
2024-10-03,411.9093,410.8342
2024-10-04,412.5109,410.3608
2024-10-07,410.3016,403.9301
2024-10-08,405.2715,409.0293
2024-10-09,410.1635,411.7415
2024-10-10,409.5421,410.1438
2024-10-11,410.4397,410.6172
2024-10-14,412.0473,413.3986
2024-10-15,416.3969,413.0041
2024-10-16,409.483,410.4199
2024-10-17,416.5745,411.0118
2024-10-18,411.426,412.432
2024-10-21,410.4199,413.0435
2024-10-22,412.7575,421.654
2024-10-23,424.958,418.7838
2024-10-24,419.5038,418.912
2024-10-25,420.9142,422.2852
2024-10-28,425.7471,420.7465
2024-10-29,422.1372,426.0331
2024-10-30,431.4479,426.6052
2024-10-31,409.6703,400.7838
2024-11-01,403.4073,404.7487
2024-11-04,404.1865,402.8649
2024-11-05,402.7761,405.8238
2024-11-06,406.7707,414.4243
2024-11-07,415.5093,419.6024
2024-11-08,419.4939,416.752
2024-11-11,416.7323,412.2841
2024-11-12,412.5208,417.2353
2024-11-13,415.8644,419.3756
2024-11-14,419.1783,421.0424
2024-11-15,414.0693,409.3153
2024-11-18,409.1871,410.0649
2024-11-19,407.4512,412.0671
2024-11-20,411.1597,409.7986
2024-11-21,414.5818,408.0296
2024-11-22,406.5471,412.1111
2024-11-25,413.475,413.8802
2024-11-26,414.6708,422.9723
2024-11-27,420.126,418.0309
2024-11-29,415.165,418.4955
2024-12-02,416.6276,425.9273
2024-12-03,424.8006,426.1447
2024-12-04,427.9532,432.2917
2024-12-05,432.7859,437.4308
2024-12-06,437.1146,438.3697
2024-12-09,437.411,440.7909
2024-12-10,439.18,438.1324
2024-12-11,438.844,443.7261
2024-12-12,443.8447,444.2894
2024-12-13,443.1826,442.0263
2024-12-16,442.0263,446.2957
2024-12-17,445.7225,449.132
2024-12-18,446.0288,432.2621
2024-12-19,436.4425,431.9063
2024-12-20,428.0323,431.4814
2024-12-23,431.6197,430.1472
2024-12-24,429.5542,434.1793
2024-12-26,433.9323,432.9737
2024-12-27,429.5048,425.4825
2024-12-30,421.0649,419.8493
2024-12-31,421.1045,416.5584
2025-01-02,420.5412,413.6726
2025-01-03,416.1433,418.3867
2025-01-06,422.9822,422.834
2025-01-07,423.9705,417.4182
2025-01-08,418.4954,419.5826
2025-01-10,419.6517,414.0383
2025-01-13,410.3718,412.2989
2025-01-14,412.9117,410.7968
2025-01-15,414.2162,421.312
2025-01-16,423.674,419.6023
2025-01-17,429.0008,424.0001
2025-01-21,425.1564,423.4763
2025-01-22,432.4301,440.9688
2025-01-23,436.8181,441.4728
2025-01-24,439.941,438.8539
2025-01-27,419.039,429.4653
2025-01-28,429.5048,441.9571
2025-01-29,441.4531,437.1442
2025-01-30,413.8604,410.1247
2025-01-31,414.068,410.1939
2025-02-03,406.7745,406.1024
2025-02-04,407.8517,407.5355
2025-02-05,407.5157,408.4447
2025-02-06,409.1463,410.945
2025-02-07,411.5973,404.9462
2025-02-10,408.8597,407.3872
2025-02-11,404.8374,406.6163
2025-02-12,402.4359,404.2445
2025-02-13,402.2284,405.7269
2025-02-14,403.0091,403.6416
2025-02-18,403.2166,404.8374
2025-02-19,403.0981,409.9073
2025-02-20,411.2442,412.076
2025-02-21,413.2742,404.2331
2025-02-24,404.5302,400.0641
2025-02-25,397.1924,394.0236
2025-02-26,394.1325,395.8358
2025-02-27,397.3607,388.7059
2025-02-28,388.8346,393.1224
2025-03-03,394.9346,384.7052
2025-03-04,379.6648,384.8241
2025-03-05,385.547,397.1132
2025-03-06,390.4388,393.0234
2025-03-07,388.4979,389.4783
2025-03-10,382.0811,376.4564
2025-03-11,375.3077,376.7436
2025-03-12,379.2192,379.5361
2025-03-13,379.4272,375.0799
2025-03-14,376.0801,384.7745
2025-03-17,382.9327,384.9132
2025-03-18,383.2991,379.7836
2025-03-19,381.7741,384.0418
2025-03-20,381.9821,383.0714
2025-03-21,379.4866,387.4482
2025-03-24,391.548,389.2505
2025-03-25,390.0824,391.3103
2025-03-26,391.1518,386.1708
2025-03-27,386.3292,386.7748
2025-03-28,384.2992,375.1096
2025-03-31,368.9107,371.7329
2025-04-01,371.0001,378.4666
2025-04-02,374.2878,378.4171
2025-04-03,371.1387,369.475
2025-04-04,360.5825,356.3343
2025-04-07,347.4616,354.3736
2025-04-08,364.6723,351.1058
2025-04-09,350.0957,386.6857
2025-04-10,378.3379,377.6348
2025-04-11,376.9317,384.6656
2025-04-14,389.3892,384.0319
2025-04-15,384.7251,381.9721
2025-04-16,376.9614,367.9897
2025-04-17,370.1088,364.197
2025-04-21,359.2854,355.6214
2025-04-22,359.8398,363.2463
2025-04-23,372.3964,370.7426
2025-04-24,372.0398,383.5268
2025-04-25,383.2297,388.0325
2025-04-28,388.1414,387.3492
2025-04-29,387.4879,390.2012
2025-04-30,386.4976,391.4093
2025-05-01,426.91,421.2556
2025-05-02,427.5339,431.0394
2025-05-05,428.6529,431.9208
2025-05-06,427.9894,429.0886
2025-05-07,429.6135,429.1282
2025-05-08,433.6635,433.9012
2025-05-09,435.7134,434.4558
2025-05-12,441.5955,444.8832
2025-05-13,443.4176,444.7644
2025-05-14,443.7741,448.5273
2025-05-15,447.198,449.5393
2025-05-16,448.4678,450.6702
2025-05-19,447.3071,455.2338
2025-05-20,451.9798,454.5393
2025-05-21,450.9679,448.9837
2025-05-22,451.3449,451.2556
2025-05-23,446.4142,446.6126
2025-05-27,452.8627,457.0394
2025-05-28,457.5652,453.7357
2025-05-29,457.8926,455.0453
2025-05-30,456.0771,456.712
2025-06-02,453.5175,458.3092
2025-06-03,457.8132,459.3013
2025-06-04,460.3231,460.1942
2025-06-05,461.2756,463.974
2025-06-06,466.3649,466.6526
2025-06-09,465.978,469.0038
2025-06-10,467.4562,467.1883
2025-06-11,466.2954,468.8748
2025-06-12,471.2558,475.0753
2025-06-13,472.6348,471.1963
2025-06-16,471.4443,475.3432
2025-06-17,471.6328,474.2519
2025-06-18,474.2122,476.4344
2025-06-20,478.4087,473.6169
2025-06-23,474.4205,482.1488
2025-06-24,485.0754,486.2262
2025-06-25,488.141,488.3691
2025-06-26,489.0735,493.5081
2025-06-27,493.6073,492.01
2025-06-30,493.1013,493.4684
2025-07-01,492.5358,488.1508
2025-07-02,486.1072,487.1985
2025-07-03,489.8969,494.8871
2025-07-07,493.4386,493.7759
2025-07-08,493.2997,492.6846
2025-07-09,496.3355,499.5201
2025-07-10,499.0637,497.5061
2025-07-11,494.52,499.3315
2025-07-14,497.5458,499.0339
2025-07-15,499.0339,501.8118
2025-07-16,501.1769,501.6134
2025-07-17,501.6729,507.6452
2025-07-18,510.4031,506.0082
2025-07-21,502.6947,506.0182
2025-07-22,506.9209,501.2661
2025-07-23,502.7344,501.8613
2025-07-24,504.7384,506.8317
2025-07-25,508.409,509.6393
2025-07-28,510.0063,508.4388
2025-07-29,511.4448,508.5082
2025-07-30,511.0876,509.1729
2025-07-31,550.8301,529.2723
2025-08-01,530.7605,519.9568
2025-08-04,524.0839,531.3954
2025-08-05,532.9233,523.568
2025-08-06,526.693,520.7802
2025-08-07,522.6254,516.7127
2025-08-08,518.4588,517.9033
2025-08-11,518.1611,517.6354
2025-08-12,519.5997,525.0461
2025-08-13,527.8934,516.4548
2025-08-14,518.419,518.3397
2025-08-15,518.6275,516.048
2025-08-18,517.4568,513.0023
2025-08-19,510.919,505.7304
2025-08-20,505.8296,501.7125
2025-08-21,500.5201,501.0666
2025-08-22,501.0766,504.0378
2025-08-25,503.4416,501.0865
2025-08-26,501.1859,498.8805
2025-08-27,498.8407,503.5509
2025-08-28,503.8987,506.4326
2025-08-29,505.4588,503.5012
2025-09-02,497.3203,501.9411
2025-09-03,500.6195,502.1696
2025-09-04,501.1262,504.7732
2025-09-05,505.8662,491.8848
2025-09-08,494.9752,495.0646
2025-09-09,498.2743,495.2733
2025-09-10,499.8146,497.221
2025-09-11,499.0892,497.857
2025-09-12,503.4615,506.691
2025-09-15,505.588,512.1166
2025-09-16,513.6271,505.8364
2025-09-17,507.4065,506.8102
2025-09-18,508.271,505.2502
2025-09-19,507.3469,514.6705
2025-09-22,512.3452,511.2124
2025-09-23,510.5665,506.0253
2025-09-24,507.168,506.9394
2025-09-25,505.101,503.8391
2025-09-26,506.85,508.2412
2025-09-29,508.2809,511.3614
2025-09-30,510.01,514.6904
2025-10-01,511.5601,516.4393
2025-10-02,514.3823,512.4943
2025-10-03,513.8456,514.0941
2025-10-06,515.3462,525.2435
2025-10-07,524.9652,520.6824
2025-10-08,519.9868,521.5469
2025-10-09,519.0527,519.1124
2025-10-10,516.3697,507.7443
2025-10-13,513.16,510.8148
2025-10-14,507.0189,510.3379
2025-10-15,511.7192,510.1988
2025-10-16,509.3542,508.3902
2025-10-17,505.8364,510.3479
2025-10-20,511.3713,513.5376
2025-10-21,514.2432,514.4022
2025-10-22,517.8703,517.2641
2025-10-23,519.172,517.2839
2025-10-24,519.4999,520.3147
2025-10-27,528.4334,528.175
2025-10-28,546.5387,538.6586
2025-10-29,541.5105,538.1418
2025-10-30,527.1415,522.4512
2025-10-31,525.5515,514.5512
2025-11-03,516.5387,513.7762
2025-11-04,508.5393,511.0932
2025-11-05,510.0696,503.9683
2025-11-06,502.4777,493.9716
2025-11-07,493.8225,493.6933
2025-11-10,496.8931,502.8156
2025-11-11,501.6231,505.4787
2025-11-12,506.1544,507.9232
2025-11-13,507.0984,500.1226
2025-11-14,495.0944,506.9692
2025-11-17,505.2502,504.2962
2025-11-18,492.2524,490.6824
2025-11-19,487.0156,484.0544
2025-11-20,490.5255,476.3088
2025-11-21,476.3785,470.0268
2025-11-24,472.8941,471.8985
2025-11-25,471.9682,474.8752
2025-11-26,484.1539,483.3475
2025-11-28,485.4382,489.8287
2025-12-01,486.2745,484.582
2025-12-02,484.5621,487.8276
2025-12-03,474.2082,475.612
2025-12-04,477.633,478.7082
2025-12-05,480.3807,481.0179
2025-12-08,482.7403,488.843
2025-12-09,486.9316,489.8386
2025-12-10,481.884,476.4383
2025-12-11,474.5168,481.3265
2025-12-12,477.6927,476.4084
2025-12-15,477.9715,472.7149
2025-12-16,469.8178,474.2779
2025-12-17,474.7956,474.0091
2025-12-18,476.0699,481.8343
2025-12-19,485.1992,483.7657
2025-12-22,483.9648,482.7701
2025-12-23,482.8298,484.6915
2025-12-24,483.5267,485.8563
2025-12-26,484.5521,485.5477
2025-12-29,482.7103,484.9404
2025-12-30,483.7756,485.3187
