Date,Open,Close
1999-01-22,0.0401,0.0376
1999-01-25,0.0405,0.0415
1999-01-26,0.042,0.0383
1999-01-27,0.0384,0.0382
1999-01-28,0.0382,0.038
1999-01-29,0.038,0.0362
1999-02-01,0.0362,0.037
1999-02-02,0.0362,0.0341
1999-02-03,0.0336,0.0348
1999-02-04,0.0353,0.0367
1999-02-05,0.0373,0.0378
1999-02-08,0.038,0.0365
1999-02-09,0.0372,0.0351
1999-02-10,0.0351,0.0347
1999-02-11,0.0348,0.0377
1999-02-12,0.0382,0.0398
1999-02-16,0.0405,0.0401
1999-02-17,0.0391,0.0379
1999-02-18,0.0391,0.0385
1999-02-19,0.0382,0.0398
1999-02-22,0.0405,0.0401
1999-02-23,0.041,0.042
1999-02-24,0.0482,0.0453
1999-02-25,0.0472,0.0439
1999-02-26,0.0444,0.0419
1999-03-01,0.0429,0.0421
1999-03-02,0.042,0.0417
1999-03-03,0.042,0.0389
1999-03-04,0.0408,0.038
1999-03-05,0.0384,0.0402
1999-03-08,0.0391,0.0408
1999-03-09,0.0407,0.0421
1999-03-10,0.0427,0.0414
1999-03-11,0.0407,0.0396
1999-03-12,0.0398,0.0389
1999-03-15,0.0398,0.0405
1999-03-16,0.0408,0.0392
1999-03-17,0.0396,0.0395
1999-03-18,0.0396,0.0399
1999-03-19,0.0398,0.0401
1999-03-22,0.0409,0.0389
1999-03-23,0.0391,0.0365
1999-03-24,0.0362,0.0362
1999-03-25,0.0361,0.0367
1999-03-26,0.0372,0.0399
1999-03-29,0.0411,0.0411
1999-03-30,0.0413,0.0377
1999-03-31,0.0389,0.0403
1999-04-01,0.0403,0.0391
1999-04-05,0.0386,0.0379
1999-04-06,0.0383,0.037
1999-04-07,0.0372,0.0401
1999-04-08,0.0403,0.0408
1999-04-09,0.041,0.0401
1999-04-12,0.0396,0.0384
1999-04-13,0.0391,0.0368
1999-04-14,0.0367,0.0358
1999-04-15,0.0367,0.0367
1999-04-16,0.0365,0.0379
1999-04-19,0.0384,0.0362
1999-04-20,0.0362,0.0355
1999-04-21,0.0355,0.0361
1999-04-22,0.0362,0.0346
1999-04-23,0.0345,0.0329
1999-04-26,0.0329,0.0312
1999-04-27,0.032,0.0346
1999-04-28,0.0348,0.0343
1999-04-29,0.0345,0.0343
1999-04-30,0.0347,0.0348
1999-05-03,0.0352,0.0351
1999-05-04,0.0351,0.0331
1999-05-05,0.0334,0.0339
1999-05-06,0.0336,0.0332
1999-05-07,0.0322,0.0334
1999-05-10,0.0331,0.0334
1999-05-11,0.0348,0.0352
1999-05-12,0.0355,0.0362
1999-05-13,0.0362,0.0362
1999-05-14,0.0362,0.0343
1999-05-17,0.0339,0.036
1999-05-18,0.0364,0.0377
1999-05-19,0.0393,0.036
1999-05-20,0.0362,0.0331
1999-05-21,0.0327,0.0324
1999-05-24,0.0327,0.0323
1999-05-25,0.0324,0.0326
1999-05-26,0.0324,0.0324
1999-05-27,0.0327,0.0322
1999-05-28,0.0327,0.0326
1999-06-01,0.0324,0.0327
1999-06-02,0.0327,0.0315
1999-06-03,0.0323,0.0323
1999-06-04,0.0326,0.0326
1999-06-07,0.0327,0.0329
1999-06-08,0.033,0.0337
1999-06-09,0.0339,0.0343
1999-06-10,0.0343,0.0345
1999-06-11,0.0345,0.0337
1999-06-14,0.0338,0.0324
1999-06-15,0.0324,0.0324
1999-06-16,0.0329,0.0334
1999-06-17,0.0331,0.0324
1999-06-18,0.0327,0.0312
1999-06-21,0.0322,0.0329
1999-06-22,0.0329,0.0323
1999-06-23,0.032,0.0329
1999-06-24,0.0331,0.0322
1999-06-25,0.032,0.0327
1999-06-28,0.0337,0.0331
1999-06-29,0.0336,0.0335
1999-06-30,0.0346,0.0365
1999-07-01,0.0365,0.0346
1999-07-02,0.0351,0.0371
1999-07-06,0.0374,0.0372
1999-07-07,0.0374,0.0365
1999-07-08,0.0367,0.0373
1999-07-09,0.0372,0.0405
1999-07-12,0.0429,0.0423
1999-07-13,0.0428,0.0424
1999-07-14,0.0424,0.0408
1999-07-15,0.0411,0.041
1999-07-16,0.0417,0.0419
1999-07-19,0.042,0.0408
1999-07-20,0.0408,0.0401
1999-07-21,0.0396,0.0389
1999-07-22,0.0386,0.0371
1999-07-23,0.037,0.0371
1999-07-26,0.038,0.0372
1999-07-27,0.0372,0.0373
1999-07-28,0.0372,0.0379
1999-07-29,0.0372,0.0383
1999-07-30,0.0383,0.0384
1999-08-02,0.0384,0.0388
1999-08-03,0.0388,0.0378
1999-08-04,0.038,0.0378
1999-08-05,0.0378,0.0384
1999-08-06,0.0383,0.0384
1999-08-09,0.0385,0.0384
1999-08-10,0.0386,0.0391
1999-08-11,0.0398,0.0417
1999-08-12,0.042,0.0438
1999-08-13,0.0434,0.0433
1999-08-16,0.0436,0.0416
1999-08-17,0.0417,0.0417
1999-08-18,0.0413,0.0427
1999-08-19,0.0457,0.0517
1999-08-20,0.0519,0.0513
1999-08-23,0.0506,0.0482
1999-08-24,0.0475,0.0479
1999-08-25,0.0481,0.0477
1999-08-26,0.0477,0.047
1999-08-27,0.0479,0.0496
1999-08-30,0.0504,0.0494
1999-08-31,0.0496,0.0537
1999-09-01,0.0537,0.0512
1999-09-02,0.0495,0.0506
1999-09-03,0.0515,0.0509
1999-09-07,0.0517,0.0507
1999-09-08,0.0508,0.0506
1999-09-09,0.051,0.0498
1999-09-10,0.0507,0.0506
1999-09-13,0.0508,0.0489
1999-09-14,0.0489,0.0475
1999-09-15,0.0469,0.0478
1999-09-16,0.0472,0.0466
1999-09-17,0.0463,0.0465
1999-09-20,0.0457,0.0448
1999-09-21,0.0439,0.0405
1999-09-22,0.0405,0.0415
1999-09-23,0.0416,0.038
1999-09-24,0.0382,0.0346
1999-09-27,0.0368,0.0367
1999-09-28,0.0368,0.0401
1999-09-29,0.0409,0.0368
1999-09-30,0.0382,0.0367
1999-10-01,0.0361,0.0365
1999-10-04,0.0377,0.0372
1999-10-05,0.0372,0.0408
1999-10-06,0.0409,0.0457
1999-10-07,0.0476,0.0427
1999-10-08,0.0427,0.0448
1999-10-11,0.0452,0.0436
1999-10-12,0.0439,0.043
1999-10-13,0.0426,0.0419
1999-10-14,0.042,0.041
1999-10-15,0.039,0.0408
1999-10-18,0.0409,0.0386
1999-10-19,0.0398,0.0371
1999-10-20,0.0377,0.0384
1999-10-21,0.0383,0.0402
1999-10-22,0.0401,0.0411
1999-10-25,0.0409,0.0391
1999-10-26,0.0408,0.0429
1999-10-27,0.0432,0.041
1999-10-28,0.0413,0.0391
1999-10-29,0.0396,0.0422
1999-11-01,0.0415,0.0448
1999-11-02,0.0457,0.0477
1999-11-03,0.0496,0.0523
1999-11-04,0.0529,0.0557
1999-11-05,0.0572,0.0539
1999-11-08,0.0522,0.0554
1999-11-09,0.0553,0.0546
1999-11-10,0.0548,0.0541
1999-11-11,0.0541,0.0579
1999-11-12,0.0605,0.061
1999-11-15,0.0615,0.0599
1999-11-16,0.0613,0.0656
1999-11-17,0.0668,0.0681
1999-11-18,0.0695,0.0683
1999-11-19,0.0765,0.0818
1999-11-22,0.0839,0.0817
1999-11-23,0.0733,0.0758
1999-11-24,0.0755,0.0734
1999-11-26,0.0727,0.073
1999-11-29,0.0727,0.0703
1999-11-30,0.0706,0.0661
1999-12-01,0.0661,0.0694
1999-12-02,0.0696,0.0745
1999-12-03,0.0752,0.0727
1999-12-06,0.073,0.0748
1999-12-07,0.0754,0.0723
1999-12-08,0.072,0.0755
1999-12-09,0.0754,0.0732
1999-12-10,0.0745,0.0724
1999-12-13,0.0715,0.0721
1999-12-14,0.0723,0.0709
1999-12-15,0.0705,0.0687
1999-12-16,0.069,0.0682
1999-12-17,0.0701,0.0718
1999-12-20,0.0719,0.0777
1999-12-21,0.0777,0.0811
1999-12-22,0.0813,0.083
1999-12-23,0.0831,0.0885
1999-12-27,0.0904,0.0851
1999-12-28,0.0851,0.0849
1999-12-29,0.0847,0.0878
1999-12-30,0.0878,0.0885
1999-12-31,0.0883,0.0895
2000-01-03,0.0901,0.0893
2000-01-04,0.0878,0.0869
2000-01-05,0.0844,0.0841
2000-01-06,0.0841,0.0786
2000-01-07,0.0782,0.0799
2000-01-10,0.0801,0.0825
2000-01-11,0.082,0.0792
2000-01-12,0.0792,0.0771
2000-01-13,0.077,0.0804
2000-01-14,0.0816,0.0838
2000-01-18,0.0849,0.0874
2000-01-19,0.0878,0.0866
2000-01-20,0.0873,0.0863
2000-01-21,0.0861,0.0854
2000-01-24,0.0881,0.0816
2000-01-25,0.0819,0.0808
2000-01-26,0.0808,0.0775
2000-01-27,0.0781,0.0734
2000-01-28,0.0725,0.0713
2000-01-31,0.0717,0.0707
2000-02-01,0.0708,0.0724
2000-02-02,0.0727,0.0744
2000-02-03,0.0768,0.0756
2000-02-04,0.078,0.0774
2000-02-07,0.0777,0.0726
2000-02-08,0.0744,0.0761
2000-02-09,0.0789,0.078
2000-02-10,0.0827,0.094
2000-02-11,0.0986,0.0954
2000-02-14,0.0956,0.1106
2000-02-15,0.1109,0.1064
2000-02-16,0.1075,0.1112
2000-02-17,0.1111,0.1152
2000-02-18,0.1135,0.1285
2000-02-22,0.1245,0.125
2000-02-23,0.1235,0.1257
2000-02-24,0.1264,0.1245
2000-02-25,0.1246,0.1167
2000-02-28,0.1161,0.1159
2000-02-29,0.1152,0.1221
2000-03-01,0.1221,0.1185
2000-03-02,0.1195,0.1105
2000-03-03,0.1106,0.1123
2000-03-06,0.113,0.1116
2000-03-07,0.1431,0.1589
2000-03-08,0.1588,0.1603
2000-03-09,0.1622,0.1913
2000-03-10,0.2013,0.2251
2000-03-13,0.2041,0.2847
2000-03-14,0.2832,0.2101
2000-03-15,0.2251,0.2015
2000-03-16,0.2079,0.1797
2000-03-17,0.1755,0.1905
2000-03-20,0.198,0.1904
2000-03-21,0.1908,0.181
2000-03-22,0.1824,0.1823
2000-03-23,0.1806,0.1855
2000-03-24,0.1843,0.1778
2000-03-27,0.1774,0.1661
2000-03-28,0.1604,0.1537
2000-03-29,0.1543,0.1436
2000-03-30,0.1393,0.1427
2000-03-31,0.1525,0.1612
2000-04-03,0.1597,0.1486
2000-04-04,0.1564,0.1431
2000-04-05,0.1445,0.1749
2000-04-06,0.183,0.183
2000-04-07,0.1922,0.1957
2000-04-10,0.199,0.1784
2000-04-11,0.1659,0.1678
2000-04-12,0.168,0.1504
2000-04-13,0.1515,0.1439
2000-04-14,0.1347,0.1312
2000-04-17,0.1202,0.138
2000-04-18,0.1518,0.1624
2000-04-19,0.1675,0.1546
2000-04-20,0.1588,0.1538
2000-04-24,0.145,0.1462
2000-04-25,0.1527,0.1622
2000-04-26,0.1735,0.1605
2000-04-27,0.1498,0.1736
2000-04-28,0.1763,0.17
2000-05-01,0.1765,0.1755
2000-05-02,0.1755,0.1687
2000-05-03,0.1676,0.166
2000-05-04,0.1656,0.168
2000-05-05,0.1673,0.1758
2000-05-08,0.1712,0.1693
2000-05-09,0.1722,0.1669
2000-05-10,0.1653,0.1505
2000-05-11,0.1526,0.1569
2000-05-12,0.1612,0.1521
2000-05-15,0.1514,0.1626
2000-05-16,0.1698,0.1793
2000-05-17,0.1889,0.2108
2000-05-18,0.212,0.1965
2000-05-19,0.1908,0.1948
2000-05-22,0.1927,0.2075
2000-05-23,0.2022,0.2058
2000-05-24,0.2056,0.2032
2000-05-25,0.2062,0.2003
2000-05-26,0.2013,0.2013
2000-05-30,0.2068,0.2096
2000-05-31,0.2089,0.2177
2000-06-01,0.2242,0.2238
2000-06-02,0.2285,0.251
2000-06-05,0.2506,0.2564
2000-06-06,0.2573,0.2436
2000-06-07,0.2418,0.2327
2000-06-08,0.2387,0.2345
2000-06-09,0.2389,0.2412
2000-06-12,0.2423,0.2348
2000-06-13,0.2282,0.2422
2000-06-14,0.2467,0.2419
2000-06-15,0.2412,0.2482
2000-06-16,0.2474,0.2857
2000-06-19,0.285,0.3036
2000-06-20,0.3088,0.2995
2000-06-21,0.2949,0.3299
2000-06-22,0.3285,0.3119
2000-06-23,0.3036,0.2825
2000-06-26,0.2881,0.3166
2000-06-27,0.3138,0.2719
2000-06-28,0.2776,0.2614
2000-06-29,0.2568,0.2237
2000-06-30,0.2342,0.2425
2000-07-03,0.2442,0.2332
2000-07-05,0.2323,0.2082
2000-07-06,0.2084,0.2208
2000-07-07,0.2289,0.222
2000-07-10,0.2182,0.2335
2000-07-11,0.2304,0.2523
2000-07-12,0.2628,0.2595
2000-07-13,0.2649,0.2838
2000-07-14,0.2895,0.2816
2000-07-17,0.2859,0.2785
2000-07-18,0.2633,0.273
2000-07-19,0.2633,0.2556
2000-07-20,0.2554,0.2626
2000-07-21,0.2633,0.2659
2000-07-24,0.2661,0.2432
2000-07-25,0.2471,0.2342
2000-07-26,0.2342,0.2168
2000-07-27,0.2099,0.2013
2000-07-28,0.2022,0.206
2000-07-31,0.2175,0.2289
2000-08-01,0.2289,0.2244
2000-08-02,0.2213,0.2289
2000-08-03,0.206,0.2389
2000-08-04,0.2447,0.2432
2000-08-07,0.2449,0.2623
2000-08-08,0.2566,0.2566
2000-08-09,0.2599,0.249
2000-08-10,0.2432,0.2518
2000-08-11,0.2523,0.2459
2000-08-14,0.249,0.2482
2000-08-15,0.2494,0.2717
2000-08-16,0.2864,0.2785
2000-08-17,0.2747,0.2838
2000-08-18,0.2826,0.2938
2000-08-21,0.3045,0.2983
2000-08-22,0.2828,0.2702
2000-08-23,0.2659,0.2859
2000-08-24,0.2843,0.2936
2000-08-25,0.2905,0.2862
2000-08-28,0.2876,0.2976
2000-08-29,0.2988,0.2969
2000-08-30,0.2936,0.2995
2000-08-31,0.304,0.3029
2000-09-01,0.3091,0.3033
2000-09-05,0.3105,0.3038
2000-09-06,0.305,0.2828
2000-09-07,0.2871,0.2981
2000-09-08,0.2947,0.2804
2000-09-11,0.2769,0.269
2000-09-12,0.2692,0.2673
2000-09-13,0.2666,0.2672
2000-09-14,0.2685,0.2647
2000-09-15,0.2633,0.2705
2000-09-18,0.2711,0.2547
2000-09-19,0.243,0.2626
2000-09-20,0.2554,0.254
2000-09-21,0.2559,0.2649
2000-09-22,0.2387,0.2695
2000-09-25,0.2778,0.2888
2000-09-26,0.2919,0.2957
2000-09-27,0.2933,0.3119
2000-09-28,0.3091,0.3215
2000-09-29,0.3124,0.3124
2000-10-02,0.3167,0.305
2000-10-03,0.3067,0.2885
2000-10-04,0.2809,0.2852
2000-10-05,0.2874,0.2785
2000-10-06,0.2792,0.2611
2000-10-09,0.2544,0.2668
2000-10-10,0.2556,0.2466
2000-10-11,0.2316,0.2487
2000-10-12,0.2542,0.2389
2000-10-13,0.2406,0.2485
2000-10-16,0.2485,0.2428
2000-10-17,0.2418,0.2251
2000-10-18,0.2106,0.2215
2000-10-19,0.2358,0.243
2000-10-20,0.2373,0.2657
2000-10-23,0.2678,0.2597
2000-10-24,0.2585,0.2513
2000-10-25,0.2444,0.2294
2000-10-26,0.2308,0.2392
2000-10-27,0.2394,0.2337
2000-10-30,0.2299,0.2172
2000-10-31,0.2258,0.2371
2000-11-01,0.2313,0.237
2000-11-02,0.2454,0.2552
2000-11-03,0.2518,0.2719
2000-11-06,0.2783,0.2928
2000-11-07,0.2881,0.273
2000-11-08,0.2761,0.2649
2000-11-09,0.249,0.2373
2000-11-10,0.2454,0.2244
2000-11-13,0.2132,0.2254
2000-11-14,0.2404,0.2666
2000-11-15,0.2618,0.2631
2000-11-16,0.2556,0.2466
2000-11-17,0.2485,0.2418
2000-11-20,0.2329,0.2232
2000-11-21,0.2327,0.2189
2000-11-22,0.2099,0.2075
2000-11-24,0.2099,0.2194
2000-11-27,0.2351,0.212
2000-11-28,0.2152,0.1962
2000-11-29,0.1991,0.1841
2000-11-30,0.1684,0.1545
2000-12-01,0.1641,0.1698
2000-12-04,0.1709,0.1724
2000-12-05,0.1846,0.1836
2000-12-06,0.18,0.1574
2000-12-07,0.1498,0.1545
2000-12-08,0.1705,0.1898
2000-12-11,0.1836,0.1898
2000-12-12,0.1851,0.1846
2000-12-13,0.1839,0.1703
2000-12-14,0.1691,0.1586
2000-12-15,0.1486,0.1428
2000-12-18,0.1488,0.1476
2000-12-19,0.1498,0.1364
2000-12-20,0.1295,0.1216
2000-12-21,0.1199,0.1064
2000-12-22,0.1149,0.1338
2000-12-26,0.1355,0.1283
2000-12-27,0.1269,0.1369
2000-12-28,0.1314,0.1376
2000-12-29,0.1374,0.125
2001-01-02,0.1259,0.1142
2001-01-03,0.1106,0.1493
2001-01-04,0.1467,0.1665
2001-01-05,0.165,0.1415
2001-01-08,0.1376,0.155
2001-01-09,0.1572,0.1581
2001-01-10,0.15,0.1691
2001-01-11,0.165,0.1831
2001-01-12,0.1862,0.1793
2001-01-16,0.1803,0.1653
2001-01-17,0.1779,0.1712
2001-01-18,0.1712,0.2041
2001-01-19,0.2099,0.1986
2001-01-22,0.1927,0.1908
2001-01-23,0.1884,0.2098
2001-01-24,0.2096,0.2089
2001-01-25,0.2017,0.1879
2001-01-26,0.1774,0.1939
2001-01-29,0.1879,0.1948
2001-01-30,0.1979,0.1991
2001-01-31,0.1994,0.197
2001-02-01,0.197,0.198
2001-02-02,0.1982,0.1789
2001-02-05,0.1786,0.1786
2001-02-06,0.1753,0.1796
2001-02-07,0.1784,0.1712
2001-02-08,0.1722,0.1703
2001-02-09,0.1688,0.1691
2001-02-12,0.1672,0.1645
2001-02-13,0.1676,0.1696
2001-02-14,0.1674,0.182
2001-02-15,0.207,0.2153
2001-02-16,0.2044,0.227
2001-02-20,0.2213,0.2044
2001-02-21,0.1967,0.2137
2001-02-22,0.2125,0.2227
2001-02-23,0.2215,0.2073
2001-02-26,0.2013,0.2027
2001-02-27,0.1977,0.1905
2001-02-28,0.1891,0.1705
2001-03-01,0.1684,0.184
2001-03-02,0.1707,0.1663
2001-03-05,0.1598,0.1679
2001-03-06,0.1765,0.1841
2001-03-07,0.1882,0.1989
2001-03-08,0.1932,0.2056
2001-03-09,0.1948,0.191
2001-03-12,0.1846,0.1841
2001-03-13,0.1865,0.206
2001-03-14,0.1967,0.2177
2001-03-15,0.2311,0.2285
2001-03-16,0.2249,0.2275
2001-03-19,0.2263,0.2406
2001-03-20,0.2378,0.2182
2001-03-21,0.2187,0.2344
2001-03-22,0.2366,0.258
2001-03-23,0.2628,0.2556
2001-03-26,0.2556,0.2695
2001-03-27,0.2642,0.2597
2001-03-28,0.2525,0.2599
2001-03-29,0.2576,0.2637
2001-03-30,0.2618,0.2477
2001-04-02,0.2471,0.2373
2001-04-03,0.2337,0.2451
2001-04-04,0.2358,0.2199
2001-04-05,0.2344,0.2401
2001-04-06,0.237,0.2392
2001-04-09,0.2438,0.2276
2001-04-10,0.233,0.249
2001-04-11,0.2644,0.2641
2001-04-12,0.2592,0.268
2001-04-16,0.2633,0.2615
2001-04-17,0.2577,0.2743
2001-04-18,0.2859,0.2948
2001-04-19,0.2965,0.3201
2001-04-20,0.3163,0.3318
2001-04-23,0.3246,0.3143
2001-04-24,0.3134,0.292
2001-04-25,0.2928,0.3055
2001-04-26,0.3121,0.2814
2001-04-27,0.2923,0.3014
2001-04-30,0.3096,0.3178
2001-05-01,0.319,0.3475
2001-05-02,0.3566,0.3395
2001-05-03,0.3293,0.3381
2001-05-04,0.3281,0.3427
2001-05-07,0.3414,0.3581
2001-05-08,0.3634,0.3322
2001-05-09,0.3216,0.3166
2001-05-10,0.3258,0.306
2001-05-11,0.3052,0.2981
2001-05-14,0.299,0.3007
2001-05-15,0.3033,0.3115
2001-05-16,0.3044,0.3262
2001-05-17,0.3273,0.3319
2001-05-18,0.3308,0.3293
2001-05-21,0.3286,0.3442
2001-05-22,0.3492,0.3545
2001-05-23,0.3684,0.3514
2001-05-24,0.3491,0.3566
2001-05-25,0.3495,0.3499
2001-05-29,0.3479,0.3355
2001-05-30,0.3276,0.3293
2001-05-31,0.3319,0.3266
2001-06-01,0.3289,0.3447
2001-06-04,0.345,0.3394
2001-06-05,0.339,0.3572
2001-06-06,0.3585,0.3587
2001-06-07,0.3556,0.379
2001-06-08,0.3778,0.3691
2001-06-11,0.3697,0.3584
2001-06-12,0.3508,0.3703
2001-06-13,0.373,0.3579
2001-06-14,0.3532,0.3571
2001-06-15,0.3529,0.3627
2001-06-18,0.3617,0.3483
2001-06-19,0.3549,0.3293
2001-06-20,0.3232,0.3434
2001-06-21,0.3421,0.3499
2001-06-22,0.3482,0.3484
2001-06-25,0.3522,0.3477
2001-06-26,0.34,0.3577
2001-06-27,0.356,0.3466
2001-06-28,0.3513,0.3507
2001-06-29,0.352,0.3539
2001-07-02,0.3399,0.3382
2001-07-03,0.3359,0.3425
2001-07-05,0.3384,0.3177
2001-07-06,0.3129,0.3079
2001-07-09,0.3039,0.2978
2001-07-10,0.3018,0.3003
2001-07-11,0.2991,0.2997
2001-07-12,0.3138,0.3154
2001-07-13,0.3131,0.3089
2001-07-16,0.3054,0.2841
2001-07-17,0.2793,0.2999
2001-07-18,0.2928,0.2896
2001-07-19,0.2938,0.2942
2001-07-20,0.2869,0.2857
2001-07-23,0.2862,0.2587
2001-07-24,0.2622,0.2762
2001-07-25,0.2757,0.2735
2001-07-26,0.2709,0.3014
2001-07-27,0.3009,0.3091
2001-07-30,0.3094,0.3017
2001-07-31,0.3021,0.3087
2001-08-01,0.3147,0.3275
2001-08-02,0.3317,0.3353
2001-08-03,0.3319,0.3327
2001-08-06,0.3303,0.3427
2001-08-07,0.3427,0.3377
2001-08-08,0.3347,0.3291
2001-08-09,0.3276,0.3233
2001-08-10,0.3232,0.3229
2001-08-13,0.3285,0.3365
2001-08-14,0.3304,0.3276
2001-08-15,0.335,0.3279
2001-08-16,0.3219,0.3418
2001-08-17,0.3331,0.3196
2001-08-20,0.3176,0.3174
2001-08-21,0.3182,0.3107
2001-08-22,0.3162,0.3235
2001-08-23,0.3224,0.3163
2001-08-24,0.3197,0.3254
2001-08-27,0.3181,0.3366
2001-08-28,0.3357,0.3323
2001-08-29,0.3332,0.3216
2001-08-30,0.3155,0.3205
2001-08-31,0.3184,0.3232
2001-09-04,0.3223,0.3007
2001-09-05,0.3005,0.3071
2001-09-06,0.3011,0.2946
2001-09-07,0.29,0.2977
2001-09-10,0.2952,0.2891
2001-09-17,0.2711,0.2594
2001-09-18,0.2644,0.2437
2001-09-19,0.2451,0.2408
2001-09-20,0.2279,0.2204
2001-09-21,0.2034,0.2058
2001-09-24,0.2221,0.2289
2001-09-25,0.2296,0.22
2001-09-26,0.2228,0.2121
2001-09-27,0.2113,0.2003
2001-09-28,0.206,0.2096
2001-10-01,0.2095,0.1918
2001-10-02,0.1915,0.1822
2001-10-03,0.1813,0.2181
2001-10-04,0.2297,0.2464
2001-10-05,0.2427,0.2511
2001-10-08,0.2411,0.2567
2001-10-09,0.2574,0.2456
2001-10-10,0.2412,0.2614
2001-10-11,0.2753,0.2897
2001-10-12,0.2823,0.3085
2001-10-15,0.2995,0.3071
2001-10-16,0.3068,0.3381
2001-10-17,0.3455,0.3182
2001-10-18,0.3182,0.3316
2001-10-19,0.3269,0.3385
2001-10-22,0.336,0.3465
2001-10-23,0.3509,0.3404
2001-10-24,0.3342,0.3555
2001-10-25,0.3472,0.3763
2001-10-26,0.3737,0.3494
2001-10-29,0.3506,0.321
2001-10-30,0.3152,0.3205
2001-10-31,0.3325,0.3271
2001-11-01,0.3313,0.355
2001-11-02,0.3534,0.36
2001-11-05,0.3662,0.3613
2001-11-06,0.3606,0.3861
2001-11-07,0.3831,0.3864
2001-11-08,0.3912,0.3796
2001-11-09,0.3964,0.406
2001-11-12,0.4044,0.4169
2001-11-13,0.4182,0.4134
2001-11-14,0.4165,0.4019
2001-11-15,0.3973,0.4041
2001-11-16,0.4044,0.4006
2001-11-19,0.4045,0.3918
2001-11-20,0.3937,0.3808
2001-11-21,0.3744,0.3759
2001-11-23,0.3774,0.3812
2001-11-26,0.3876,0.4084
2001-11-27,0.4082,0.4128
2001-11-28,0.4075,0.3919
2001-11-29,0.4204,0.4091
2001-11-30,0.4089,0.417
2001-12-03,0.4082,0.4106
2001-12-04,0.4127,0.4437
2001-12-05,0.4472,0.4795
2001-12-06,0.4757,0.4719
2001-12-07,0.4684,0.4575
2001-12-10,0.4552,0.4621
2001-12-11,0.4701,0.4786
2001-12-12,0.4823,0.4935
2001-12-13,0.4838,0.4793
2001-12-14,0.4792,0.5009
2001-12-17,0.4971,0.5189
2001-12-18,0.5075,0.5056
2001-12-19,0.4972,0.4917
2001-12-20,0.4937,0.4724
2001-12-21,0.4827,0.4928
2001-12-24,0.4926,0.5051
2001-12-26,0.5076,0.5175
2001-12-27,0.522,0.5294
2001-12-28,0.5326,0.5167
2001-12-31,0.5205,0.5105
2002-01-02,0.5127,0.5136
2002-01-03,0.5146,0.5472
2002-01-04,0.5545,0.5313
2002-01-07,0.5334,0.517
2002-01-08,0.5159,0.5231
2002-01-09,0.5304,0.5159
2002-01-10,0.5132,0.5036
2002-01-11,0.5069,0.4813
2002-01-14,0.4802,0.456
2002-01-15,0.475,0.4986
2002-01-16,0.4918,0.4791
2002-01-17,0.495,0.4959
2002-01-18,0.4772,0.4869
2002-01-22,0.4914,0.4746
2002-01-23,0.4789,0.4836
2002-01-24,0.4884,0.5009
2002-01-25,0.4937,0.4996
2002-01-28,0.5094,0.5188
2002-01-29,0.5201,0.4934
2002-01-30,0.496,0.4994
2002-01-31,0.5059,0.5017
2002-02-01,0.5008,0.4894
2002-02-04,0.4883,0.4663
2002-02-05,0.4632,0.4618
2002-02-06,0.474,0.4733
2002-02-07,0.4739,0.4579
2002-02-08,0.461,0.4405
2002-02-11,0.4398,0.4648
2002-02-12,0.4578,0.4746
2002-02-13,0.4808,0.4685
2002-02-14,0.4725,0.4743
2002-02-15,0.4525,0.4376
2002-02-19,0.4189,0.4086
2002-02-20,0.4014,0.43
2002-02-21,0.4241,0.4006
2002-02-22,0.3926,0.3809
2002-02-25,0.3827,0.4108
2002-02-26,0.4198,0.4197
2002-02-27,0.4292,0.4056
2002-02-28,0.4029,0.3893
2002-03-01,0.393,0.4269
2002-03-04,0.4282,0.4507
2002-03-05,0.4437,0.4495
2002-03-06,0.4361,0.4354
2002-03-07,0.4416,0.4319
2002-03-08,0.4402,0.4448
2002-03-11,0.4399,0.4396
2002-03-12,0.4262,0.4166
2002-03-13,0.4127,0.409
2002-03-14,0.406,0.3864
2002-03-15,0.3891,0.4027
2002-03-18,0.41,0.4027
2002-03-19,0.4056,0.3941
2002-03-20,0.3877,0.355
2002-03-21,0.361,0.3738
2002-03-22,0.3806,0.3706
2002-03-25,0.3689,0.3515
2002-03-26,0.3478,0.3587
2002-03-27,0.3532,0.3472
2002-03-28,0.3496,0.3385
2002-04-01,0.3197,0.3329
2002-04-02,0.3229,0.3242
2002-04-03,0.3257,0.3303
2002-04-04,0.3278,0.3287
2002-04-05,0.3309,0.3213
2002-04-08,0.3064,0.332
2002-04-09,0.3353,0.311
2002-04-10,0.3136,0.2939
2002-04-11,0.2915,0.281
2002-04-12,0.2872,0.2799
2002-04-15,0.2853,0.2912
2002-04-16,0.3042,0.3039
2002-04-17,0.3075,0.3075
2002-04-18,0.3043,0.3023
2002-04-19,0.2921,0.2817
2002-04-22,0.2786,0.2831
2002-04-23,0.2853,0.2717
2002-04-24,0.2748,0.2479
2002-04-25,0.2469,0.2575
2002-04-26,0.2603,0.2318
2002-04-29,0.2591,0.2704
2002-04-30,0.2768,0.2656
2002-05-01,0.2613,0.2704
2002-05-02,0.2717,0.2595
2002-05-03,0.2598,0.2499
2002-05-06,0.2434,0.2404
2002-05-07,0.2457,0.2464
2002-05-08,0.2632,0.2747
2002-05-09,0.2739,0.263
2002-05-10,0.2684,0.2433
2002-05-13,0.2458,0.258
2002-05-14,0.2745,0.2836
2002-05-15,0.2793,0.2892
2002-05-16,0.2893,0.2897
2002-05-17,0.2976,0.2989
2002-05-20,0.2964,0.3021
2002-05-21,0.306,0.2791
2002-05-22,0.2813,0.2904
2002-05-23,0.2912,0.2727
2002-05-24,0.2675,0.2673
2002-05-28,0.2697,0.2567
2002-05-29,0.2526,0.2664
2002-05-30,0.261,0.2625
2002-05-31,0.264,0.2553
2002-06-03,0.2492,0.2403
2002-06-04,0.2388,0.2524
2002-06-05,0.253,0.2488
2002-06-06,0.2462,0.2488
2002-06-07,0.2286,0.2465
2002-06-10,0.2498,0.2444
2002-06-11,0.2485,0.2334
2002-06-12,0.2279,0.2133
2002-06-13,0.2149,0.2111
2002-06-14,0.2033,0.215
2002-06-17,0.2198,0.2169
2002-06-18,0.2143,0.2158
2002-06-19,0.2053,0.182
2002-06-20,0.1824,0.1803
2002-06-21,0.1794,0.1729
2002-06-24,0.1685,0.1761
2002-06-25,0.1793,0.1615
2002-06-26,0.1432,0.1532
2002-06-27,0.1588,0.1303
2002-06-28,0.1282,0.1311
2002-07-01,0.1305,0.1308
2002-07-02,0.1293,0.1226
2002-07-03,0.1218,0.1332
2002-07-05,0.1427,0.1449
2002-07-08,0.1432,0.1493
2002-07-09,0.1496,0.1419
2002-07-10,0.1454,0.138
2002-07-11,0.1373,0.1521
2002-07-12,0.1603,0.1519
2002-07-15,0.1523,0.167
2002-07-16,0.1629,0.1625
2002-07-17,0.159,0.1487
2002-07-18,0.1463,0.1449
2002-07-19,0.1405,0.1383
2002-07-22,0.1377,0.1319
2002-07-23,0.1327,0.1221
2002-07-24,0.1204,0.1299
2002-07-25,0.1248,0.1149
2002-07-26,0.1183,0.1123
2002-07-29,0.1169,0.1154
2002-07-30,0.1148,0.1238
2002-07-31,0.0902,0.0845
2002-08-01,0.0852,0.0764
2002-08-02,0.0788,0.0713
2002-08-05,0.0703,0.0656
2002-08-06,0.0687,0.0691
2002-08-07,0.0721,0.0675
2002-08-08,0.0681,0.0719
2002-08-09,0.07,0.0702
2002-08-12,0.0694,0.0702
2002-08-13,0.0707,0.0688
2002-08-14,0.0701,0.0734
2002-08-15,0.0762,0.0785
2002-08-16,0.0743,0.0816
2002-08-19,0.0851,0.0965
2002-08-20,0.0973,0.0923
2002-08-21,0.0965,0.0971
2002-08-22,0.0942,0.0939
2002-08-23,0.0912,0.0877
2002-08-26,0.0894,0.0884
2002-08-27,0.0899,0.0833
2002-08-28,0.0829,0.0781
2002-08-29,0.0771,0.0791
2002-08-30,0.0784,0.0771
2002-09-03,0.0734,0.0723
2002-09-04,0.0726,0.0719
2002-09-05,0.0712,0.0691
2002-09-06,0.072,0.0707
2002-09-09,0.0701,0.0706
2002-09-10,0.0702,0.0807
2002-09-11,0.0832,0.0846
2002-09-12,0.0826,0.082
2002-09-13,0.0811,0.0807
2002-09-16,0.0794,0.0755
2002-09-17,0.0789,0.0744
2002-09-18,0.0733,0.0723
2002-09-19,0.0707,0.0699
2002-09-20,0.0704,0.0703
2002-09-23,0.0691,0.0672
2002-09-24,0.0665,0.0678
2002-09-25,0.0717,0.0715
2002-09-26,0.0729,0.0677
2002-09-27,0.0675,0.0653
2002-09-30,0.0651,0.0653
2002-10-01,0.0659,0.0688
2002-10-02,0.0694,0.0688
2002-10-03,0.0679,0.0654
2002-10-04,0.0652,0.0621
2002-10-07,0.0613,0.0591
2002-10-08,0.061,0.0573
2002-10-09,0.0565,0.0562
2002-10-10,0.0557,0.0591
2002-10-11,0.0614,0.0672
2002-10-14,0.0652,0.0652
2002-10-15,0.0725,0.072
2002-10-16,0.0672,0.066
2002-10-17,0.0717,0.071
2002-10-18,0.0707,0.0717
2002-10-21,0.0707,0.0782
2002-10-22,0.0746,0.0808
2002-10-23,0.082,0.0841
2002-10-24,0.0858,0.0798
2002-10-25,0.0801,0.0847
2002-10-28,0.0886,0.0852
2002-10-29,0.0853,0.0814
2002-10-30,0.084,0.0858
2002-10-31,0.0864,0.0908
2002-11-01,0.0894,0.1076
2002-11-04,0.1141,0.1193
2002-11-05,0.119,0.1146
2002-11-06,0.1185,0.1235
2002-11-07,0.1203,0.111
2002-11-08,0.0939,0.0867
2002-11-11,0.0826,0.08
2002-11-12,0.0819,0.0871
2002-11-13,0.085,0.0898
2002-11-14,0.0958,0.0958
2002-11-15,0.1007,0.1028
2002-11-18,0.111,0.1066
2002-11-19,0.106,0.1081
2002-11-20,0.1114,0.1135
2002-11-21,0.1181,0.1232
2002-11-22,0.1157,0.12
2002-11-25,0.1255,0.1243
2002-11-26,0.1249,0.121
2002-11-27,0.1261,0.1303
2002-11-29,0.1338,0.1307
2002-12-02,0.1377,0.1297
2002-12-03,0.1273,0.1212
2002-12-04,0.1126,0.1067
2002-12-05,0.1135,0.1077
2002-12-06,0.103,0.1078
2002-12-09,0.1043,0.0992
2002-12-10,0.1017,0.1075
2002-12-11,0.1068,0.1069
2002-12-12,0.1109,0.1052
2002-12-13,0.1032,0.101
2002-12-16,0.1045,0.107
2002-12-17,0.1089,0.1068
2002-12-18,0.1035,0.0987
2002-12-19,0.0969,0.0965
2002-12-20,0.0996,0.0978
2002-12-23,0.0976,0.0985
2002-12-24,0.0991,0.0965
2002-12-26,0.0981,0.0948
2002-12-27,0.0974,0.0912
2002-12-30,0.0916,0.088
2002-12-31,0.0871,0.0878
2003-01-02,0.0916,0.0939
2003-01-03,0.0942,0.0939
2003-01-06,0.0962,0.1016
2003-01-07,0.1036,0.1013
2003-01-08,0.0987,0.0912
2003-01-09,0.094,0.0928
2003-01-10,0.0916,0.0944
2003-01-13,0.098,0.0936
2003-01-14,0.0939,0.0943
2003-01-15,0.0944,0.0914
2003-01-16,0.09,0.0852
2003-01-17,0.0829,0.082
2003-01-21,0.0836,0.08
2003-01-22,0.0797,0.08
2003-01-23,0.0822,0.0823
2003-01-24,0.0816,0.0776
2003-01-27,0.0759,0.0765
2003-01-28,0.0755,0.0792
2003-01-29,0.0771,0.0808
2003-01-30,0.0824,0.0775
2003-01-31,0.0752,0.0788
2003-02-03,0.0802,0.0803
2003-02-04,0.0797,0.0767
2003-02-05,0.0784,0.0774
2003-02-06,0.0827,0.078
2003-02-07,0.0795,0.0745
2003-02-10,0.0744,0.0754
2003-02-11,0.076,0.074
2003-02-12,0.074,0.0744
2003-02-13,0.0757,0.0753
2003-02-14,0.0856,0.0919
2003-02-18,0.0954,0.0971
2003-02-19,0.0965,0.0981
2003-02-20,0.0984,0.0981
2003-02-21,0.098,0.0981
2003-02-24,0.0973,0.0994
2003-02-25,0.0962,0.0987
2003-02-26,0.0974,0.0939
2003-02-27,0.0949,0.0959
2003-02-28,0.0929,0.0963
2003-03-03,0.0974,0.0947
2003-03-04,0.095,0.0939
2003-03-05,0.093,0.0955
2003-03-06,0.0947,0.0939
2003-03-07,0.0924,0.0953
2003-03-10,0.0943,0.0926
2003-03-11,0.0933,0.0933
2003-03-12,0.0941,0.0959
2003-03-13,0.0987,0.1055
2003-03-14,0.1058,0.1024
2003-03-17,0.1007,0.1084
2003-03-18,0.108,0.1075
2003-03-19,0.1077,0.1081
2003-03-20,0.1081,0.109
2003-03-21,0.1128,0.1081
2003-03-24,0.1036,0.104
2003-03-25,0.1043,0.107
2003-03-26,0.1094,0.11
2003-03-27,0.1085,0.1068
2003-03-28,0.1068,0.1025
2003-03-31,0.0994,0.0983
2003-04-01,0.1003,0.1012
2003-04-02,0.1046,0.1049
2003-04-03,0.1068,0.1063
2003-04-04,0.1066,0.1022
2003-04-07,0.109,0.1032
2003-04-08,0.1042,0.1023
2003-04-09,0.1026,0.1017
2003-04-10,0.1031,0.1023
2003-04-11,0.1034,0.1011
2003-04-14,0.0996,0.1029
2003-04-15,0.1022,0.1023
2003-04-16,0.1047,0.1023
2003-04-17,0.1031,0.1042
2003-04-21,0.1043,0.1068
2003-04-22,0.1063,0.1082
2003-04-23,0.1081,0.1106
2003-04-24,0.1107,0.1074
2003-04-25,0.1068,0.1034
2003-04-28,0.1046,0.1065
2003-04-29,0.109,0.1098
2003-04-30,0.1092,0.1094
2003-05-01,0.1086,0.11
2003-05-02,0.1115,0.1213
2003-05-05,0.1225,0.1243
2003-05-06,0.1237,0.1245
2003-05-07,0.1226,0.1225
2003-05-08,0.121,0.1226
2003-05-09,0.1437,0.1631
2003-05-12,0.1635,0.1585
2003-05-13,0.1531,0.1555
2003-05-14,0.1561,0.1554
2003-05-15,0.1577,0.1607
2003-05-16,0.1587,0.1622
2003-05-19,0.1601,0.1531
2003-05-20,0.1533,0.1541
2003-05-21,0.1542,0.1596
2003-05-22,0.1598,0.1601
2003-05-23,0.1603,0.1593
2003-05-27,0.1576,0.1734
2003-05-28,0.1728,0.1729
2003-05-29,0.1728,0.1847
2003-05-30,0.2022,0.1997
2003-06-02,0.2049,0.1886
2003-06-03,0.1865,0.1925
2003-06-04,0.1919,0.1971
2003-06-05,0.1945,0.2028
2003-06-06,0.2107,0.1966
2003-06-09,0.1954,0.1942
2003-06-10,0.1942,0.197
2003-06-11,0.1958,0.1972
2003-06-12,0.1986,0.1942
2003-06-13,0.1858,0.1791
2003-06-16,0.1812,0.1829
2003-06-17,0.1871,0.1873
2003-06-18,0.1854,0.1944
2003-06-19,0.1953,0.1826
2003-06-20,0.1846,0.1807
2003-06-23,0.1805,0.1743
2003-06-24,0.1732,0.1739
2003-06-25,0.1744,0.1751
2003-06-26,0.1756,0.1753
2003-06-27,0.1773,0.1722
2003-06-30,0.1744,0.1748
2003-07-01,0.1726,0.182
2003-07-02,0.1837,0.1815
2003-07-03,0.1773,0.1794
2003-07-07,0.1818,0.1912
2003-07-08,0.1859,0.189
2003-07-09,0.1889,0.1934
2003-07-10,0.1873,0.1854
2003-07-11,0.1876,0.1864
2003-07-14,0.1912,0.185
2003-07-15,0.1877,0.1789
2003-07-16,0.1823,0.1767
2003-07-17,0.1714,0.1679
2003-07-18,0.1646,0.1622
2003-07-21,0.1632,0.1598
2003-07-22,0.1643,0.1625
2003-07-23,0.1623,0.1646
2003-07-24,0.1676,0.1582
2003-07-25,0.1585,0.1607
2003-07-28,0.162,0.1557
2003-07-29,0.1416,0.1455
2003-07-30,0.145,0.1439
2003-07-31,0.1473,0.1457
2003-08-01,0.1458,0.1505
2003-08-04,0.1503,0.1561
2003-08-05,0.1602,0.1557
2003-08-06,0.1536,0.1493
2003-08-07,0.149,0.1473
2003-08-08,0.1263,0.1183
2003-08-11,0.1202,0.1247
2003-08-12,0.1263,0.1272
2003-08-13,0.1277,0.128
2003-08-14,0.1238,0.1236
2003-08-15,0.1229,0.1232
2003-08-18,0.1252,0.1269
2003-08-19,0.1297,0.1366
2003-08-20,0.1347,0.1347
2003-08-21,0.138,0.1383
2003-08-22,0.1467,0.1393
2003-08-25,0.142,0.1386
2003-08-26,0.1368,0.1364
2003-08-27,0.1373,0.1405
2003-08-28,0.1419,0.1368
2003-08-29,0.1366,0.1387
2003-09-02,0.1411,0.1374
2003-09-03,0.1395,0.1348
2003-09-04,0.1353,0.1361
2003-09-05,0.1363,0.1425
2003-09-08,0.1448,0.1491
2003-09-09,0.145,0.1583
2003-09-10,0.1538,0.1474
2003-09-11,0.1494,0.1455
2003-09-12,0.1443,0.1477
2003-09-15,0.1489,0.1452
2003-09-16,0.1455,0.1497
2003-09-17,0.1506,0.1515
2003-09-18,0.1506,0.1526
2003-09-19,0.1544,0.1514
2003-09-22,0.1484,0.1454
2003-09-23,0.1457,0.1468
2003-09-24,0.1437,0.1357
2003-09-25,0.1367,0.1338
2003-09-26,0.1334,0.1287
2003-09-29,0.1222,0.1217
2003-09-30,0.1206,0.1219
2003-10-01,0.1221,0.1229
2003-10-02,0.1221,0.1248
2003-10-03,0.1282,0.128
2003-10-06,0.1283,0.1271
2003-10-07,0.1271,0.1282
2003-10-08,0.1282,0.1237
2003-10-09,0.1255,0.1255
2003-10-10,0.1274,0.1277
2003-10-13,0.1291,0.129
2003-10-14,0.1276,0.1313
2003-10-15,0.1329,0.1297
2003-10-16,0.1298,0.1313
2003-10-17,0.1305,0.1271
2003-10-20,0.1272,0.13
2003-10-21,0.1323,0.1339
2003-10-22,0.1319,0.1316
2003-10-23,0.1297,0.131
2003-10-24,0.1297,0.1306
2003-10-27,0.1313,0.1313
2003-10-28,0.133,0.1395
2003-10-29,0.1354,0.1395
2003-10-30,0.1431,0.1369
2003-10-31,0.1381,0.1349
2003-11-03,0.1342,0.1374
2003-11-04,0.1404,0.1379
2003-11-05,0.1351,0.1384
2003-11-06,0.1405,0.1387
2003-11-07,0.1653,0.166
2003-11-10,0.1665,0.1655
2003-11-11,0.1618,0.1614
2003-11-12,0.1609,0.1635
2003-11-13,0.1635,0.1636
2003-11-14,0.1641,0.1539
2003-11-17,0.151,0.1523
2003-11-18,0.1561,0.1501
2003-11-19,0.1512,0.1543
2003-11-20,0.1519,0.1502
2003-11-21,0.152,0.1508
2003-11-24,0.1522,0.1599
2003-11-25,0.1606,0.1626
2003-11-26,0.1653,0.1628
2003-11-28,0.1627,0.162
2003-12-01,0.1638,0.1643
2003-12-02,0.1633,0.1636
2003-12-03,0.1641,0.1619
2003-12-04,0.1625,0.1611
2003-12-05,0.1573,0.1559
2003-12-08,0.1559,0.157
2003-12-09,0.1567,0.1489
2003-12-10,0.1489,0.1522
2003-12-11,0.1521,0.1599
2003-12-12,0.162,0.159
2003-12-15,0.1637,0.1558
2003-12-16,0.1549,0.158
2003-12-17,0.1567,0.1549
2003-12-18,0.1552,0.1584
2003-12-19,0.1624,0.1608
2003-12-22,0.1584,0.161
2003-12-23,0.1604,0.1676
2003-12-24,0.1675,0.1664
2003-12-26,0.1677,0.1735
2003-12-29,0.1768,0.1809
2003-12-30,0.1789,0.1812
2003-12-31,0.1812,0.177
2004-01-02,0.1799,0.1761
2004-01-05,0.1788,0.1818
2004-01-06,0.1813,0.1892
2004-01-07,0.1871,0.1909
2004-01-08,0.1933,0.1916
2004-01-09,0.1903,0.1944
2004-01-12,0.195,0.1966
2004-01-13,0.1956,0.1864
2004-01-14,0.1873,0.1851
2004-01-15,0.1837,0.1854
2004-01-16,0.1873,0.1882
2004-01-20,0.1905,0.1934
2004-01-21,0.1918,0.1845
2004-01-22,0.1855,0.1802
2004-01-23,0.1793,0.1762
2004-01-26,0.1773,0.1831
2004-01-27,0.1795,0.1727
2004-01-28,0.1749,0.1722
2004-01-29,0.1728,0.1672
2004-01-30,0.1668,0.1698
2004-02-02,0.1712,0.1725
2004-02-03,0.1721,0.1719
2004-02-04,0.1695,0.1673
2004-02-05,0.1682,0.1698
2004-02-06,0.172,0.1737
2004-02-09,0.175,0.1725
2004-02-10,0.173,0.1788
2004-02-11,0.1811,0.1851
2004-02-12,0.1841,0.1795
2004-02-13,0.1747,0.1778
2004-02-17,0.1785,0.1798
2004-02-18,0.1803,0.1798
2004-02-19,0.182,0.1797
2004-02-20,0.1794,0.1842
2004-02-23,0.1839,0.1778
2004-02-24,0.1747,0.1707
2004-02-25,0.1718,0.1717
2004-02-26,0.1742,0.1728
2004-02-27,0.1732,0.1698
2004-03-01,0.1693,0.1723
2004-03-02,0.1725,0.1691
2004-03-03,0.1686,0.1669
2004-03-04,0.1686,0.1706
2004-03-05,0.1667,0.1693
2004-03-08,0.1694,0.1635
2004-03-09,0.1648,0.1623
2004-03-10,0.1634,0.1599
2004-03-11,0.1578,0.1587
2004-03-12,0.1609,0.1621
2004-03-15,0.1611,0.1584
2004-03-16,0.1604,0.1652
2004-03-17,0.1679,0.1693
2004-03-18,0.1683,0.1712
2004-03-19,0.1702,0.1692
2004-03-22,0.1666,0.1679
2004-03-23,0.1702,0.1686
2004-03-24,0.1683,0.1761
2004-03-25,0.1781,0.1863
2004-03-26,0.1858,0.1858
2004-03-29,0.1885,0.1938
2004-03-30,0.1925,0.1996
2004-03-31,0.2006,0.2015
2004-04-01,0.2017,0.1979
2004-04-02,0.2022,0.2007
2004-04-05,0.1996,0.2079
2004-04-06,0.2037,0.1995
2004-04-07,0.201,0.1984
2004-04-08,0.2028,0.2041
2004-04-12,0.2057,0.2002
2004-04-13,0.2021,0.1956
2004-04-14,0.1946,0.1966
2004-04-15,0.1939,0.1863
2004-04-16,0.1855,0.1802
2004-04-19,0.18,0.1799
2004-04-20,0.1804,0.1723
2004-04-21,0.173,0.1725
2004-04-22,0.1709,0.1735
2004-04-23,0.1757,0.1773
2004-04-26,0.1777,0.1704
2004-04-27,0.1724,0.1689
2004-04-28,0.169,0.1683
2004-04-29,0.1673,0.1636
2004-04-30,0.1627,0.1566
2004-05-03,0.1583,0.1546
2004-05-04,0.1568,0.1644
2004-05-05,0.1646,0.1658
2004-05-06,0.1641,0.1672
2004-05-07,0.1721,0.1685
2004-05-10,0.164,0.1619
2004-05-11,0.164,0.1659
2004-05-12,0.165,0.1636
2004-05-13,0.1622,0.1641
2004-05-14,0.1648,0.1641
2004-05-17,0.1618,0.1615
2004-05-18,0.163,0.1641
2004-05-19,0.1678,0.1638
2004-05-20,0.1635,0.1614
2004-05-21,0.1633,0.1618
2004-05-24,0.1615,0.1612
2004-05-25,0.1619,0.1683
2004-05-26,0.1683,0.1717
2004-05-27,0.1745,0.1722
2004-05-28,0.1744,0.1789
2004-06-01,0.1759,0.1788
2004-06-02,0.1831,0.1774
2004-06-03,0.1775,0.1689
2004-06-04,0.1723,0.1672
2004-06-07,0.1699,0.1712
2004-06-08,0.1702,0.1682
2004-06-09,0.1692,0.1603
2004-06-10,0.1629,0.1587
2004-06-14,0.1579,0.1538
2004-06-15,0.1564,0.1561
2004-06-16,0.1556,0.1536
2004-06-17,0.1526,0.1506
2004-06-18,0.1514,0.1508
2004-06-21,0.151,0.1481
2004-06-22,0.149,0.1523
2004-06-23,0.1519,0.1549
2004-06-24,0.159,0.1535
2004-06-25,0.1546,0.1545
2004-06-28,0.1567,0.1532
2004-06-29,0.1541,0.1585
2004-06-30,0.1543,0.1562
2004-07-01,0.158,0.149
2004-07-02,0.1506,0.147
2004-07-06,0.1452,0.1383
2004-07-07,0.1401,0.139
2004-07-08,0.1377,0.1348
2004-07-09,0.1346,0.129
2004-07-12,0.1254,0.126
2004-07-13,0.1275,0.1258
2004-07-14,0.1213,0.1202
2004-07-15,0.1214,0.1193
2004-07-16,0.123,0.1158
2004-07-19,0.1161,0.1171
2004-07-20,0.1171,0.1195
2004-07-21,0.1213,0.1123
2004-07-22,0.1135,0.1146
2004-07-23,0.1154,0.1116
2004-07-26,0.113,0.1084
2004-07-27,0.109,0.112
2004-07-28,0.1118,0.1092
2004-07-29,0.1107,0.1164
2004-07-30,0.1149,0.1177
2004-08-02,0.1177,0.1192
2004-08-03,0.1197,0.113
2004-08-04,0.1118,0.1142
2004-08-05,0.1155,0.1111
2004-08-06,0.0771,0.072
2004-08-09,0.0738,0.0752
2004-08-10,0.0794,0.0811
2004-08-11,0.08,0.0788
2004-08-12,0.079,0.0769
2004-08-13,0.0788,0.0801
2004-08-16,0.0792,0.0794
2004-08-17,0.0811,0.0837
2004-08-18,0.0841,0.0893
2004-08-19,0.0887,0.089
2004-08-20,0.0885,0.0942
2004-08-23,0.0958,0.0963
2004-08-24,0.0977,0.0927
2004-08-25,0.0948,0.0967
2004-08-26,0.0965,0.0969
2004-08-27,0.097,0.0987
2004-08-30,0.0984,0.0955
2004-08-31,0.0958,0.0951
2004-09-01,0.0939,0.0969
2004-09-02,0.0974,0.1009
2004-09-03,0.0978,0.0978
2004-09-07,0.0984,0.096
2004-09-08,0.0961,0.094
2004-09-09,0.0963,0.1034
2004-09-10,0.1016,0.1074
2004-09-13,0.1072,0.1094
2004-09-14,0.1084,0.1099
2004-09-15,0.1065,0.1038
2004-09-16,0.1055,0.1077
2004-09-17,0.1085,0.1121
2004-09-20,0.1099,0.1119
2004-09-21,0.1145,0.1149
2004-09-22,0.1119,0.1096
2004-09-23,0.1109,0.1106
2004-09-24,0.111,0.1072
2004-09-27,0.1064,0.1053
2004-09-28,0.1051,0.1068
2004-09-29,0.1068,0.1094
2004-09-30,0.1106,0.1108
2004-10-01,0.1113,0.1154
2004-10-04,0.1164,0.1187
2004-10-05,0.1158,0.116
2004-10-06,0.1158,0.1164
2004-10-07,0.1186,0.1171
2004-10-08,0.1159,0.1107
2004-10-11,0.1109,0.1109
2004-10-12,0.1071,0.1093
2004-10-13,0.1126,0.1086
2004-10-14,0.1096,0.1053
2004-10-15,0.1055,0.1024
2004-10-18,0.1018,0.1042
2004-10-19,0.1066,0.1036
2004-10-20,0.1032,0.1048
2004-10-21,0.1058,0.1071
2004-10-22,0.1081,0.1013
2004-10-25,0.1005,0.1018
2004-10-26,0.1118,0.1106
2004-10-27,0.1086,0.1136
2004-10-28,0.1121,0.1124
2004-10-29,0.1113,0.1104
2004-11-01,0.1119,0.1128
2004-11-02,0.1125,0.1144
2004-11-03,0.119,0.1155
2004-11-04,0.1163,0.1176
2004-11-05,0.1358,0.1346
2004-11-08,0.1332,0.1361
2004-11-09,0.134,0.1352
2004-11-10,0.1351,0.1352
2004-11-11,0.1361,0.1379
2004-11-12,0.14,0.1381
2004-11-15,0.1367,0.1402
2004-11-16,0.1406,0.1397
2004-11-17,0.1419,0.1421
2004-11-18,0.1433,0.1439
2004-11-19,0.1549,0.1447
2004-11-22,0.1452,0.1488
2004-11-23,0.1476,0.1494
2004-11-24,0.1493,0.15
2004-11-26,0.1507,0.1516
2004-11-29,0.1527,0.1486
2004-11-30,0.1492,0.146
2004-12-01,0.1473,0.1496
2004-12-02,0.1482,0.1516
2004-12-03,0.1553,0.1582
2004-12-06,0.159,0.1657
2004-12-07,0.1754,0.1741
2004-12-08,0.1765,0.1761
2004-12-09,0.173,0.1745
2004-12-10,0.1786,0.1779
2004-12-13,0.1752,0.173
2004-12-14,0.1731,0.1765
2004-12-15,0.1783,0.1781
2004-12-16,0.1833,0.1805
2004-12-17,0.1838,0.176
2004-12-20,0.178,0.1741
2004-12-21,0.1741,0.1754
2004-12-22,0.1789,0.1756
2004-12-23,0.1746,0.176
2004-12-27,0.1785,0.1745
2004-12-28,0.1749,0.1736
2004-12-29,0.1731,0.1751
2004-12-30,0.1752,0.1744
2004-12-31,0.177,0.1798
2005-01-03,0.186,0.1799
2005-01-04,0.1812,0.1715
2005-01-05,0.1696,0.1731
2005-01-06,0.1761,0.1714
2005-01-07,0.1718,0.1681
2005-01-10,0.1686,0.1685
2005-01-11,0.1669,0.1633
2005-01-12,0.1648,0.1619
2005-01-13,0.1623,0.1636
2005-01-14,0.1667,0.1641
2005-01-18,0.1623,0.1667
2005-01-19,0.1675,0.1629
2005-01-20,0.1596,0.1633
2005-01-21,0.1635,0.1636
2005-01-24,0.1627,0.157
2005-01-25,0.1577,0.1598
2005-01-26,0.1603,0.1619
2005-01-27,0.1622,0.1748
2005-01-28,0.1755,0.1746
2005-01-31,0.176,0.1749
2005-02-01,0.1747,0.1782
2005-02-02,0.1852,0.1881
2005-02-03,0.1861,0.1861
2005-02-04,0.1862,0.1968
2005-02-07,0.197,0.1944
2005-02-08,0.1932,0.1963
2005-02-09,0.1969,0.1895
2005-02-10,0.1905,0.1939
2005-02-11,0.1927,0.1996
2005-02-14,0.1995,0.1954
2005-02-15,0.1967,0.1971
2005-02-16,0.1965,0.1964
2005-02-17,0.1991,0.1947
2005-02-18,0.2096,0.2157
2005-02-22,0.2143,0.2185
2005-02-23,0.215,0.2114
2005-02-24,0.2085,0.2169
2005-02-25,0.2173,0.2201
2005-02-28,0.219,0.2212
2005-03-01,0.2222,0.2207
2005-03-02,0.2182,0.2142
2005-03-03,0.2137,0.2113
2005-03-04,0.2119,0.2104
2005-03-07,0.2113,0.2125
2005-03-08,0.212,0.2018
2005-03-09,0.2005,0.1965
2005-03-10,0.1971,0.1964
2005-03-11,0.1982,0.192
2005-03-14,0.196,0.1974
2005-03-15,0.1984,0.1934
2005-03-16,0.1927,0.1902
2005-03-17,0.1908,0.1883
2005-03-18,0.1884,0.1844
2005-03-21,0.1844,0.1908
2005-03-22,0.1909,0.1873
2005-03-23,0.1871,0.1914
2005-03-24,0.1919,0.1918
2005-03-28,0.1918,0.1896
2005-03-29,0.1894,0.1854
2005-03-30,0.1855,0.1854
2005-03-31,0.1844,0.1813
2005-04-01,0.1835,0.1796
2005-04-04,0.1786,0.1785
2005-04-05,0.1786,0.1754
2005-04-06,0.1786,0.178
2005-04-07,0.1789,0.1813
2005-04-08,0.1821,0.1789
2005-04-11,0.1802,0.1754
2005-04-12,0.1749,0.1776
2005-04-13,0.1778,0.1702
2005-04-14,0.1706,0.1688
2005-04-15,0.1667,0.1629
2005-04-18,0.1619,0.1618
2005-04-19,0.1644,0.1674
2005-04-20,0.1702,0.1623
2005-04-21,0.1656,0.1713
2005-04-22,0.1702,0.1697
2005-04-25,0.1712,0.1724
2005-04-26,0.1725,0.1716
2005-04-27,0.1671,0.1651
2005-04-28,0.1645,0.1656
2005-04-29,0.1672,0.1673
2005-05-02,0.1693,0.1667
2005-05-03,0.1669,0.1658
2005-05-04,0.1666,0.1711
2005-05-05,0.1721,0.1744
2005-05-06,0.1765,0.1768
2005-05-09,0.1776,0.1801
2005-05-10,0.1778,0.1731
2005-05-11,0.174,0.1702
2005-05-12,0.1702,0.1739
2005-05-13,0.1896,0.1933
2005-05-16,0.191,0.194
2005-05-17,0.1928,0.1961
2005-05-18,0.1957,0.1976
2005-05-19,0.198,0.1972
2005-05-20,0.197,0.2007
2005-05-23,0.2021,0.2053
2005-05-24,0.2044,0.2082
2005-05-25,0.2078,0.2056
2005-05-26,0.2074,0.2114
2005-05-27,0.212,0.21
2005-05-31,0.2091,0.2068
2005-06-01,0.2054,0.2087
2005-06-02,0.2079,0.2165
2005-06-03,0.2157,0.216
2005-06-06,0.2121,0.2139
2005-06-07,0.2124,0.2087
2005-06-08,0.2092,0.2073
2005-06-09,0.2057,0.216
2005-06-10,0.2157,0.2135
2005-06-13,0.2137,0.2182
2005-06-14,0.2183,0.2053
2005-06-15,0.2041,0.2047
2005-06-16,0.2047,0.2058
2005-06-17,0.2083,0.2053
2005-06-20,0.2053,0.2085
2005-06-21,0.2099,0.2105
2005-06-22,0.2127,0.2102
2005-06-23,0.2099,0.2135
2005-06-24,0.2131,0.2067
2005-06-27,0.2054,0.205
2005-06-28,0.2059,0.2063
2005-06-29,0.2064,0.2044
2005-06-30,0.2058,0.2039
2005-07-01,0.2032,0.2048
2005-07-05,0.2056,0.208
2005-07-06,0.2087,0.2136
2005-07-07,0.2102,0.2121
2005-07-08,0.2134,0.2147
2005-07-11,0.2166,0.2179
2005-07-12,0.2178,0.2167
2005-07-13,0.2176,0.217
2005-07-14,0.2193,0.2074
2005-07-15,0.2068,0.2052
2005-07-18,0.2046,0.2001
2005-07-19,0.2013,0.2028
2005-07-20,0.2005,0.2059
2005-07-21,0.2032,0.2024
2005-07-22,0.2034,0.1971
2005-07-25,0.1948,0.1983
2005-07-26,0.1974,0.2024
2005-07-27,0.2027,0.2065
2005-07-28,0.2061,0.2081
2005-07-29,0.2073,0.2065
2005-08-01,0.2077,0.2096
2005-08-02,0.2099,0.2124
2005-08-03,0.2124,0.2124
2005-08-04,0.2108,0.2102
2005-08-05,0.2099,0.2156
2005-08-08,0.217,0.2163
2005-08-09,0.2166,0.2158
2005-08-10,0.2167,0.2126
2005-08-11,0.2126,0.2156
2005-08-12,0.2282,0.2285
2005-08-15,0.2293,0.2343
2005-08-16,0.2321,0.2304
2005-08-17,0.2294,0.2304
2005-08-18,0.2286,0.2244
2005-08-19,0.2248,0.2228
2005-08-22,0.2224,0.221
2005-08-23,0.2208,0.2224
2005-08-24,0.221,0.2226
2005-08-25,0.2236,0.2241
2005-08-26,0.2244,0.2207
2005-08-29,0.2186,0.2211
2005-08-30,0.2207,0.229
2005-08-31,0.2285,0.2341
2005-09-01,0.2334,0.2342
2005-09-02,0.2347,0.2304
2005-09-06,0.2312,0.2323
2005-09-07,0.232,0.2397
2005-09-08,0.2382,0.2425
2005-09-09,0.2451,0.2456
2005-09-12,0.2459,0.2448
2005-09-13,0.2437,0.2522
2005-09-14,0.2503,0.2492
2005-09-15,0.253,0.2536
2005-09-16,0.2557,0.2537
2005-09-19,0.2534,0.2501
2005-09-20,0.2521,0.255
2005-09-21,0.254,0.2528
2005-09-22,0.2534,0.246
2005-09-23,0.2455,0.2496
2005-09-26,0.2515,0.2517
2005-09-27,0.2527,0.2525
2005-09-28,0.2533,0.254
2005-09-29,0.2541,0.2593
2005-09-30,0.2595,0.2616
2005-10-03,0.2646,0.2688
2005-10-04,0.2699,0.2653
2005-10-05,0.2656,0.2565
2005-10-06,0.2562,0.2556
2005-10-07,0.256,0.2523
2005-10-10,0.2536,0.2459
2005-10-11,0.2468,0.2428
2005-10-12,0.2421,0.2457
2005-10-13,0.2452,0.2444
2005-10-14,0.2462,0.2444
2005-10-17,0.2446,0.2468
2005-10-18,0.2477,0.2427
2005-10-19,0.2396,0.2407
2005-10-20,0.2411,0.2424
2005-10-21,0.2465,0.2437
2005-10-24,0.2459,0.2504
2005-10-25,0.2487,0.252
2005-10-26,0.2521,0.2451
2005-10-27,0.2456,0.24
2005-10-28,0.2406,0.2474
2005-10-31,0.2484,0.256
2005-11-01,0.256,0.2529
2005-11-02,0.253,0.2675
2005-11-03,0.2694,0.2644
2005-11-04,0.2646,0.2599
2005-11-07,0.2613,0.2588
2005-11-08,0.2598,0.254
2005-11-09,0.2545,0.2654
2005-11-10,0.2746,0.2556
2005-11-11,0.2578,0.2598
2005-11-14,0.2598,0.2653
2005-11-15,0.2669,0.2659
2005-11-16,0.2662,0.2649
2005-11-17,0.2672,0.2767
2005-11-18,0.2776,0.2762
2005-11-21,0.2765,0.281
2005-11-22,0.2825,0.2885
2005-11-23,0.2888,0.2877
2005-11-25,0.2891,0.2905
2005-11-28,0.2913,0.2891
2005-11-29,0.272,0.2707
2005-11-30,0.2688,0.2759
2005-12-01,0.2781,0.2791
2005-12-02,0.2804,0.2792
2005-12-05,0.2798,0.274
2005-12-06,0.2745,0.2752
2005-12-07,0.2762,0.2756
2005-12-08,0.2742,0.2734
2005-12-09,0.2743,0.2773
2005-12-12,0.2781,0.2814
2005-12-13,0.2819,0.285
2005-12-14,0.2829,0.2823
2005-12-15,0.2821,0.2788
2005-12-16,0.2798,0.2812
2005-12-19,0.2818,0.2765
2005-12-20,0.2762,0.2764
2005-12-21,0.2777,0.2759
2005-12-22,0.2756,0.2843
2005-12-23,0.285,0.2865
2005-12-27,0.2862,0.2882
2005-12-28,0.2882,0.2909
2005-12-29,0.2907,0.2844
2005-12-30,0.2828,0.279
2006-01-03,0.2806,0.2917
2006-01-04,0.2939,0.2998
2006-01-05,0.2999,0.3066
2006-01-06,0.3101,0.3116
2006-01-09,0.3115,0.3203
2006-01-10,0.3188,0.3204
2006-01-11,0.3207,0.332
2006-01-12,0.3319,0.3273
2006-01-13,0.3265,0.3244
2006-01-17,0.32,0.3242
2006-01-18,0.3143,0.3258
2006-01-19,0.3302,0.3439
2006-01-20,0.3445,0.3343
2006-01-23,0.3369,0.3362
2006-01-24,0.337,0.3379
2006-01-25,0.3396,0.3349
2006-01-26,0.3398,0.3464
2006-01-27,0.3509,0.3529
2006-01-30,0.3545,0.349
2006-01-31,0.3472,0.3431
2006-02-01,0.3369,0.3433
2006-02-02,0.3464,0.3329
2006-02-03,0.3307,0.3359
2006-02-06,0.335,0.3454
2006-02-07,0.3461,0.3331
2006-02-08,0.3341,0.3427
2006-02-09,0.3438,0.3369
2006-02-10,0.3381,0.335
2006-02-13,0.3339,0.3361
2006-02-14,0.3361,0.3368
2006-02-15,0.3361,0.3432
2006-02-16,0.3497,0.3602
2006-02-17,0.3867,0.3622
2006-02-21,0.3615,0.3545
2006-02-22,0.3495,0.3539
2006-02-23,0.3529,0.3485
2006-02-24,0.35,0.3484
2006-02-27,0.3511,0.3625
2006-02-28,0.3609,0.3596
2006-03-01,0.3609,0.3733
2006-03-02,0.3729,0.3738
2006-03-03,0.3704,0.3751
2006-03-06,0.3825,0.3744
2006-03-07,0.3745,0.368
2006-03-08,0.368,0.3661
2006-03-09,0.3706,0.368
2006-03-10,0.3677,0.3616
2006-03-13,0.3653,0.366
2006-03-14,0.3663,0.3761
2006-03-15,0.3769,0.3822
2006-03-16,0.3828,0.3692
2006-03-17,0.3674,0.3722
2006-03-20,0.3754,0.3693
2006-03-21,0.3876,0.3876
2006-03-22,0.3777,0.3764
2006-03-23,0.3777,0.3835
2006-03-24,0.3844,0.3964
2006-03-27,0.3967,0.4071
2006-03-28,0.4053,0.4134
2006-03-29,0.4151,0.4356
2006-03-30,0.436,0.4386
2006-03-31,0.4382,0.437
2006-04-03,0.4392,0.4418
2006-04-04,0.4424,0.4625
2006-04-05,0.4617,0.4663
2006-04-06,0.465,0.4672
2006-04-07,0.4652,0.4659
2006-04-10,0.4649,0.4579
2006-04-11,0.4594,0.4467
2006-04-12,0.4496,0.4647
2006-04-13,0.4548,0.4518
2006-04-17,0.451,0.453
2006-04-18,0.4449,0.4423
2006-04-19,0.4395,0.445
2006-04-20,0.4411,0.4444
2006-04-21,0.4458,0.4284
2006-04-24,0.4312,0.4415
2006-04-25,0.4365,0.4412
2006-04-26,0.4429,0.4382
2006-04-27,0.4365,0.4452
2006-04-28,0.4455,0.446
2006-05-01,0.449,0.4716
2006-05-02,0.4751,0.471
2006-05-03,0.4656,0.474
2006-05-04,0.4647,0.471
2006-05-05,0.4734,0.4774
2006-05-08,0.4762,0.4753
2006-05-09,0.4746,0.4608
2006-05-10,0.4553,0.4505
2006-05-11,0.4551,0.4345
2006-05-12,0.4241,0.4018
2006-05-15,0.4011,0.4076
2006-05-16,0.4099,0.397
2006-05-17,0.3956,0.3809
2006-05-18,0.384,0.3637
2006-05-19,0.367,0.3713
2006-05-22,0.3693,0.3663
2006-05-23,0.3739,0.3623
2006-05-24,0.3655,0.367
2006-05-25,0.3739,0.3651
2006-05-26,0.3664,0.3658
2006-05-30,0.3664,0.3506
2006-05-31,0.3553,0.3507
2006-06-01,0.3547,0.369
2006-06-02,0.375,0.3637
2006-06-05,0.3617,0.3484
2006-06-06,0.3529,0.3391
2006-06-07,0.3428,0.333
2006-06-08,0.3292,0.3269
2006-06-09,0.3312,0.3258
2006-06-12,0.3202,0.3078
2006-06-13,0.3077,0.3031
2006-06-14,0.3049,0.312
2006-06-15,0.3234,0.3393
2006-06-16,0.337,0.3306
2006-06-19,0.3342,0.3207
2006-06-20,0.3118,0.3156
2006-06-21,0.3142,0.3191
2006-06-22,0.3226,0.3098
2006-06-23,0.3092,0.31
2006-06-26,0.3095,0.3071
2006-06-27,0.3089,0.2973
2006-06-28,0.2996,0.3138
2006-06-29,0.3052,0.328
2006-06-30,0.3312,0.3249
2006-07-03,0.3324,0.3297
2006-07-05,0.3245,0.3149
2006-07-06,0.3149,0.3051
2006-07-07,0.3072,0.2956
2006-07-10,0.2964,0.2828
2006-07-11,0.2819,0.2923
2006-07-12,0.2912,0.2782
2006-07-13,0.274,0.2711
2006-07-14,0.2761,0.2697
2006-07-17,0.2685,0.2718
2006-07-18,0.2811,0.2866
2006-07-19,0.2854,0.2991
2006-07-20,0.3045,0.2932
2006-07-21,0.2833,0.2712
2006-07-24,0.2813,0.2985
2006-07-25,0.3022,0.3091
2006-07-26,0.3091,0.3091
2006-07-27,0.313,0.3135
2006-07-28,0.3216,0.346
2006-07-31,0.3423,0.3379
2006-08-01,0.3338,0.3243
2006-08-02,0.3315,0.3492
2006-08-03,0.348,0.3712
2006-08-04,0.3809,0.3661
2006-08-07,0.3597,0.3619
2006-08-08,0.3648,0.3715
2006-08-09,0.3788,0.3713
2006-08-10,0.3672,0.3687
2006-08-11,0.3419,0.3571
2006-08-14,0.3616,0.3553
2006-08-15,0.3645,0.3895
2006-08-16,0.3916,0.4174
2006-08-17,0.4122,0.4109
2006-08-18,0.4113,0.4176
2006-08-21,0.4113,0.4022
2006-08-22,0.4009,0.4015
2006-08-23,0.4046,0.4012
2006-08-24,0.4023,0.4054
2006-08-25,0.4023,0.4041
2006-08-28,0.4109,0.418
2006-08-29,0.422,0.437
2006-08-30,0.4394,0.446
2006-08-31,0.4449,0.4443
2006-09-01,0.4377,0.4257
2006-09-05,0.427,0.435
2006-09-06,0.4273,0.4131
2006-09-07,0.4064,0.4214
2006-09-08,0.4281,0.4228
2006-09-11,0.4133,0.4293
2006-09-12,0.4273,0.4406
2006-09-13,0.4417,0.4441
2006-09-14,0.442,0.4424
2006-09-15,0.444,0.4511
2006-09-18,0.4524,0.4682
2006-09-19,0.4652,0.456
2006-09-20,0.462,0.4727
2006-09-21,0.4722,0.4688
2006-09-22,0.4675,0.455
2006-09-25,0.4618,0.4713
2006-09-26,0.4708,0.4614
2006-09-27,0.46,0.46
2006-09-28,0.442,0.4513
2006-09-29,0.4543,0.4516
2006-10-02,0.4495,0.4402
2006-10-03,0.4319,0.4319
2006-10-04,0.4325,0.4743
2006-10-05,0.4725,0.4609
2006-10-06,0.4617,0.4721
2006-10-09,0.471,0.5024
2006-10-10,0.4998,0.491
2006-10-11,0.4884,0.4937
2006-10-12,0.4965,0.4957
2006-10-13,0.494,0.5154
2006-10-16,0.5171,0.5145
2006-10-17,0.5061,0.4948
2006-10-18,0.5021,0.4817
2006-10-19,0.4798,0.4908
2006-10-20,0.4946,0.4852
2006-10-23,0.4841,0.482
2006-10-24,0.4829,0.496
2006-10-25,0.5007,0.5006
2006-10-26,0.5018,0.5165
2006-10-27,0.5165,0.4942
2006-10-30,0.4975,0.5001
2006-10-31,0.5111,0.5322
2006-11-01,0.5252,0.4911
2006-11-02,0.4934,0.4878
2006-11-03,0.4933,0.4975
2006-11-06,0.4989,0.5126
2006-11-07,0.5165,0.5204
2006-11-08,0.5168,0.5281
2006-11-09,0.5389,0.5386
2006-11-10,0.534,0.5256
2006-11-13,0.5267,0.5494
2006-11-14,0.5474,0.5549
2006-11-15,0.5532,0.5458
2006-11-16,0.5481,0.5528
2006-11-17,0.549,0.5543
2006-11-20,0.5474,0.5595
2006-11-21,0.5612,0.5508
2006-11-22,0.5528,0.5603
2006-11-24,0.5575,0.5644
2006-11-27,0.561,0.5389
2006-11-28,0.5371,0.549
2006-11-29,0.554,0.5571
2006-11-30,0.5571,0.5645
2006-12-01,0.5583,0.5424
2006-12-04,0.5494,0.5644
2006-12-05,0.5584,0.5586
2006-12-06,0.5604,0.5578
2006-12-07,0.5578,0.5444
2006-12-08,0.5404,0.5426
2006-12-11,0.5427,0.5519
2006-12-12,0.5478,0.5462
2006-12-13,0.5507,0.5526
2006-12-14,0.5571,0.5624
2006-12-15,0.5661,0.5723
2006-12-18,0.5729,0.5822
2006-12-19,0.5748,0.5906
2006-12-20,0.5876,0.5839
2006-12-21,0.5871,0.5789
2006-12-22,0.578,0.5652
2006-12-26,0.5682,0.565
2006-12-27,0.5674,0.5725
2006-12-28,0.5731,0.5684
2006-12-29,0.5684,0.5648
2007-01-03,0.5658,0.5507
2007-01-04,0.5487,0.5481
2007-01-05,0.5351,0.5137
2007-01-08,0.5155,0.5175
2007-01-09,0.5183,0.5075
2007-01-10,0.5021,0.5325
2007-01-11,0.5325,0.5305
2007-01-12,0.5226,0.5377
2007-01-16,0.5418,0.5386
2007-01-17,0.5311,0.5273
2007-01-18,0.5227,0.4837
2007-01-19,0.4785,0.4866
2007-01-22,0.4911,0.4866
2007-01-23,0.4843,0.4867
2007-01-24,0.493,0.5018
2007-01-25,0.5064,0.4843
2007-01-26,0.4884,0.4803
2007-01-29,0.4782,0.4606
2007-01-30,0.4637,0.4695
2007-01-31,0.4672,0.4678
2007-02-01,0.4634,0.4737
2007-02-02,0.4763,0.4861
2007-02-05,0.4884,0.494
2007-02-06,0.5052,0.5116
2007-02-07,0.5157,0.5316
2007-02-08,0.5235,0.5247
2007-02-09,0.5273,0.4983
2007-02-12,0.502,0.5093
2007-02-13,0.5175,0.5189
2007-02-14,0.5235,0.512
2007-02-15,0.5117,0.5151
2007-02-16,0.513,0.4994
2007-02-20,0.5001,0.5038
2007-02-21,0.4997,0.4963
2007-02-22,0.5041,0.4995
2007-02-23,0.5043,0.4983
2007-02-26,0.4997,0.4907
2007-02-27,0.4853,0.4759
2007-02-28,0.4745,0.4731
2007-03-01,0.4629,0.4673
2007-03-02,0.4632,0.4543
2007-03-05,0.4464,0.4389
2007-03-06,0.4485,0.4649
2007-03-07,0.4626,0.4518
2007-03-08,0.4612,0.4704
2007-03-09,0.4769,0.4656
2007-03-12,0.4603,0.4629
2007-03-13,0.4582,0.4434
2007-03-14,0.4446,0.4412
2007-03-15,0.4402,0.4368
2007-03-16,0.4371,0.4327
2007-03-19,0.435,0.4348
2007-03-20,0.4334,0.4327
2007-03-21,0.4502,0.4574
2007-03-22,0.4579,0.4675
2007-03-23,0.464,0.4623
2007-03-26,0.4626,0.4632
2007-03-27,0.4621,0.4545
2007-03-28,0.4507,0.4458
2007-03-29,0.4525,0.438
2007-03-30,0.444,0.4392
2007-04-02,0.4382,0.4388
2007-04-03,0.4388,0.4371
2007-04-04,0.4365,0.4362
2007-04-05,0.438,0.4716
2007-04-09,0.4716,0.463
2007-04-10,0.4624,0.4583
2007-04-11,0.4592,0.4501
2007-04-12,0.4476,0.4629
2007-04-13,0.4614,0.4667
2007-04-16,0.4655,0.4643
2007-04-17,0.476,0.4687
2007-04-18,0.4679,0.4745
2007-04-19,0.4707,0.4811
2007-04-20,0.4881,0.4867
2007-04-23,0.4844,0.4788
2007-04-24,0.4869,0.4968
2007-04-25,0.496,0.5053
2007-04-26,0.5053,0.5116
2007-04-27,0.5099,0.5047
2007-04-30,0.5116,0.502
2007-05-01,0.5111,0.5073
2007-05-02,0.5099,0.5014
2007-05-03,0.5061,0.5108
2007-05-04,0.5136,0.5145
2007-05-07,0.522,0.5043
2007-05-08,0.5012,0.5081
2007-05-09,0.5044,0.5104
2007-05-10,0.5125,0.5009
2007-05-11,0.5279,0.5363
2007-05-14,0.5342,0.531
2007-05-15,0.5325,0.5262
2007-05-16,0.5267,0.5329
2007-05-17,0.5314,0.5241
2007-05-18,0.5281,0.5345
2007-05-21,0.5329,0.5362
2007-05-22,0.5366,0.5391
2007-05-23,0.5394,0.5247
2007-05-24,0.5271,0.5058
2007-05-25,0.5094,0.5137
2007-05-29,0.5116,0.5192
2007-05-30,0.5131,0.5204
2007-05-31,0.5242,0.5287
2007-06-01,0.5346,0.5323
2007-06-04,0.5275,0.5352
2007-06-05,0.5368,0.5511
2007-06-06,0.5473,0.5552
2007-06-07,0.5526,0.5493
2007-06-08,0.5447,0.5578
2007-06-11,0.5578,0.5598
2007-06-12,0.5569,0.554
2007-06-13,0.5601,0.5673
2007-06-14,0.5647,0.5774
2007-06-15,0.5839,0.6036
2007-06-18,0.6097,0.6039
2007-06-19,0.6001,0.6077
2007-06-20,0.6105,0.6083
2007-06-21,0.6201,0.656
2007-06-22,0.6563,0.6657
2007-06-25,0.6471,0.6482
2007-06-26,0.6465,0.6181
2007-06-27,0.6181,0.6347
2007-06-28,0.6366,0.6408
2007-06-29,0.6451,0.6305
2007-07-02,0.6395,0.6567
2007-07-03,0.6563,0.6578
2007-07-05,0.6579,0.6648
2007-07-06,0.6639,0.668
2007-07-09,0.6705,0.6874
2007-07-10,0.6839,0.6941
2007-07-11,0.694,0.6911
2007-07-12,0.6959,0.7043
2007-07-13,0.7024,0.7001
2007-07-16,0.7007,0.7127
2007-07-17,0.7156,0.7097
2007-07-18,0.6995,0.6967
2007-07-19,0.7066,0.6959
2007-07-20,0.7005,0.6883
2007-07-23,0.6859,0.6952
2007-07-24,0.6924,0.6769
2007-07-25,0.677,0.6737
2007-07-26,0.6665,0.677
2007-07-27,0.6753,0.6753
2007-07-30,0.6778,0.6943
2007-07-31,0.7217,0.6984
2007-08-01,0.6883,0.6932
2007-08-02,0.7011,0.6901
2007-08-03,0.6879,0.6492
2007-08-06,0.6547,0.6547
2007-08-07,0.6547,0.6651
2007-08-08,0.6772,0.6958
2007-08-09,0.7005,0.704
2007-08-10,0.6463,0.6714
2007-08-13,0.6767,0.664
2007-08-14,0.6686,0.6898
2007-08-15,0.6862,0.6607
2007-08-16,0.6541,0.6497
2007-08-17,0.6677,0.688
2007-08-20,0.6885,0.6853
2007-08-21,0.6894,0.7223
2007-08-22,0.7407,0.7388
2007-08-23,0.7423,0.7326
2007-08-24,0.7304,0.7364
2007-08-27,0.7364,0.753
2007-08-28,0.7555,0.7071
2007-08-29,0.7219,0.7472
2007-08-30,0.7401,0.743
2007-08-31,0.7585,0.7808
2007-09-04,0.7843,0.8049
2007-09-05,0.8014,0.7988
2007-09-06,0.8087,0.8023
2007-09-07,0.78,0.773
2007-09-10,0.7898,0.7752
2007-09-11,0.7845,0.7916
2007-09-12,0.8001,0.7605
2007-09-13,0.7749,0.7607
2007-09-14,0.7532,0.7383
2007-09-17,0.7394,0.7367
2007-09-18,0.7445,0.8013
2007-09-19,0.8086,0.7866
2007-09-20,0.7871,0.782
2007-09-21,0.7898,0.7896
2007-09-24,0.7944,0.8097
2007-09-25,0.8049,0.82
2007-09-26,0.8241,0.8395
2007-09-27,0.8475,0.842
2007-09-28,0.847,0.8296
2007-10-01,0.8367,0.8647
2007-10-02,0.8626,0.8564
2007-10-03,0.8413,0.82
2007-10-04,0.8191,0.8237
2007-10-05,0.8367,0.8454
2007-10-08,0.8514,0.8592
2007-10-09,0.8592,0.8441
2007-10-10,0.8498,0.845
2007-10-11,0.8372,0.8074
2007-10-12,0.8164,0.8271
2007-10-15,0.8299,0.8331
2007-10-16,0.8322,0.8406
2007-10-17,0.8734,0.9052
2007-10-18,0.9022,0.9045
2007-10-19,0.9024,0.856
2007-10-22,0.8505,0.8965
2007-10-23,0.9082,0.9008
2007-10-24,0.8814,0.8704
2007-10-25,0.8436,0.7944
2007-10-26,0.8196,0.7875
2007-10-29,0.7605,0.769
2007-10-30,0.7752,0.7971
2007-10-31,0.8019,0.81
2007-11-01,0.7974,0.81
2007-11-02,0.8212,0.8411
2007-11-05,0.834,0.8411
2007-11-06,0.8491,0.8676
2007-11-07,0.8672,0.8264
2007-11-08,0.8184,0.7747
2007-11-09,0.791,0.7637
2007-11-12,0.7635,0.6875
2007-11-13,0.6987,0.7481
2007-11-14,0.7671,0.7365
2007-11-15,0.7317,0.7266
2007-11-16,0.7326,0.7429
2007-11-19,0.7323,0.6927
2007-11-20,0.7058,0.6875
2007-11-21,0.6731,0.6801
2007-11-23,0.685,0.6918
2007-11-26,0.6914,0.6758
2007-11-27,0.6854,0.7049
2007-11-28,0.7271,0.752
2007-11-29,0.7509,0.7582
2007-11-30,0.7829,0.722
2007-12-03,0.7326,0.7326
2007-12-04,0.7358,0.7319
2007-12-05,0.7598,0.7699
2007-12-06,0.7681,0.7855
2007-12-07,0.7887,0.7756
2007-12-10,0.7781,0.7841
2007-12-11,0.8008,0.785
2007-12-12,0.8182,0.812
2007-12-13,0.8022,0.7898
2007-12-14,0.7861,0.8029
2007-12-17,0.7944,0.7619
2007-12-18,0.7736,0.7813
2007-12-19,0.7786,0.7887
2007-12-20,0.8013,0.8051
2007-12-21,0.8148,0.8049
2007-12-24,0.8109,0.8191
2007-12-26,0.8207,0.8301
2007-12-27,0.8287,0.8045
2007-12-28,0.8031,0.7964
2007-12-31,0.79,0.7788
2008-01-02,0.7811,0.7557
2008-01-03,0.76,0.7497
2008-01-04,0.7273,0.6868
2008-01-07,0.6914,0.6158
2008-01-08,0.6193,0.6289
2008-01-09,0.6373,0.6614
2008-01-10,0.6433,0.6476
2008-01-11,0.6323,0.6193
2008-01-14,0.6284,0.6605
2008-01-15,0.6353,0.6119
2008-01-16,0.5735,0.5428
2008-01-17,0.5513,0.5334
2008-01-18,0.535,0.5687
2008-01-22,0.5144,0.5403
2008-01-23,0.5183,0.5501
2008-01-24,0.5609,0.5922
2008-01-25,0.6149,0.5712
2008-01-28,0.5691,0.5643
2008-01-29,0.5744,0.5817
2008-01-30,0.5723,0.5767
2008-01-31,0.5641,0.5629
2008-02-01,0.5618,0.6149
2008-02-04,0.6282,0.5957
2008-02-05,0.5838,0.5584
2008-02-06,0.5643,0.5565
2008-02-07,0.5405,0.562
2008-02-08,0.5568,0.5721
2008-02-11,0.5769,0.5739
2008-02-12,0.5826,0.5952
2008-02-13,0.5998,0.6186
2008-02-14,0.6005,0.5176
2008-02-15,0.5155,0.5098
2008-02-19,0.5192,0.5023
2008-02-20,0.4876,0.4986
2008-02-21,0.5036,0.4874
2008-02-22,0.4913,0.511
2008-02-25,0.5105,0.5107
2008-02-26,0.5078,0.5151
2008-02-27,0.5126,0.5231
2008-02-28,0.5185,0.5034
2008-02-29,0.4952,0.4897
2008-03-03,0.489,0.484
2008-03-04,0.4808,0.4791
2008-03-05,0.4837,0.4846
2008-03-06,0.4787,0.4542
2008-03-07,0.446,0.4476
2008-03-10,0.4421,0.4219
2008-03-11,0.435,0.4359
2008-03-12,0.44,0.424
2008-03-13,0.4173,0.451
2008-03-14,0.4533,0.4194
2008-03-17,0.4011,0.4089
2008-03-18,0.4185,0.4343
2008-03-19,0.4242,0.4043
2008-03-20,0.4091,0.424
2008-03-24,0.4334,0.4585
2008-03-25,0.4606,0.4652
2008-03-26,0.459,0.4503
2008-03-27,0.4434,0.4439
2008-03-28,0.4519,0.4505
2008-03-31,0.4553,0.4531
2008-04-01,0.4666,0.4808
2008-04-02,0.4821,0.4661
2008-04-03,0.4622,0.4574
2008-04-04,0.4482,0.4299
2008-04-07,0.4405,0.4402
2008-04-08,0.435,0.4377
2008-04-09,0.4427,0.4464
2008-04-10,0.4512,0.4551
2008-04-11,0.4464,0.4242
2008-04-14,0.4226,0.41
2008-04-15,0.4121,0.4148
2008-04-16,0.4306,0.4313
2008-04-17,0.4114,0.4254
2008-04-18,0.4384,0.4354
2008-04-21,0.432,0.4549
2008-04-22,0.4466,0.4464
2008-04-23,0.4526,0.4679
2008-04-24,0.4707,0.4567
2008-04-25,0.4611,0.4613
2008-04-28,0.4592,0.4531
2008-04-29,0.448,0.4624
2008-04-30,0.4679,0.4704
2008-05-01,0.4762,0.4922
2008-05-02,0.5057,0.5155
2008-05-05,0.5121,0.5027
2008-05-06,0.5014,0.5158
2008-05-07,0.5172,0.5039
2008-05-08,0.5078,0.5025
2008-05-09,0.5039,0.5158
2008-05-12,0.5224,0.5011
2008-05-13,0.5036,0.4908
2008-05-14,0.497,0.5052
2008-05-15,0.5041,0.5444
2008-05-16,0.5536,0.5588
2008-05-19,0.559,0.5471
2008-05-20,0.5323,0.5329
2008-05-21,0.5343,0.5286
2008-05-22,0.5362,0.5414
2008-05-23,0.5405,0.5291
2008-05-27,0.53,0.5348
2008-05-28,0.5494,0.5398
2008-05-29,0.54,0.5384
2008-05-30,0.5538,0.5655
2008-06-02,0.5655,0.5677
2008-06-03,0.5696,0.5485
2008-06-04,0.5364,0.5549
2008-06-05,0.5742,0.5689
2008-06-06,0.562,0.5508
2008-06-09,0.5476,0.5423
2008-06-10,0.5277,0.5103
2008-06-11,0.5103,0.4865
2008-06-12,0.4975,0.4895
2008-06-13,0.4901,0.4878
2008-06-16,0.4826,0.4812
2008-06-17,0.4881,0.4695
2008-06-18,0.4647,0.4558
2008-06-19,0.4583,0.4547
2008-06-20,0.4446,0.4524
2008-06-23,0.4558,0.443
2008-06-24,0.4405,0.4576
2008-06-25,0.4647,0.4601
2008-06-26,0.4464,0.4366
2008-06-27,0.4384,0.4414
2008-06-30,0.4363,0.4286
2008-07-01,0.4235,0.4292
2008-07-02,0.4272,0.4128
2008-07-03,0.2972,0.2859
2008-07-07,0.2903,0.277
2008-07-08,0.2788,0.2754
2008-07-09,0.2761,0.2706
2008-07-10,0.272,0.2699
2008-07-11,0.2644,0.2672
2008-07-14,0.2692,0.255
2008-07-15,0.2527,0.2578
2008-07-16,0.2587,0.2591
2008-07-17,0.2633,0.2601
2008-07-18,0.2582,0.2646
2008-07-21,0.2688,0.2662
2008-07-22,0.2637,0.2605
2008-07-23,0.2624,0.2683
2008-07-24,0.2656,0.2525
2008-07-25,0.255,0.2646
2008-07-28,0.2612,0.264
2008-07-29,0.2644,0.2667
2008-07-30,0.272,0.2628
2008-07-31,0.2621,0.2619
2008-08-01,0.255,0.2482
2008-08-04,0.2482,0.2422
2008-08-05,0.2468,0.2562
2008-08-06,0.2569,0.263
2008-08-07,0.2608,0.2589
2008-08-08,0.261,0.2518
2008-08-11,0.2537,0.2571
2008-08-12,0.2591,0.2534
2008-08-13,0.2736,0.2807
2008-08-14,0.2786,0.2976
2008-08-15,0.3029,0.2967
2008-08-18,0.2988,0.3026
2008-08-19,0.2965,0.3072
2008-08-20,0.3118,0.3223
2008-08-21,0.3166,0.3118
2008-08-22,0.3141,0.3116
2008-08-25,0.3097,0.307
2008-08-26,0.3086,0.2997
2008-08-27,0.2928,0.302
2008-08-28,0.3024,0.3008
2008-08-29,0.2967,0.2894
2008-09-02,0.2942,0.282
2008-09-03,0.2781,0.2669
2008-09-04,0.264,0.2633
2008-09-05,0.261,0.2672
2008-09-08,0.2697,0.2562
2008-09-09,0.2553,0.2475
2008-09-10,0.2504,0.2477
2008-09-11,0.2335,0.2358
2008-09-12,0.2337,0.2333
2008-09-15,0.225,0.2129
2008-09-16,0.2053,0.2195
2008-09-17,0.2145,0.2289
2008-09-18,0.2317,0.2493
2008-09-19,0.2612,0.2612
2008-09-22,0.2591,0.2557
2008-09-23,0.2537,0.2484
2008-09-24,0.2452,0.2575
2008-09-25,0.2575,0.2626
2008-09-26,0.2562,0.2676
2008-09-29,0.2605,0.2312
2008-09-30,0.2349,0.2452
2008-10-01,0.2415,0.2383
2008-10-02,0.2399,0.2136
2008-10-03,0.217,0.2067
2008-10-06,0.1969,0.1797
2008-10-07,0.1861,0.1657
2008-10-08,0.1598,0.1692
2008-10-09,0.1754,0.1584
2008-10-10,0.1447,0.1559
2008-10-13,0.1692,0.1843
2008-10-14,0.1912,0.1802
2008-10-15,0.179,0.1607
2008-10-16,0.1655,0.1763
2008-10-17,0.1712,0.1751
2008-10-20,0.1811,0.1786
2008-10-21,0.1751,0.1648
2008-10-22,0.1625,0.1586
2008-10-23,0.1582,0.1497
2008-10-24,0.1374,0.1513
2008-10-27,0.1504,0.1596
2008-10-28,0.168,0.1836
2008-10-29,0.1825,0.1896
2008-10-30,0.2003,0.1976
2008-10-31,0.1914,0.2005
2008-11-03,0.2049,0.1932
2008-11-04,0.1999,0.2056
2008-11-05,0.198,0.1948
2008-11-06,0.1834,0.1744
2008-11-07,0.1987,0.1996
2008-11-10,0.2072,0.1868
2008-11-11,0.1841,0.1786
2008-11-12,0.1731,0.168
2008-11-13,0.1603,0.1818
2008-11-14,0.1744,0.1641
2008-11-17,0.1625,0.1607
2008-11-18,0.1639,0.1554
2008-11-19,0.1541,0.1426
2008-11-20,0.1415,0.1351
2008-11-21,0.1394,0.1461
2008-11-24,0.155,0.1557
2008-11-25,0.1625,0.16
2008-11-26,0.1573,0.1742
2008-11-28,0.1715,0.171
2008-12-01,0.1641,0.1564
2008-12-02,0.1593,0.1651
2008-12-03,0.1586,0.1735
2008-12-04,0.1701,0.1621
2008-12-05,0.157,0.1685
2008-12-08,0.1717,0.163
2008-12-09,0.1609,0.1788
2008-12-10,0.1822,0.1957
2008-12-11,0.1946,0.1875
2008-12-12,0.182,0.1969
2008-12-15,0.198,0.1905
2008-12-16,0.1923,0.2033
2008-12-17,0.1996,0.2134
2008-12-18,0.212,0.1937
2008-12-19,0.1962,0.195
2008-12-22,0.198,0.1836
2008-12-23,0.1847,0.1811
2008-12-24,0.1774,0.1767
2008-12-26,0.1767,0.1719
2008-12-29,0.1742,0.1774
2008-12-30,0.1797,0.1836
2008-12-31,0.1813,0.1847
2009-01-02,0.1847,0.1994
2009-01-05,0.1971,0.2031
2009-01-06,0.209,0.2099
2009-01-07,0.2051,0.1973
2009-01-08,0.1948,0.1923
2009-01-09,0.1923,0.1815
2009-01-12,0.1815,0.1742
2009-01-13,0.1683,0.1751
2009-01-14,0.1689,0.1673
2009-01-15,0.1683,0.1733
2009-01-16,0.1781,0.1829
2009-01-20,0.1825,0.1651
2009-01-21,0.1683,0.1731
2009-01-22,0.1676,0.1699
2009-01-23,0.1651,0.1765
2009-01-26,0.1774,0.1825
2009-01-27,0.1854,0.1932
2009-01-28,0.2001,0.2012
2009-01-29,0.1946,0.1896
2009-01-30,0.1882,0.182
2009-02-02,0.1793,0.1918
2009-02-03,0.1923,0.1941
2009-02-04,0.1946,0.1996
2009-02-05,0.1944,0.2143
2009-02-06,0.215,0.226
2009-02-09,0.225,0.223
2009-02-10,0.2227,0.2134
2009-02-11,0.1964,0.1866
2009-02-12,0.1825,0.1905
2009-02-13,0.1861,0.1902
2009-02-17,0.1831,0.1793
2009-02-18,0.1793,0.1841
2009-02-19,0.1877,0.1699
2009-02-20,0.1676,0.1742
2009-02-23,0.1772,0.1662
2009-02-24,0.1671,0.1811
2009-02-25,0.1806,0.1831
2009-02-26,0.1896,0.1891
2009-02-27,0.1843,0.1896
2009-03-02,0.185,0.1735
2009-03-03,0.1767,0.1804
2009-03-04,0.1852,0.1937
2009-03-05,0.1909,0.1891
2009-03-06,0.1891,0.1921
2009-03-09,0.1907,0.19
2009-03-10,0.1969,0.2072
2009-03-11,0.2072,0.2129
2009-03-12,0.2122,0.2255
2009-03-13,0.2223,0.2244
2009-03-16,0.2266,0.2157
2009-03-17,0.2163,0.2264
2009-03-18,0.223,0.2335
2009-03-19,0.2351,0.2308
2009-03-20,0.2342,0.2182
2009-03-23,0.225,0.234
2009-03-24,0.2282,0.2239
2009-03-25,0.2308,0.2276
2009-03-26,0.2312,0.2417
2009-03-27,0.2392,0.2395
2009-03-30,0.2303,0.2241
2009-03-31,0.2276,0.2257
2009-04-01,0.223,0.2314
2009-04-02,0.2401,0.2422
2009-04-03,0.2424,0.2591
2009-04-06,0.2548,0.2598
2009-04-07,0.2548,0.2509
2009-04-08,0.2537,0.2612
2009-04-09,0.2678,0.2756
2009-04-13,0.2722,0.2667
2009-04-14,0.263,0.2683
2009-04-15,0.2589,0.2608
2009-04-16,0.2656,0.2674
2009-04-17,0.2674,0.2692
2009-04-20,0.2589,0.253
2009-04-21,0.2495,0.2523
2009-04-22,0.25,0.2598
2009-04-23,0.2624,0.2557
2009-04-24,0.2582,0.2617
2009-04-27,0.2582,0.2523
2009-04-28,0.2491,0.253
2009-04-29,0.2541,0.2491
2009-04-30,0.2539,0.2628
2009-05-01,0.2621,0.2672
2009-05-04,0.2717,0.2816
2009-05-05,0.2754,0.2701
2009-05-06,0.2731,0.2646
2009-05-07,0.2706,0.2456
2009-05-08,0.2404,0.2118
2009-05-11,0.2083,0.2159
2009-05-12,0.2207,0.2056
2009-05-13,0.2042,0.1923
2009-05-14,0.1921,0.195
2009-05-15,0.1964,0.2001
2009-05-18,0.2051,0.2122
2009-05-19,0.2136,0.2163
2009-05-20,0.2202,0.2227
2009-05-21,0.22,0.2214
2009-05-22,0.2214,0.2248
2009-05-26,0.2227,0.2369
2009-05-27,0.2358,0.2374
2009-05-28,0.2411,0.2406
2009-05-29,0.2408,0.2388
2009-06-01,0.2415,0.2504
2009-06-02,0.2504,0.2484
2009-06-03,0.2452,0.2406
2009-06-04,0.2413,0.2493
2009-06-05,0.2539,0.2479
2009-06-08,0.2461,0.2466
2009-06-09,0.25,0.2601
2009-06-10,0.2614,0.2683
2009-06-11,0.269,0.2649
2009-06-12,0.261,0.2635
2009-06-15,0.2587,0.2591
2009-06-16,0.2591,0.2521
2009-06-17,0.2559,0.2582
2009-06-18,0.2573,0.2532
2009-06-19,0.2557,0.2559
2009-06-22,0.2569,0.2415
2009-06-23,0.2438,0.2404
2009-06-24,0.2434,0.2484
2009-06-25,0.2461,0.2614
2009-06-26,0.2603,0.2649
2009-06-29,0.2656,0.2649
2009-06-30,0.264,0.2585
2009-07-01,0.2601,0.2596
2009-07-02,0.2511,0.2495
2009-07-06,0.2493,0.2415
2009-07-07,0.2424,0.231
2009-07-08,0.2324,0.2314
2009-07-09,0.2353,0.2365
2009-07-10,0.2365,0.2374
2009-07-13,0.2422,0.2401
2009-07-14,0.242,0.2452
2009-07-15,0.2541,0.2553
2009-07-16,0.258,0.2685
2009-07-17,0.2685,0.2763
2009-07-20,0.2786,0.2798
2009-07-21,0.2791,0.274
2009-07-22,0.2685,0.2809
2009-07-23,0.2814,0.2976
2009-07-24,0.2885,0.2967
2009-07-27,0.2939,0.2981
2009-07-28,0.296,0.2985
2009-07-29,0.2951,0.2926
2009-07-30,0.2976,0.2949
2009-07-31,0.2949,0.296
2009-08-03,0.3031,0.304
2009-08-04,0.2988,0.3061
2009-08-05,0.3042,0.3068
2009-08-06,0.3079,0.3004
2009-08-07,0.3166,0.3139
2009-08-10,0.3162,0.3036
2009-08-11,0.3015,0.2965
2009-08-12,0.2967,0.3075
2009-08-13,0.3097,0.3166
2009-08-14,0.3162,0.3072
2009-08-17,0.2978,0.2944
2009-08-18,0.2944,0.3052
2009-08-19,0.3006,0.3017
2009-08-20,0.3004,0.3136
2009-08-21,0.3162,0.3189
2009-08-24,0.3171,0.31
2009-08-25,0.3116,0.3127
2009-08-26,0.312,0.3164
2009-08-27,0.3178,0.3207
2009-08-28,0.3294,0.3372
2009-08-31,0.3333,0.3324
2009-09-01,0.3322,0.3212
2009-09-02,0.3216,0.3258
2009-09-03,0.3258,0.3336
2009-09-04,0.3322,0.3459
2009-09-08,0.3484,0.3555
2009-09-09,0.3548,0.3654
2009-09-10,0.3665,0.377
2009-09-11,0.3761,0.3736
2009-09-14,0.3681,0.3674
2009-09-15,0.3709,0.375
2009-09-16,0.3741,0.3649
2009-09-17,0.364,0.3489
2009-09-18,0.3523,0.3484
2009-09-21,0.3443,0.3468
2009-09-22,0.3493,0.3475
2009-09-23,0.3496,0.342
2009-09-24,0.3477,0.3374
2009-09-25,0.3356,0.3319
2009-09-28,0.3331,0.3395
2009-09-29,0.3416,0.3333
2009-09-30,0.3402,0.3441
2009-10-01,0.3429,0.3196
2009-10-02,0.3164,0.3171
2009-10-05,0.3205,0.3155
2009-10-06,0.3194,0.3207
2009-10-07,0.3184,0.3182
2009-10-08,0.32,0.3203
2009-10-09,0.3184,0.3244
2009-10-12,0.3189,0.3207
2009-10-13,0.3226,0.3196
2009-10-14,0.3319,0.3191
2009-10-15,0.3187,0.3097
2009-10-16,0.3058,0.3026
2009-10-19,0.3052,0.3136
2009-10-20,0.3189,0.3139
2009-10-21,0.3127,0.3063
2009-10-22,0.3047,0.3084
2009-10-23,0.3125,0.301
2009-10-26,0.3033,0.2972
2009-10-27,0.2958,0.2871
2009-10-28,0.2807,0.2752
2009-10-29,0.2795,0.2873
2009-10-30,0.2859,0.2738
2009-11-02,0.2733,0.2763
2009-11-03,0.2674,0.2749
2009-11-04,0.277,0.2743
2009-11-05,0.2775,0.2809
2009-11-06,0.2985,0.3013
2009-11-09,0.3054,0.3081
2009-11-10,0.3093,0.3006
2009-11-11,0.3056,0.3091
2009-11-12,0.3118,0.3081
2009-11-13,0.3079,0.3104
2009-11-16,0.3132,0.3148
2009-11-17,0.315,0.3143
2009-11-18,0.3113,0.3095
2009-11-19,0.3029,0.2972
2009-11-20,0.2903,0.2953
2009-11-23,0.2997,0.2976
2009-11-24,0.2962,0.2958
2009-11-25,0.2992,0.2992
2009-11-27,0.2885,0.2928
2009-11-30,0.2939,0.299
2009-12-01,0.3006,0.3049
2009-12-02,0.3056,0.3141
2009-12-03,0.3178,0.3166
2009-12-04,0.3226,0.3265
2009-12-07,0.3629,0.3683
2009-12-08,0.3624,0.3505
2009-12-09,0.3542,0.3592
2009-12-10,0.3617,0.3528
2009-12-11,0.3558,0.3482
2009-12-14,0.3532,0.3587
2009-12-15,0.3562,0.3583
2009-12-16,0.3711,0.3871
2009-12-17,0.3883,0.3853
2009-12-18,0.3885,0.3851
2009-12-21,0.3873,0.3988
2009-12-22,0.3988,0.4093
2009-12-23,0.4132,0.415
2009-12-24,0.4162,0.4141
2009-12-28,0.4134,0.4075
2009-12-29,0.4061,0.4125
2009-12-30,0.4164,0.4274
2009-12-31,0.4283,0.4276
2010-01-04,0.4237,0.4233
2010-01-05,0.4217,0.4295
2010-01-06,0.4292,0.4322
2010-01-07,0.4299,0.4237
2010-01-08,0.4203,0.4247
2010-01-11,0.427,0.4187
2010-01-12,0.4125,0.4045
2010-01-13,0.4073,0.41
2010-01-14,0.405,0.4036
2010-01-15,0.4006,0.3917
2010-01-19,0.3887,0.399
2010-01-20,0.394,0.3974
2010-01-21,0.3972,0.3903
2010-01-22,0.3857,0.3768
2010-01-25,0.383,0.3832
2010-01-26,0.3814,0.3711
2010-01-27,0.3709,0.3812
2010-01-28,0.3841,0.3683
2010-01-29,0.3725,0.3523
2010-02-01,0.3537,0.3793
2010-02-02,0.378,0.3832
2010-02-03,0.3798,0.3864
2010-02-04,0.383,0.364
2010-02-05,0.3635,0.3713
2010-02-08,0.3702,0.3706
2010-02-09,0.3766,0.3677
2010-02-10,0.3699,0.3748
2010-02-11,0.3807,0.3919
2010-02-12,0.3892,0.3972
2010-02-16,0.4025,0.4045
2010-02-17,0.4096,0.4084
2010-02-18,0.386,0.3816
2010-02-19,0.38,0.3796
2010-02-22,0.3812,0.3803
2010-02-23,0.3814,0.3711
2010-02-24,0.3743,0.3789
2010-02-25,0.3702,0.3754
2010-02-26,0.3736,0.3709
2010-03-01,0.3711,0.3857
2010-03-02,0.3892,0.3855
2010-03-03,0.3878,0.3807
2010-03-04,0.3823,0.3814
2010-03-05,0.3786,0.3931
2010-03-08,0.3933,0.3873
2010-03-09,0.3912,0.4018
2010-03-10,0.4006,0.4027
2010-03-11,0.3995,0.3935
2010-03-12,0.3979,0.3949
2010-03-15,0.3944,0.3928
2010-03-16,0.3926,0.4066
2010-03-17,0.4089,0.4144
2010-03-18,0.415,0.3997
2010-03-19,0.4057,0.3949
2010-03-22,0.3899,0.4013
2010-03-23,0.4043,0.4096
2010-03-24,0.4061,0.3958
2010-03-25,0.4015,0.397
2010-03-26,0.4004,0.397
2010-03-29,0.3995,0.402
2010-03-30,0.4066,0.4036
2010-03-31,0.402,0.3983
2010-04-01,0.4002,0.3942
2010-04-05,0.3967,0.4002
2010-04-06,0.3951,0.3903
2010-04-07,0.3878,0.3928
2010-04-08,0.3903,0.3864
2010-04-09,0.3855,0.389
2010-04-12,0.3894,0.396
2010-04-13,0.3977,0.4043
2010-04-14,0.413,0.4093
2010-04-15,0.4107,0.4123
2010-04-16,0.3956,0.3906
2010-04-19,0.3876,0.3887
2010-04-20,0.3915,0.3901
2010-04-21,0.3922,0.38
2010-04-22,0.3738,0.3816
2010-04-23,0.3805,0.3764
2010-04-26,0.3768,0.38
2010-04-27,0.3773,0.3693
2010-04-28,0.369,0.3699
2010-04-29,0.3711,0.3812
2010-04-30,0.3766,0.3596
2010-05-03,0.3615,0.3558
2010-05-04,0.3503,0.3377
2010-05-05,0.3308,0.3319
2010-05-06,0.3297,0.3251
2010-05-07,0.3281,0.3196
2010-05-10,0.3388,0.3333
2010-05-11,0.3301,0.3297
2010-05-12,0.3319,0.3361
2010-05-13,0.3347,0.3354
2010-05-14,0.3127,0.2967
2010-05-17,0.2972,0.2974
2010-05-18,0.2999,0.2875
2010-05-19,0.2862,0.2921
2010-05-20,0.2836,0.2852
2010-05-21,0.277,0.2914
2010-05-24,0.2905,0.283
2010-05-25,0.274,0.2905
2010-05-26,0.3022,0.2919
2010-05-27,0.2992,0.3091
2010-05-28,0.3086,0.3008
2010-06-01,0.2967,0.288
2010-06-02,0.2885,0.2912
2010-06-03,0.2852,0.2907
2010-06-04,0.2823,0.277
2010-06-07,0.2781,0.2633
2010-06-08,0.2621,0.2559
2010-06-09,0.2573,0.2498
2010-06-10,0.2548,0.2598
2010-06-11,0.2571,0.2658
2010-06-14,0.2697,0.2601
2010-06-15,0.263,0.2729
2010-06-16,0.2711,0.2694
2010-06-17,0.2788,0.2798
2010-06-18,0.2814,0.2816
2010-06-21,0.2875,0.2749
2010-06-22,0.2784,0.2646
2010-06-23,0.2672,0.2676
2010-06-24,0.266,0.2543
2010-06-25,0.2562,0.2537
2010-06-28,0.2555,0.2541
2010-06-29,0.2486,0.2399
2010-06-30,0.2404,0.2337
2010-07-01,0.2344,0.2376
2010-07-02,0.2385,0.2347
2010-07-06,0.2337,0.2321
2010-07-07,0.2331,0.2434
2010-07-08,0.245,0.236
2010-07-09,0.2372,0.2369
2010-07-12,0.2369,0.2413
2010-07-13,0.2452,0.25
2010-07-14,0.261,0.2525
2010-07-15,0.2527,0.2454
2010-07-16,0.2454,0.2301
2010-07-19,0.2333,0.2395
2010-07-20,0.2333,0.2454
2010-07-21,0.2477,0.2374
2010-07-22,0.2399,0.2413
2010-07-23,0.2411,0.2372
2010-07-26,0.2365,0.2415
2010-07-27,0.2422,0.2395
2010-07-28,0.2356,0.2319
2010-07-29,0.2152,0.209
2010-07-30,0.2074,0.2104
2010-08-02,0.214,0.2102
2010-08-03,0.2086,0.2047
2010-08-04,0.2065,0.2134
2010-08-05,0.214,0.2161
2010-08-06,0.2152,0.2186
2010-08-09,0.2209,0.2207
2010-08-10,0.217,0.2115
2010-08-11,0.2072,0.2033
2010-08-12,0.1996,0.2051
2010-08-13,0.2118,0.215
2010-08-16,0.212,0.2095
2010-08-17,0.2115,0.2122
2010-08-18,0.2115,0.2134
2010-08-19,0.2157,0.2262
2010-08-20,0.2246,0.2282
2010-08-23,0.2289,0.2248
2010-08-24,0.2175,0.2225
2010-08-25,0.22,0.2271
2010-08-26,0.2301,0.2244
2010-08-27,0.2257,0.2317
2010-08-30,0.2289,0.2207
2010-08-31,0.2175,0.2136
2010-09-01,0.2168,0.2152
2010-09-02,0.2159,0.2191
2010-09-03,0.2244,0.2266
2010-09-07,0.226,0.2287
2010-09-08,0.2292,0.2363
2010-09-09,0.2392,0.2331
2010-09-10,0.2347,0.2305
2010-09-13,0.2347,0.2436
2010-09-14,0.2415,0.2413
2010-09-15,0.239,0.2417
2010-09-16,0.2385,0.242
2010-09-17,0.2443,0.2415
2010-09-20,0.2415,0.2452
2010-09-21,0.2438,0.2585
2010-09-22,0.2575,0.2608
2010-09-23,0.2637,0.266
2010-09-24,0.272,0.2807
2010-09-27,0.2827,0.2747
2010-09-28,0.2749,0.274
2010-09-29,0.2715,0.272
2010-09-30,0.2754,0.2674
2010-10-01,0.2713,0.2598
2010-10-04,0.2573,0.2573
2010-10-05,0.2628,0.2591
2010-10-06,0.2591,0.2468
2010-10-07,0.2479,0.245
2010-10-08,0.244,0.2486
2010-10-11,0.2498,0.2475
2010-10-12,0.2454,0.2523
2010-10-13,0.2564,0.2596
2010-10-14,0.2598,0.2555
2010-10-15,0.2596,0.2585
2010-10-18,0.2587,0.2601
2010-10-19,0.2543,0.2585
2010-10-20,0.2587,0.2585
2010-10-21,0.2587,0.2539
2010-10-22,0.2555,0.2701
2010-10-25,0.2722,0.2727
2010-10-26,0.2694,0.2717
2010-10-27,0.2692,0.2756
2010-10-28,0.2793,0.2759
2010-10-29,0.2754,0.2752
2010-11-01,0.277,0.2756
2010-11-02,0.2768,0.2814
2010-11-03,0.2832,0.2834
2010-11-04,0.2862,0.2839
2010-11-05,0.2859,0.2887
2010-11-08,0.2885,0.2898
2010-11-09,0.2898,0.2882
2010-11-10,0.2903,0.2917
2010-11-11,0.2848,0.2887
2010-11-12,0.2997,0.3036
2010-11-15,0.3049,0.2999
2010-11-16,0.2949,0.291
2010-11-17,0.2907,0.2958
2010-11-18,0.2997,0.3049
2010-11-19,0.3042,0.3148
2010-11-22,0.3127,0.315
2010-11-23,0.3113,0.3077
2010-11-24,0.3109,0.3152
2010-11-26,0.315,0.3113
2010-11-29,0.31,0.3148
2010-11-30,0.31,0.3116
2010-12-01,0.3178,0.3253
2010-12-02,0.3253,0.3292
2010-12-03,0.3276,0.3386
2010-12-06,0.3397,0.3322
2010-12-07,0.34,0.3429
2010-12-08,0.3425,0.3459
2010-12-09,0.3377,0.3402
2010-12-10,0.3402,0.3422
2010-12-13,0.3436,0.3336
2010-12-14,0.34,0.334
2010-12-15,0.3347,0.3267
2010-12-16,0.3301,0.3271
2010-12-17,0.3274,0.329
2010-12-20,0.3301,0.3276
2010-12-21,0.3308,0.3404
2010-12-22,0.3397,0.3441
2010-12-23,0.3441,0.3416
2010-12-27,0.3406,0.3434
2010-12-28,0.3434,0.342
2010-12-29,0.3418,0.342
2010-12-30,0.3416,0.3432
2010-12-31,0.3434,0.3526
2011-01-03,0.3553,0.3622
2011-01-04,0.3629,0.361
2011-01-05,0.3677,0.3887
2011-01-06,0.3988,0.4425
2011-01-07,0.4375,0.4549
2011-01-10,0.4466,0.4723
2011-01-11,0.4787,0.465
2011-01-12,0.4652,0.5346
2011-01-13,0.5288,0.5355
2011-01-14,0.5263,0.54
2011-01-18,0.5327,0.5275
2011-01-19,0.5277,0.513
2011-01-20,0.508,0.5135
2011-01-21,0.519,0.5087
2011-01-24,0.532,0.5661
2011-01-25,0.5636,0.5487
2011-01-26,0.5545,0.5618
2011-01-27,0.5698,0.5602
2011-01-28,0.5616,0.5439
2011-01-31,0.5449,0.5476
2011-02-01,0.5524,0.5602
2011-02-02,0.557,0.5856
2011-02-03,0.5865,0.5746
2011-02-04,0.5826,0.5877
2011-02-07,0.5796,0.5632
2011-02-08,0.5639,0.5465
2011-02-09,0.5485,0.5332
2011-02-10,0.5213,0.5224
2011-02-11,0.5206,0.5373
2011-02-14,0.5437,0.5291
2011-02-15,0.53,0.5162
2011-02-16,0.5231,0.5352
2011-02-17,0.5201,0.5879
2011-02-18,0.5847,0.5867
2011-02-22,0.5675,0.5313
2011-02-23,0.5313,0.5062
2011-02-24,0.5087,0.5185
2011-02-25,0.5325,0.5293
2011-02-28,0.538,0.5188
2011-03-01,0.5197,0.4956
2011-03-02,0.4949,0.475
2011-03-03,0.486,0.4778
2011-03-04,0.4782,0.4753
2011-03-07,0.4787,0.4686
2011-03-08,0.4737,0.4476
2011-03-09,0.4462,0.4382
2011-03-10,0.4281,0.4102
2011-03-11,0.4137,0.4132
2011-03-14,0.4164,0.4167
2011-03-15,0.3963,0.4043
2011-03-16,0.4006,0.4013
2011-03-17,0.4121,0.4089
2011-03-18,0.4153,0.4034
2011-03-21,0.4121,0.4066
2011-03-22,0.4054,0.3995
2011-03-23,0.3988,0.4077
2011-03-24,0.4164,0.4402
2011-03-25,0.4441,0.4265
2011-03-28,0.4366,0.4423
2011-03-29,0.4423,0.4389
2011-03-30,0.4423,0.4224
2011-03-31,0.4231,0.4226
2011-04-01,0.4281,0.4167
2011-04-04,0.4167,0.4018
2011-04-05,0.4077,0.4025
2011-04-06,0.4054,0.3997
2011-04-07,0.4006,0.4144
2011-04-08,0.4176,0.4018
2011-04-11,0.4034,0.3965
2011-04-12,0.3926,0.3977
2011-04-13,0.4018,0.4066
2011-04-14,0.4029,0.4237
2011-04-15,0.4205,0.4283
2011-04-18,0.4183,0.4141
2011-04-19,0.4144,0.4125
2011-04-20,0.4276,0.4251
2011-04-21,0.4297,0.424
2011-04-25,0.4258,0.4306
2011-04-26,0.4343,0.4418
2011-04-27,0.4441,0.4418
2011-04-28,0.4418,0.4466
2011-04-29,0.4496,0.4579
2011-05-02,0.4675,0.4517
2011-05-03,0.4464,0.4302
2011-05-04,0.4315,0.427
2011-05-05,0.4235,0.4272
2011-05-06,0.4361,0.4423
2011-05-09,0.4437,0.4521
2011-05-10,0.4558,0.4528
2011-05-11,0.4551,0.4549
2011-05-12,0.4533,0.4693
2011-05-13,0.4395,0.418
2011-05-16,0.4169,0.4052
2011-05-17,0.4038,0.4036
2011-05-18,0.4052,0.413
2011-05-19,0.4162,0.407
2011-05-20,0.4061,0.4141
2011-05-23,0.4082,0.4137
2011-05-24,0.4157,0.4153
2011-05-25,0.4132,0.4203
2011-05-26,0.4203,0.4308
2011-05-27,0.4327,0.4464
2011-05-31,0.4551,0.4588
2011-06-01,0.4567,0.4382
2011-06-02,0.4389,0.4361
2011-06-03,0.4311,0.4226
2011-06-06,0.4219,0.4137
2011-06-07,0.4169,0.4134
2011-06-08,0.4114,0.4022
2011-06-09,0.402,0.3977
2011-06-10,0.3983,0.3919
2011-06-13,0.3919,0.3892
2011-06-14,0.3926,0.3924
2011-06-15,0.3871,0.3839
2011-06-16,0.3841,0.3706
2011-06-17,0.375,0.3619
2011-06-20,0.3587,0.3576
2011-06-21,0.359,0.3654
2011-06-22,0.3629,0.3603
2011-06-23,0.3558,0.3711
2011-06-24,0.3693,0.3603
2011-06-27,0.3603,0.3528
2011-06-28,0.3528,0.3548
2011-06-29,0.3571,0.3603
2011-06-30,0.3613,0.3649
2011-07-01,0.3649,0.3697
2011-07-05,0.3693,0.3635
2011-07-06,0.3633,0.3587
2011-07-07,0.3606,0.3601
2011-07-08,0.3551,0.3532
2011-07-11,0.3466,0.3409
2011-07-12,0.3393,0.3363
2011-07-13,0.3409,0.3356
2011-07-14,0.337,0.3223
2011-07-15,0.3242,0.3228
2011-07-18,0.3203,0.3159
2011-07-19,0.3168,0.3255
2011-07-20,0.3267,0.3214
2011-07-21,0.3219,0.3365
2011-07-22,0.3395,0.3434
2011-07-25,0.3381,0.3379
2011-07-26,0.3283,0.3297
2011-07-27,0.3251,0.3173
2011-07-28,0.3162,0.3166
2011-07-29,0.3134,0.3166
2011-08-01,0.3239,0.3336
2011-08-02,0.3313,0.3301
2011-08-03,0.3308,0.339
2011-08-04,0.3329,0.3068
2011-08-05,0.3139,0.2965
2011-08-08,0.282,0.2731
2011-08-09,0.2784,0.296
2011-08-10,0.2873,0.2825
2011-08-11,0.2825,0.307
2011-08-12,0.3397,0.2949
2011-08-15,0.2978,0.3061
2011-08-16,0.3026,0.2974
2011-08-17,0.2983,0.2933
2011-08-18,0.28,0.2733
2011-08-19,0.2688,0.2685
2011-08-22,0.2761,0.2733
2011-08-23,0.28,0.3029
2011-08-24,0.3022,0.2985
2011-08-25,0.2926,0.2857
2011-08-26,0.2846,0.2978
2011-08-29,0.3063,0.3058
2011-08-30,0.3038,0.3132
2011-08-31,0.3155,0.3047
2011-09-01,0.3088,0.304
2011-09-02,0.2972,0.2958
2011-09-06,0.2862,0.3017
2011-09-07,0.3262,0.3262
2011-09-08,0.323,0.3246
2011-09-09,0.3219,0.3178
2011-09-12,0.3134,0.3253
2011-09-13,0.3281,0.3326
2011-09-14,0.3413,0.3498
2011-09-15,0.3576,0.3548
2011-09-16,0.3555,0.3539
2011-09-19,0.348,0.3466
2011-09-20,0.3509,0.3377
2011-09-21,0.3395,0.3313
2011-09-22,0.3182,0.3093
2011-09-23,0.3075,0.3157
2011-09-26,0.3196,0.3164
2011-09-27,0.3244,0.3168
2011-09-28,0.3175,0.3072
2011-09-29,0.3127,0.2997
2011-09-30,0.2949,0.2864
2011-10-03,0.2827,0.2704
2011-10-04,0.2637,0.2953
2011-10-05,0.2946,0.3058
2011-10-06,0.3075,0.318
2011-10-07,0.3194,0.3239
2011-10-10,0.3294,0.3384
2011-10-11,0.3356,0.3347
2011-10-12,0.3411,0.3345
2011-10-13,0.3329,0.3539
2011-10-14,0.3601,0.3599
2011-10-17,0.3558,0.342
2011-10-18,0.3402,0.3544
2011-10-19,0.3548,0.3473
2011-10-20,0.3379,0.3299
2011-10-21,0.334,0.3315
2011-10-24,0.3329,0.3439
2011-10-25,0.339,0.3308
2011-10-26,0.3372,0.3347
2011-10-27,0.3471,0.3491
2011-10-28,0.3461,0.3571
2011-10-31,0.3457,0.3388
2011-11-01,0.3265,0.3219
2011-11-02,0.3251,0.3164
2011-11-03,0.3198,0.3354
2011-11-04,0.3324,0.3393
2011-11-07,0.3368,0.3374
2011-11-08,0.3418,0.3452
2011-11-09,0.3372,0.3278
2011-11-10,0.3358,0.3313
2011-11-11,0.3406,0.3429
2011-11-14,0.3429,0.3363
2011-11-15,0.3331,0.3406
2011-11-16,0.3342,0.3338
2011-11-17,0.3331,0.3219
2011-11-18,0.3237,0.3189
2011-11-21,0.3139,0.3349
2011-11-22,0.3386,0.3452
2011-11-23,0.3416,0.3306
2011-11-25,0.3262,0.3214
2011-11-28,0.3319,0.3395
2011-11-29,0.339,0.3413
2011-11-30,0.3516,0.3578
2011-12-01,0.3548,0.3622
2011-12-02,0.3661,0.3599
2011-12-05,0.3658,0.3544
2011-12-06,0.3564,0.3493
2011-12-07,0.3471,0.3473
2011-12-08,0.3439,0.3363
2011-12-09,0.3338,0.3411
2011-12-12,0.3338,0.3326
2011-12-13,0.337,0.3235
2011-12-14,0.3207,0.3109
2011-12-15,0.3162,0.3081
2011-12-16,0.3107,0.3093
2011-12-19,0.3107,0.3013
2011-12-20,0.3081,0.3182
2011-12-21,0.3164,0.3141
2011-12-22,0.315,0.3276
2011-12-23,0.3292,0.3244
2011-12-27,0.323,0.3219
2011-12-28,0.3219,0.3139
2011-12-29,0.3171,0.3198
2011-12-30,0.3187,0.3173
2012-01-03,0.3274,0.3214
2012-01-04,0.3216,0.3251
2012-01-05,0.3235,0.3368
2012-01-06,0.3365,0.3329
2012-01-09,0.3331,0.3329
2012-01-10,0.3379,0.3315
2012-01-11,0.3285,0.3249
2012-01-12,0.3255,0.3228
2012-01-13,0.3205,0.3143
2012-01-17,0.3191,0.3095
2012-01-18,0.3155,0.32
2012-01-19,0.3228,0.3285
2012-01-20,0.3281,0.3255
2012-01-23,0.3258,0.3345
2012-01-24,0.3322,0.342
2012-01-25,0.3329,0.34
2012-01-26,0.345,0.3368
2012-01-27,0.3347,0.3413
2012-01-30,0.3354,0.3388
2012-01-31,0.3397,0.3381
2012-02-01,0.342,0.3418
2012-02-02,0.3436,0.3546
2012-02-03,0.3599,0.3622
2012-02-06,0.3603,0.3594
2012-02-07,0.3599,0.3603
2012-02-08,0.3603,0.3734
2012-02-09,0.378,0.3732
2012-02-10,0.3695,0.364
2012-02-13,0.3732,0.3697
2012-02-14,0.3697,0.3718
2012-02-15,0.3752,0.3702
2012-02-16,0.3448,0.3766
2012-02-17,0.3768,0.3629
2012-02-21,0.3626,0.3647
2012-02-22,0.3629,0.3622
2012-02-23,0.3629,0.3642
2012-02-24,0.3654,0.3615
2012-02-27,0.3569,0.3542
2012-02-28,0.3542,0.3509
2012-02-29,0.3521,0.3468
2012-03-01,0.3482,0.3491
2012-03-02,0.348,0.3521
2012-03-05,0.3496,0.3402
2012-03-06,0.3363,0.337
2012-03-07,0.3388,0.339
2012-03-08,0.34,0.3402
2012-03-09,0.3411,0.3393
2012-03-12,0.3406,0.334
2012-03-13,0.3354,0.3386
2012-03-14,0.3386,0.329
2012-03-15,0.3299,0.3338
2012-03-16,0.334,0.3342
2012-03-19,0.3361,0.3352
2012-03-20,0.3333,0.3297
2012-03-21,0.3297,0.331
2012-03-22,0.3285,0.3306
2012-03-23,0.3297,0.3331
2012-03-26,0.3363,0.337
2012-03-27,0.3384,0.3393
2012-03-28,0.3436,0.3471
2012-03-29,0.3466,0.3487
2012-03-30,0.3516,0.3526
2012-04-02,0.3516,0.3509
2012-04-03,0.3535,0.3452
2012-04-04,0.34,0.3354
2012-04-05,0.3358,0.3349
2012-04-09,0.3297,0.3306
2012-04-10,0.3292,0.3242
2012-04-11,0.3285,0.3283
2012-04-12,0.3287,0.3361
2012-04-13,0.3331,0.3242
2012-04-16,0.3265,0.3203
2012-04-17,0.3212,0.321
2012-04-18,0.3189,0.3175
2012-04-19,0.3134,0.3127
2012-04-20,0.3145,0.3065
2012-04-23,0.3013,0.3029
2012-04-24,0.3038,0.2935
2012-04-25,0.2978,0.2994
2012-04-26,0.2992,0.2997
2012-04-27,0.2992,0.2972
2012-04-30,0.2955,0.2976
2012-05-01,0.296,0.3029
2012-05-02,0.3017,0.2942
2012-05-03,0.2949,0.2891
2012-05-04,0.2873,0.2807
2012-05-07,0.2857,0.2855
2012-05-08,0.283,0.2852
2012-05-09,0.2802,0.2864
2012-05-10,0.2891,0.2843
2012-05-11,0.3079,0.3024
2012-05-14,0.2999,0.3006
2012-05-15,0.3006,0.2976
2012-05-16,0.2981,0.2917
2012-05-17,0.2928,0.2896
2012-05-18,0.2903,0.2765
2012-05-21,0.277,0.2814
2012-05-22,0.2811,0.2779
2012-05-23,0.2749,0.2848
2012-05-24,0.2864,0.2772
2012-05-25,0.277,0.2839
2012-05-29,0.2885,0.2912
2012-05-30,0.288,0.2878
2012-05-31,0.2878,0.2846
2012-06-01,0.2786,0.2743
2012-06-04,0.2756,0.2685
2012-06-05,0.2672,0.2763
2012-06-06,0.2784,0.2836
2012-06-07,0.2878,0.2722
2012-06-08,0.2731,0.2775
2012-06-11,0.2864,0.2807
2012-06-12,0.2839,0.2864
2012-06-13,0.2862,0.2788
2012-06-14,0.2784,0.2754
2012-06-15,0.2775,0.2814
2012-06-18,0.2793,0.2839
2012-06-19,0.2955,0.3031
2012-06-20,0.3061,0.3079
2012-06-21,0.3077,0.2939
2012-06-22,0.2976,0.2976
2012-06-25,0.2978,0.2882
2012-06-26,0.2898,0.2914
2012-06-27,0.2917,0.3008
2012-06-28,0.2981,0.3031
2012-06-29,0.3102,0.3164
2012-07-02,0.318,0.3079
2012-07-03,0.3079,0.3159
2012-07-05,0.3139,0.3127
2012-07-06,0.3104,0.3068
2012-07-09,0.3049,0.3026
2012-07-10,0.2994,0.2935
2012-07-11,0.2944,0.2887
2012-07-12,0.2855,0.2839
2012-07-13,0.2841,0.2875
2012-07-16,0.2857,0.2885
2012-07-17,0.2894,0.2832
2012-07-18,0.2825,0.299
2012-07-19,0.301,0.302
2012-07-20,0.3001,0.2933
2012-07-23,0.2855,0.2972
2012-07-24,0.2976,0.2939
2012-07-25,0.293,0.2997
2012-07-26,0.3052,0.301
2012-07-27,0.3022,0.3086
2012-07-30,0.3086,0.3052
2012-07-31,0.3052,0.31
2012-08-01,0.3118,0.3065
2012-08-02,0.3049,0.3077
2012-08-03,0.3125,0.3141
2012-08-06,0.3171,0.3207
2012-08-07,0.3246,0.3239
2012-08-08,0.3237,0.3258
2012-08-09,0.3262,0.3368
2012-08-10,0.3457,0.3347
2012-08-13,0.3352,0.339
2012-08-14,0.3402,0.334
2012-08-15,0.3352,0.3315
2012-08-16,0.3345,0.3384
2012-08-17,0.3384,0.3354
2012-08-20,0.3342,0.3354
2012-08-21,0.3365,0.3345
2012-08-22,0.3324,0.3352
2012-08-23,0.3345,0.3276
2012-08-24,0.3276,0.3342
2012-08-27,0.334,0.3285
2012-08-28,0.326,0.3271
2012-08-29,0.3269,0.3278
2012-08-30,0.3271,0.3216
2012-08-31,0.3239,0.3212
2012-09-04,0.3159,0.304
2012-09-05,0.3052,0.3049
2012-09-06,0.3072,0.3143
2012-09-07,0.3063,0.3068
2012-09-10,0.3061,0.304
2012-09-11,0.3038,0.3077
2012-09-12,0.3102,0.3111
2012-09-13,0.3139,0.3132
2012-09-14,0.3129,0.3168
2012-09-17,0.3175,0.3081
2012-09-18,0.3047,0.3102
2012-09-19,0.3109,0.3139
2012-09-20,0.3132,0.3116
2012-09-21,0.312,0.3129
2012-09-24,0.3079,0.3127
2012-09-25,0.3168,0.307
2012-09-26,0.3058,0.3017
2012-09-27,0.3024,0.304
2012-09-28,0.3026,0.3054
2012-10-01,0.3068,0.3004
2012-10-02,0.3024,0.3015
2012-10-03,0.3022,0.2985
2012-10-04,0.2992,0.3118
2012-10-05,0.3127,0.3045
2012-10-08,0.3033,0.3015
2012-10-09,0.301,0.2951
2012-10-10,0.2937,0.2901
2012-10-11,0.2928,0.2917
2012-10-12,0.2896,0.2891
2012-10-15,0.2896,0.2928
2012-10-16,0.2953,0.3013
2012-10-17,0.2976,0.299
2012-10-18,0.2983,0.2944
2012-10-19,0.2901,0.2772
2012-10-22,0.2784,0.274
2012-10-23,0.2715,0.2823
2012-10-24,0.2841,0.2786
2012-10-25,0.2809,0.2788
2012-10-26,0.2793,0.2759
2012-10-31,0.277,0.2743
2012-11-01,0.2756,0.2873
2012-11-02,0.2903,0.2859
2012-11-05,0.2852,0.2981
2012-11-06,0.2988,0.2978
2012-11-07,0.2955,0.2887
2012-11-08,0.2919,0.2903
2012-11-09,0.2919,0.2791
2012-11-12,0.2795,0.2729
2012-11-13,0.2715,0.2708
2012-11-14,0.2724,0.2642
2012-11-15,0.2658,0.2653
2012-11-16,0.2653,0.2605
2012-11-19,0.2653,0.2678
2012-11-20,0.2668,0.2647
2012-11-21,0.2647,0.2723
2012-11-23,0.2735,0.2742
2012-11-26,0.2746,0.279
2012-11-27,0.2779,0.2802
2012-11-28,0.279,0.2825
2012-11-29,0.2829,0.2774
2012-11-30,0.2772,0.2758
2012-12-03,0.2793,0.2707
2012-12-04,0.2712,0.2788
2012-12-05,0.2765,0.2756
2012-12-06,0.2749,0.276
2012-12-07,0.2763,0.2756
2012-12-10,0.2756,0.2848
2012-12-11,0.2857,0.2915
2012-12-12,0.2924,0.2885
2012-12-13,0.288,0.2887
2012-12-14,0.2899,0.2901
2012-12-17,0.2894,0.2889
2012-12-18,0.2889,0.2894
2012-12-19,0.2915,0.2915
2012-12-20,0.2926,0.2912
2012-12-21,0.2873,0.2846
2012-12-24,0.2843,0.2822
2012-12-26,0.2816,0.282
2012-12-27,0.2825,0.2802
2012-12-28,0.2776,0.2788
2012-12-31,0.2779,0.2825
2013-01-02,0.2894,0.2931
2013-01-03,0.2931,0.2933
2013-01-04,0.2938,0.303
2013-01-07,0.3028,0.2942
2013-01-08,0.2949,0.2878
2013-01-09,0.2901,0.2813
2013-01-10,0.2839,0.2818
2013-01-11,0.2829,0.2813
2013-01-14,0.2832,0.2811
2013-01-15,0.2797,0.276
2013-01-16,0.2756,0.2786
2013-01-17,0.2795,0.2822
2013-01-18,0.2822,0.2804
2013-01-22,0.2802,0.279
2013-01-23,0.2799,0.2795
2013-01-24,0.2786,0.2809
2013-01-25,0.2813,0.2859
2013-01-28,0.2873,0.2905
2013-01-29,0.2894,0.2843
2013-01-30,0.2846,0.2839
2013-01-31,0.2839,0.2825
2013-02-01,0.2848,0.285
2013-02-04,0.2834,0.2802
2013-02-05,0.2816,0.2866
2013-02-06,0.2797,0.2843
2013-02-07,0.2834,0.2832
2013-02-08,0.285,0.285
2013-02-11,0.2873,0.2882
2013-02-12,0.2857,0.2864
2013-02-13,0.2866,0.285
2013-02-14,0.2811,0.2933
2013-02-15,0.2926,0.2933
2013-02-19,0.2935,0.2894
2013-02-20,0.2903,0.2852
2013-02-21,0.2848,0.2832
2013-02-22,0.285,0.2885
2013-02-25,0.2892,0.2834
2013-02-26,0.284,0.2868
2013-02-27,0.2868,0.2921
2013-02-28,0.2912,0.2935
2013-03-01,0.2914,0.2946
2013-03-04,0.2926,0.2935
2013-03-05,0.2951,0.2967
2013-03-06,0.2986,0.2965
2013-03-07,0.2981,0.2958
2013-03-08,0.2965,0.2972
2013-03-11,0.2942,0.2944
2013-03-12,0.2939,0.2953
2013-03-13,0.2953,0.2953
2013-03-14,0.2972,0.2956
2013-03-15,0.2956,0.293
2013-03-18,0.2912,0.2909
2013-03-19,0.2912,0.2891
2013-03-20,0.2919,0.2926
2013-03-21,0.2909,0.2879
2013-03-22,0.2888,0.2893
2013-03-25,0.2909,0.2877
2013-03-26,0.2884,0.2898
2013-03-27,0.2886,0.2933
2013-03-28,0.2926,0.2974
2013-04-01,0.2967,0.2877
2013-04-02,0.2879,0.2847
2013-04-03,0.2842,0.2812
2013-04-04,0.2803,0.284
2013-04-05,0.2798,0.2888
2013-04-08,0.2891,0.2882
2013-04-09,0.2884,0.2928
2013-04-10,0.293,0.2974
2013-04-11,0.2933,0.296
2013-04-12,0.2974,0.3035
2013-04-15,0.3025,0.2972
2013-04-16,0.3,0.3004
2013-04-17,0.2981,0.2965
2013-04-18,0.2972,0.2907
2013-04-19,0.2905,0.2914
2013-04-22,0.2912,0.2919
2013-04-23,0.2944,0.2995
2013-04-24,0.3004,0.3097
2013-04-25,0.3113,0.3123
2013-04-26,0.3118,0.3109
2013-04-29,0.3113,0.3146
2013-04-30,0.3153,0.3192
2013-05-01,0.3192,0.3164
2013-05-02,0.3162,0.3201
2013-05-03,0.3222,0.3215
2013-05-06,0.3215,0.3206
2013-05-07,0.3206,0.3164
2013-05-08,0.3169,0.3222
2013-05-09,0.3164,0.3225
2013-05-10,0.3292,0.3371
2013-05-13,0.3347,0.3301
2013-05-14,0.3341,0.335
2013-05-15,0.3334,0.3408
2013-05-16,0.3403,0.3392
2013-05-17,0.3408,0.3447
2013-05-20,0.3433,0.344
2013-05-21,0.346,0.3476
2013-05-22,0.349,0.3355
2013-05-23,0.3316,0.3409
2013-05-24,0.339,0.3388
2013-05-28,0.3413,0.3385
2013-05-29,0.3364,0.3364
2013-05-30,0.336,0.3409
2013-05-31,0.339,0.3371
2013-06-03,0.3376,0.3367
2013-06-04,0.3388,0.3371
2013-06-05,0.3367,0.3299
2013-06-06,0.3299,0.332
2013-06-07,0.3344,0.3367
2013-06-10,0.3357,0.3364
2013-06-11,0.332,0.3302
2013-06-12,0.3318,0.3274
2013-06-13,0.3262,0.3348
2013-06-14,0.336,0.3344
2013-06-17,0.3369,0.3376
2013-06-18,0.3392,0.3355
2013-06-19,0.3385,0.3458
2013-06-20,0.343,0.3364
2013-06-21,0.3383,0.336
2013-06-24,0.3311,0.329
2013-06-25,0.3325,0.3313
2013-06-26,0.3351,0.3295
2013-06-27,0.3304,0.3264
2013-06-28,0.3264,0.3271
2013-07-01,0.3295,0.3285
2013-07-02,0.3267,0.3283
2013-07-03,0.3255,0.3292
2013-07-05,0.3302,0.3318
2013-07-08,0.3327,0.3302
2013-07-09,0.3309,0.3318
2013-07-10,0.3318,0.3362
2013-07-11,0.3381,0.3409
2013-07-12,0.3402,0.3411
2013-07-15,0.3418,0.3404
2013-07-16,0.3418,0.3423
2013-07-17,0.3423,0.3404
2013-07-18,0.3399,0.339
2013-07-19,0.3369,0.3318
2013-07-22,0.3344,0.3316
2013-07-23,0.3357,0.3311
2013-07-24,0.3341,0.3311
2013-07-25,0.3309,0.3323
2013-07-26,0.3283,0.3309
2013-07-29,0.3302,0.3302
2013-07-30,0.3313,0.3357
2013-07-31,0.3341,0.3364
2013-08-01,0.3376,0.3411
2013-08-02,0.3404,0.3439
2013-08-05,0.343,0.3455
2013-08-06,0.3458,0.3404
2013-08-07,0.3385,0.3402
2013-08-08,0.342,0.3425
2013-08-09,0.329,0.3376
2013-08-12,0.3239,0.3348
2013-08-13,0.3353,0.336
2013-08-14,0.3353,0.3502
2013-08-15,0.3465,0.3525
2013-08-16,0.3518,0.3539
2013-08-19,0.3518,0.3483
2013-08-20,0.3482,0.3501
2013-08-21,0.348,0.3484
2013-08-22,0.3482,0.3503
2013-08-23,0.3508,0.3503
2013-08-26,0.3506,0.351
2013-08-27,0.3477,0.3466
2013-08-28,0.3473,0.3466
2013-08-29,0.3454,0.3459
2013-08-30,0.3461,0.3454
2013-09-03,0.3463,0.3456
2013-09-04,0.3456,0.3489
2013-09-05,0.3475,0.3499
2013-09-06,0.3501,0.3484
2013-09-09,0.3513,0.3543
2013-09-10,0.3569,0.3618
2013-09-11,0.3613,0.3679
2013-09-12,0.366,0.3677
2013-09-13,0.3688,0.37
2013-09-16,0.373,0.3702
2013-09-17,0.3716,0.3714
2013-09-18,0.3716,0.3747
2013-09-19,0.3763,0.373
2013-09-20,0.374,0.3698
2013-09-23,0.3695,0.3662
2013-09-24,0.3665,0.3677
2013-09-25,0.3669,0.3681
2013-09-26,0.3691,0.3669
2013-09-27,0.3641,0.3648
2013-09-30,0.3611,0.3644
2013-10-01,0.3648,0.3641
2013-10-02,0.3604,0.3639
2013-10-03,0.3641,0.3602
2013-10-04,0.3597,0.3651
2013-10-07,0.3637,0.3651
2013-10-08,0.3641,0.362
2013-10-09,0.3644,0.3564
2013-10-10,0.359,0.3604
2013-10-11,0.3548,0.3573
2013-10-14,0.3564,0.3627
2013-10-15,0.3627,0.3609
2013-10-16,0.363,0.3653
2013-10-17,0.3625,0.366
2013-10-18,0.3653,0.3702
2013-10-21,0.3747,0.3712
2013-10-22,0.3712,0.3693
2013-10-23,0.3686,0.363
2013-10-24,0.3639,0.3604
2013-10-25,0.3623,0.3569
2013-10-28,0.3564,0.3562
2013-10-29,0.3557,0.3566
2013-10-30,0.3578,0.3564
2013-10-31,0.3569,0.3557
2013-11-01,0.3576,0.3573
2013-11-04,0.3585,0.347
2013-11-05,0.3449,0.3466
2013-11-06,0.3466,0.3489
2013-11-07,0.3477,0.3407
2013-11-08,0.3513,0.3644
2013-11-11,0.363,0.3674
2013-11-12,0.3691,0.3681
2013-11-13,0.3672,0.3782
2013-11-14,0.377,0.3798
2013-11-15,0.3812,0.3787
2013-11-18,0.3705,0.3695
2013-11-19,0.3678,0.3635
2013-11-20,0.3638,0.3581
2013-11-21,0.3586,0.3609
2013-11-22,0.3614,0.3574
2013-11-25,0.3574,0.3652
2013-11-26,0.3692,0.3682
2013-11-27,0.368,0.3696
2013-11-29,0.3696,0.3673
2013-12-02,0.3659,0.3708
2013-12-03,0.3708,0.3706
2013-12-04,0.3696,0.3758
2013-12-05,0.3765,0.3696
2013-12-06,0.3741,0.3642
2013-12-09,0.3642,0.3581
2013-12-10,0.3581,0.3663
2013-12-11,0.3671,0.3628
2013-12-12,0.3616,0.3558
2013-12-13,0.3565,0.3536
2013-12-16,0.3539,0.3541
2013-12-17,0.3539,0.3558
2013-12-18,0.3565,0.3607
2013-12-19,0.3602,0.3621
2013-12-20,0.3628,0.3694
2013-12-23,0.3715,0.3715
2013-12-24,0.3736,0.3725
2013-12-26,0.3739,0.3689
2013-12-27,0.3708,0.3711
2013-12-30,0.3713,0.376
2013-12-31,0.3767,0.3772
2014-01-02,0.3748,0.3734
2014-01-03,0.3741,0.3689
2014-01-06,0.3727,0.3739
2014-01-07,0.3776,0.38
2014-01-08,0.3814,0.3852
2014-01-09,0.3793,0.3708
2014-01-10,0.372,0.3703
2014-01-13,0.3703,0.3616
2014-01-14,0.3635,0.3729
2014-01-15,0.3746,0.3769
2014-01-16,0.3769,0.3781
2014-01-17,0.3781,0.3765
2014-01-21,0.3769,0.3779
2014-01-22,0.3786,0.3774
2014-01-23,0.3762,0.376
2014-01-24,0.3729,0.3663
2014-01-27,0.3663,0.364
2014-01-28,0.3633,0.3675
2014-01-29,0.3661,0.364
2014-01-30,0.3661,0.3701
2014-01-31,0.3649,0.3696
2014-02-03,0.3722,0.3647
2014-02-04,0.3645,0.3668
2014-02-05,0.3642,0.3635
2014-02-06,0.364,0.3682
2014-02-07,0.3692,0.3736
2014-02-10,0.3732,0.3748
2014-02-11,0.3769,0.3826
2014-02-12,0.3838,0.3962
2014-02-13,0.4061,0.4087
2014-02-14,0.405,0.4217
2014-02-18,0.4219,0.4214
2014-02-19,0.4214,0.4271
2014-02-20,0.428,0.4422
2014-02-21,0.4415,0.4389
2014-02-24,0.4379,0.4452
2014-02-25,0.4446,0.4432
2014-02-26,0.4423,0.4425
2014-02-27,0.4425,0.4375
2014-02-28,0.4352,0.4347
2014-03-03,0.425,0.4326
2014-03-04,0.4347,0.4371
2014-03-05,0.4366,0.4408
2014-03-06,0.4416,0.4347
2014-03-07,0.4366,0.4342
2014-03-10,0.4328,0.4278
2014-03-11,0.43,0.4321
2014-03-12,0.43,0.4333
2014-03-13,0.4342,0.4196
2014-03-14,0.4153,0.4214
2014-03-17,0.4226,0.4214
2014-03-18,0.4231,0.4314
2014-03-19,0.4347,0.439
2014-03-20,0.4366,0.4392
2014-03-21,0.443,0.4385
2014-03-24,0.4387,0.4363
2014-03-25,0.4411,0.4363
2014-03-26,0.4404,0.4264
2014-03-27,0.4255,0.4207
2014-03-28,0.42,0.4233
2014-03-31,0.4241,0.4236
2014-04-01,0.4371,0.4411
2014-04-02,0.4411,0.4382
2014-04-03,0.4392,0.443
2014-04-04,0.4453,0.4293
2014-04-07,0.4295,0.4307
2014-04-08,0.4307,0.446
2014-04-09,0.4482,0.4456
2014-04-10,0.4437,0.4347
2014-04-11,0.4314,0.4285
2014-04-14,0.4314,0.4333
2014-04-15,0.4337,0.4363
2014-04-16,0.4385,0.4373
2014-04-17,0.4356,0.439
2014-04-21,0.4392,0.4425
2014-04-22,0.4432,0.4463
2014-04-23,0.447,0.4515
2014-04-24,0.4546,0.4555
2014-04-25,0.4546,0.443
2014-04-28,0.4465,0.4411
2014-04-29,0.4427,0.442
2014-04-30,0.4413,0.4368
2014-05-01,0.4434,0.4392
2014-05-02,0.4413,0.4359
2014-05-05,0.4354,0.4406
2014-05-06,0.4449,0.4316
2014-05-07,0.4316,0.4321
2014-05-08,0.4304,0.4375
2014-05-09,0.4243,0.4269
2014-05-12,0.4278,0.4394
2014-05-13,0.4335,0.4323
2014-05-14,0.4326,0.4281
2014-05-15,0.4271,0.4257
2014-05-16,0.4224,0.4248
2014-05-19,0.4293,0.4385
2014-05-20,0.4386,0.4334
2014-05-21,0.435,0.4334
2014-05-22,0.4324,0.4353
2014-05-23,0.4376,0.4393
2014-05-27,0.4419,0.4471
2014-05-28,0.4488,0.451
2014-05-29,0.4507,0.4502
2014-05-30,0.4502,0.4514
2014-06-02,0.4529,0.45
2014-06-03,0.451,0.4481
2014-06-04,0.4469,0.4486
2014-06-05,0.4493,0.4505
2014-06-06,0.4526,0.4521
2014-06-09,0.4517,0.4526
2014-06-10,0.451,0.455
2014-06-11,0.4533,0.4609
2014-06-12,0.4609,0.4638
2014-06-13,0.4685,0.4643
2014-06-16,0.4621,0.4628
2014-06-17,0.4633,0.4659
2014-06-18,0.4647,0.4654
2014-06-19,0.4569,0.4548
2014-06-20,0.4559,0.4498
2014-06-23,0.4438,0.4445
2014-06-24,0.4438,0.4376
2014-06-25,0.4388,0.4422
2014-06-26,0.4422,0.4362
2014-06-27,0.4357,0.4367
2014-06-30,0.435,0.4405
2014-07-01,0.44,0.4455
2014-07-02,0.4438,0.4438
2014-07-03,0.4398,0.4479
2014-07-07,0.4486,0.4443
2014-07-08,0.4431,0.4407
2014-07-09,0.4445,0.454
2014-07-10,0.4455,0.4517
2014-07-11,0.4521,0.4526
2014-07-14,0.4545,0.4583
2014-07-15,0.459,0.4602
2014-07-16,0.4621,0.4597
2014-07-17,0.4545,0.4586
2014-07-18,0.4491,0.4381
2014-07-21,0.4365,0.4407
2014-07-22,0.4441,0.4388
2014-07-23,0.4391,0.4296
2014-07-24,0.4319,0.4303
2014-07-25,0.4289,0.4227
2014-07-28,0.4246,0.421
2014-07-29,0.4213,0.4224
2014-07-30,0.4251,0.4296
2014-07-31,0.4243,0.4158
2014-08-01,0.4158,0.4203
2014-08-04,0.4198,0.4194
2014-08-05,0.4182,0.4196
2014-08-06,0.4167,0.4191
2014-08-07,0.4227,0.4148
2014-08-08,0.4329,0.4514
2014-08-11,0.4519,0.4491
2014-08-12,0.4488,0.4491
2014-08-13,0.4498,0.4517
2014-08-14,0.4533,0.4467
2014-08-15,0.4481,0.4524
2014-08-18,0.4543,0.4586
2014-08-19,0.4587,0.4623
2014-08-20,0.4606,0.4594
2014-08-21,0.4582,0.4551
2014-08-22,0.4546,0.4553
2014-08-25,0.4572,0.456
2014-08-26,0.4572,0.4642
2014-08-27,0.4613,0.4589
2014-08-28,0.458,0.4627
2014-08-29,0.4644,0.4642
2014-09-02,0.4654,0.4654
2014-09-03,0.4677,0.4697
2014-09-04,0.4689,0.478
2014-09-05,0.4775,0.4766
2014-09-08,0.4761,0.4723
2014-09-09,0.4701,0.4663
2014-09-10,0.4689,0.468
2014-09-11,0.4646,0.4632
2014-09-12,0.4661,0.4563
2014-09-15,0.4577,0.4501
2014-09-16,0.4489,0.4568
2014-09-17,0.4556,0.457
2014-09-18,0.4599,0.4639
2014-09-19,0.4654,0.4553
2014-09-22,0.4646,0.4508
2014-09-23,0.4484,0.4489
2014-09-24,0.4487,0.4515
2014-09-25,0.451,0.4417
2014-09-26,0.4432,0.4427
2014-09-29,0.4391,0.442
2014-09-30,0.4401,0.4403
2014-10-01,0.441,0.436
2014-10-02,0.4353,0.4341
2014-10-03,0.4367,0.435
2014-10-06,0.4367,0.4324
2014-10-07,0.4305,0.4279
2014-10-08,0.4274,0.4358
2014-10-09,0.4339,0.4274
2014-10-10,0.4241,0.4021
2014-10-13,0.4047,0.4007
2014-10-14,0.4062,0.41
2014-10-15,0.404,0.4162
2014-10-16,0.4088,0.4164
2014-10-17,0.4214,0.4157
2014-10-20,0.4157,0.4193
2014-10-21,0.4224,0.4372
2014-10-22,0.4365,0.4269
2014-10-23,0.4343,0.4365
2014-10-24,0.4391,0.441
2014-10-27,0.4408,0.4413
2014-10-28,0.4401,0.4518
2014-10-29,0.4498,0.4489
2014-10-30,0.4477,0.446
2014-10-31,0.4563,0.4663
2014-11-03,0.477,0.4742
2014-11-04,0.4773,0.4804
2014-11-05,0.4833,0.4804
2014-11-06,0.4813,0.4825
2014-11-07,0.488,0.4723
2014-11-10,0.4718,0.4778
2014-11-11,0.4749,0.472
2014-11-12,0.4704,0.4689
2014-11-13,0.4706,0.4665
2014-11-14,0.467,0.4723
2014-11-17,0.4701,0.4701
2014-11-18,0.4704,0.4813
2014-11-19,0.4817,0.4795
2014-11-20,0.4762,0.4875
2014-11-21,0.4918,0.4901
2014-11-24,0.4913,0.4932
2014-11-25,0.4922,0.493
2014-11-26,0.4901,0.5014
2014-11-28,0.503,0.5026
2014-12-01,0.5004,0.4932
2014-12-02,0.4927,0.4939
2014-12-03,0.4963,0.5066
2014-12-04,0.5059,0.5021
2014-12-05,0.5023,0.505
2014-12-08,0.5042,0.4985
2014-12-09,0.4954,0.4968
2014-12-10,0.4954,0.4858
2014-12-11,0.4887,0.4855
2014-12-12,0.4791,0.4704
2014-12-15,0.476,0.469
2014-12-16,0.4685,0.4637
2014-12-17,0.4731,0.4827
2014-12-18,0.4887,0.4846
2014-12-19,0.4879,0.4894
2014-12-22,0.4889,0.498
2014-12-23,0.5018,0.4949
2014-12-24,0.4961,0.493
2014-12-26,0.493,0.4934
2014-12-29,0.492,0.4927
2014-12-30,0.4894,0.4882
2014-12-31,0.4889,0.4805
2015-01-02,0.4824,0.4824
2015-01-05,0.4824,0.4743
2015-01-06,0.475,0.4599
2015-01-07,0.4633,0.4587
2015-01-08,0.464,0.476
2015-01-09,0.4776,0.4779
2015-01-12,0.4791,0.4719
2015-01-13,0.4755,0.4712
2015-01-14,0.4661,0.4731
2015-01-15,0.4764,0.4697
2015-01-16,0.469,0.4783
2015-01-20,0.4817,0.4798
2015-01-21,0.4772,0.4865
2015-01-22,0.4875,0.4949
2015-01-23,0.4954,0.4963
2015-01-26,0.4942,0.4942
2015-01-27,0.4865,0.4704
2015-01-28,0.4762,0.4628
2015-01-29,0.463,0.474
2015-01-30,0.4707,0.4601
2015-02-02,0.463,0.4702
2015-02-03,0.4736,0.4819
2015-02-04,0.4805,0.4831
2015-02-05,0.4836,0.4911
2015-02-06,0.4906,0.4889
2015-02-09,0.486,0.4884
2015-02-10,0.4889,0.5021
2015-02-11,0.5033,0.4987
2015-02-12,0.5272,0.5344
2015-02-13,0.5332,0.5347
2015-02-17,0.5337,0.5363
2015-02-18,0.5356,0.5301
2015-02-19,0.5368,0.5316
2015-02-20,0.5311,0.5354
2015-02-23,0.5351,0.5311
2015-02-24,0.5331,0.5367
2015-02-25,0.5346,0.5326
2015-02-26,0.5331,0.5341
2015-02-27,0.5326,0.5307
2015-03-02,0.5293,0.5437
2015-03-03,0.5396,0.5336
2015-03-04,0.5317,0.5396
2015-03-05,0.5396,0.55
2015-03-06,0.5468,0.5425
2015-03-09,0.5427,0.5439
2015-03-10,0.5463,0.5533
2015-03-11,0.5533,0.5504
2015-03-12,0.5451,0.5454
2015-03-13,0.5427,0.5461
2015-03-16,0.5504,0.5526
2015-03-17,0.5514,0.5593
2015-03-18,0.5593,0.5502
2015-03-19,0.5521,0.5586
2015-03-20,0.5632,0.5646
2015-03-23,0.5478,0.5463
2015-03-24,0.5447,0.5389
2015-03-25,0.5387,0.5062
2015-03-26,0.4958,0.5045
2015-03-27,0.5074,0.5144
2015-03-30,0.5168,0.5165
2015-03-31,0.5151,0.5035
2015-04-01,0.5055,0.5055
2015-04-02,0.5083,0.5067
2015-04-06,0.5045,0.5213
2015-04-07,0.5213,0.5259
2015-04-08,0.5264,0.5297
2015-04-09,0.5257,0.542
2015-04-10,0.5425,0.5476
2015-04-13,0.5463,0.5425
2015-04-14,0.5403,0.5379
2015-04-15,0.5394,0.5444
2015-04-16,0.5413,0.5411
2015-04-17,0.5297,0.5341
2015-04-20,0.5365,0.5314
2015-04-21,0.5379,0.5307
2015-04-22,0.5338,0.5367
2015-04-23,0.5269,0.5346
2015-04-24,0.5343,0.53
2015-04-27,0.5317,0.5341
2015-04-28,0.5331,0.5367
2015-04-29,0.5329,0.5326
2015-04-30,0.53,0.5341
2015-05-01,0.5384,0.5473
2015-05-04,0.5468,0.5439
2015-05-05,0.542,0.53
2015-05-06,0.5329,0.5317
2015-05-07,0.5295,0.5411
2015-05-08,0.5055,0.5011
2015-05-11,0.4941,0.4963
2015-05-12,0.4927,0.5011
2015-05-13,0.5047,0.504
2015-05-14,0.5055,0.5122
2015-05-15,0.5144,0.5124
2015-05-18,0.5112,0.5117
2015-05-19,0.5124,0.5085
2015-05-20,0.5088,0.5085
2015-05-21,0.5088,0.5049
2015-05-22,0.5061,0.5042
2015-05-26,0.5017,0.501
2015-05-27,0.5044,0.5279
2015-05-28,0.5279,0.5351
2015-05-29,0.5351,0.5349
2015-06-01,0.5382,0.5409
2015-06-02,0.5375,0.5303
2015-06-03,0.5317,0.5245
2015-06-04,0.5213,0.5339
2015-06-05,0.5322,0.538
2015-06-08,0.5363,0.5257
2015-06-09,0.5262,0.5283
2015-06-10,0.5221,0.5189
2015-06-11,0.5189,0.5245
2015-06-12,0.5211,0.5102
2015-06-15,0.5075,0.5092
2015-06-16,0.5083,0.5155
2015-06-17,0.5153,0.5216
2015-06-18,0.5259,0.5303
2015-06-19,0.5303,0.5286
2015-06-22,0.5295,0.5264
2015-06-23,0.5274,0.5129
2015-06-24,0.5121,0.5078
2015-06-25,0.5078,0.5117
2015-06-26,0.5075,0.5013
2015-06-29,0.4955,0.4863
2015-06-30,0.4892,0.486
2015-07-01,0.4981,0.493
2015-07-02,0.4928,0.4935
2015-07-06,0.4894,0.4875
2015-07-07,0.4846,0.4783
2015-07-08,0.4756,0.4749
2015-07-09,0.4824,0.4691
2015-07-10,0.4752,0.4773
2015-07-13,0.4822,0.4805
2015-07-14,0.4812,0.4807
2015-07-15,0.4795,0.4773
2015-07-16,0.4802,0.488
2015-07-17,0.4863,0.4851
2015-07-20,0.4851,0.4761
2015-07-21,0.4752,0.4783
2015-07-22,0.4749,0.4691
2015-07-23,0.4701,0.4749
2015-07-24,0.4783,0.4694
2015-07-27,0.4653,0.4667
2015-07-28,0.4679,0.4769
2015-07-29,0.4759,0.4827
2015-07-30,0.4814,0.4839
2015-07-31,0.4858,0.4822
2015-08-03,0.486,0.4904
2015-08-04,0.4887,0.4923
2015-08-05,0.5044,0.4974
2015-08-06,0.4962,0.4943
2015-08-07,0.5428,0.5554
2015-08-10,0.5515,0.5747
2015-08-11,0.5663,0.5718
2015-08-12,0.5627,0.5733
2015-08-13,0.574,0.5685
2015-08-14,0.568,0.5689
2015-08-17,0.568,0.5653
2015-08-18,0.5636,0.5602
2015-08-19,0.5594,0.558
2015-08-20,0.5517,0.5378
2015-08-21,0.534,0.5211
2015-08-24,0.492,0.5026
2015-08-25,0.5247,0.4922
2015-08-26,0.5082,0.5293
2015-08-27,0.5349,0.5492
2015-08-28,0.5492,0.5517
2015-08-31,0.549,0.5456
2015-09-01,0.5298,0.5233
2015-09-02,0.5376,0.5391
2015-09-03,0.5471,0.5405
2015-09-04,0.5313,0.5279
2015-09-08,0.5408,0.5505
2015-09-09,0.5522,0.5395
2015-09-10,0.5364,0.548
2015-09-11,0.542,0.5497
2015-09-14,0.5524,0.5507
2015-09-15,0.5509,0.5568
2015-09-16,0.5558,0.5607
2015-09-17,0.5704,0.5658
2015-09-18,0.558,0.5653
2015-09-21,0.566,0.5711
2015-09-22,0.5587,0.5556
2015-09-23,0.556,0.5582
2015-09-24,0.5548,0.5689
2015-09-25,0.5759,0.573
2015-09-28,0.573,0.5655
2015-09-29,0.5716,0.5755
2015-09-30,0.5808,0.5983
2015-10-01,0.5983,0.5866
2015-10-02,0.5835,0.6019
2015-10-05,0.6058,0.617
2015-10-06,0.6104,0.625
2015-10-07,0.6264,0.6315
2015-10-08,0.6289,0.6352
2015-10-09,0.6318,0.6327
2015-10-12,0.6335,0.6395
2015-10-13,0.6344,0.6407
2015-10-14,0.6415,0.664
2015-10-15,0.6653,0.6657
2015-10-16,0.6679,0.6762
2015-10-19,0.6784,0.675
2015-10-20,0.6721,0.674
2015-10-21,0.6781,0.6653
2015-10-22,0.673,0.6893
2015-10-23,0.6954,0.6939
2015-10-26,0.6944,0.6907
2015-10-27,0.6873,0.6903
2015-10-28,0.6946,0.6958
2015-10-29,0.6847,0.6718
2015-10-30,0.6791,0.6886
2015-11-02,0.6907,0.6966
2015-11-03,0.6924,0.6917
2015-11-04,0.6898,0.6803
2015-11-05,0.6837,0.6725
2015-11-06,0.739,0.7657
2015-11-09,0.7582,0.7623
2015-11-10,0.7524,0.7478
2015-11-11,0.7483,0.7405
2015-11-12,0.7388,0.7378
2015-11-13,0.7386,0.7233
2015-11-16,0.7327,0.7378
2015-11-17,0.7398,0.7378
2015-11-18,0.7409,0.756
2015-11-19,0.7587,0.7582
2015-11-20,0.7638,0.7648
2015-11-23,0.7711,0.7533
2015-11-24,0.7533,0.7594
2015-11-25,0.7579,0.7584
2015-11-27,0.7599,0.7648
2015-11-30,0.7655,0.7728
2015-12-01,0.7796,0.7979
2015-12-02,0.7991,0.7918
2015-12-03,0.7981,0.7901
2015-12-04,0.7901,0.8222
2015-12-07,0.822,0.8067
2015-12-08,0.7967,0.8176
2015-12-09,0.8174,0.7969
2015-12-10,0.7993,0.8035
2015-12-11,0.7954,0.7915
2015-12-14,0.7923,0.7935
2015-12-15,0.8025,0.8032
2015-12-16,0.8049,0.8081
2015-12-17,0.8093,0.7959
2015-12-18,0.7903,0.783
2015-12-21,0.7915,0.8015
2015-12-22,0.804,0.8023
2015-12-23,0.8035,0.8054
2015-12-24,0.803,0.8081
2015-12-28,0.7996,0.8074
2015-12-29,0.8079,0.8205
2015-12-30,0.8198,0.8135
2015-12-31,0.8123,0.803
2016-01-04,0.7867,0.7886
2016-01-05,0.8035,0.8013
2016-01-06,0.7881,0.7682
2016-01-07,0.7489,0.7377
2016-01-08,0.7472,0.7219
2016-01-11,0.7226,0.7231
2016-01-12,0.736,0.7353
2016-01-13,0.7409,0.7129
2016-01-14,0.6982,0.6985
2016-01-15,0.6705,0.6605
2016-01-19,0.6741,0.6658
2016-01-20,0.6532,0.6695
2016-01-21,0.6768,0.6773
2016-01-22,0.6902,0.6931
2016-01-25,0.6929,0.6924
2016-01-26,0.6939,0.6992
2016-01-27,0.6982,0.6909
2016-01-28,0.6965,0.6834
2016-01-29,0.6892,0.7136
2016-02-01,0.7129,0.7138
2016-02-02,0.7065,0.6836
2016-02-03,0.689,0.687
2016-02-04,0.688,0.6873
2016-02-05,0.6826,0.6439
2016-02-08,0.6342,0.6144
2016-02-09,0.6071,0.621
2016-02-10,0.6249,0.6195
2016-02-11,0.6037,0.6164
2016-02-12,0.6261,0.6269
2016-02-16,0.6359,0.6576
2016-02-17,0.6658,0.6739
2016-02-18,0.7292,0.7319
2016-02-19,0.728,0.7416
2016-02-22,0.7523,0.7679
2016-02-23,0.7618,0.7699
2016-02-24,0.7667,0.7752
2016-02-25,0.7781,0.7769
2016-02-26,0.7806,0.7718
2016-02-29,0.7729,0.7668
2016-03-01,0.7688,0.8008
2016-03-02,0.7964,0.8054
2016-03-03,0.8045,0.7983
2016-03-04,0.8045,0.7959
2016-03-07,0.7915,0.7908
2016-03-08,0.7827,0.7763
2016-03-09,0.7832,0.7759
2016-03-10,0.7805,0.7746
2016-03-11,0.7861,0.7878
2016-03-14,0.7842,0.7898
2016-03-15,0.7856,0.7859
2016-03-16,0.78,0.8093
2016-03-17,0.8064,0.8025
2016-03-18,0.812,0.8267
2016-03-21,0.8194,0.8292
2016-03-22,0.8265,0.8277
2016-03-23,0.8314,0.8419
2016-03-24,0.8343,0.8431
2016-03-28,0.8416,0.8517
2016-03-29,0.848,0.8653
2016-03-30,0.8685,0.8744
2016-03-31,0.8783,0.8712
2016-04-01,0.8658,0.8839
2016-04-04,0.8913,0.8754
2016-04-05,0.8675,0.8741
2016-04-06,0.8631,0.8754
2016-04-07,0.8697,0.8663
2016-04-08,0.8734,0.8719
2016-04-11,0.8771,0.8773
2016-04-12,0.8803,0.8763
2016-04-13,0.8803,0.8984
2016-04-14,0.8959,0.9008
2016-04-15,0.9006,0.9079
2016-04-18,0.9062,0.904
2016-04-19,0.9074,0.8878
2016-04-20,0.8864,0.8913
2016-04-21,0.8915,0.8903
2016-04-22,0.8932,0.8869
2016-04-25,0.8871,0.8913
2016-04-26,0.8966,0.892
2016-04-27,0.8898,0.9123
2016-04-28,0.9067,0.8851
2016-04-29,0.8815,0.8688
2016-05-02,0.8771,0.8803
2016-05-03,0.8702,0.8697
2016-05-04,0.8592,0.8499
2016-05-05,0.857,0.8551
2016-05-06,0.8536,0.8639
2016-05-09,0.8661,0.8627
2016-05-10,0.868,0.8793
2016-05-11,0.882,0.8817
2016-05-12,0.8881,0.8697
2016-05-13,0.9583,1.002
2016-05-16,0.9944,1.0316
2016-05-17,1.027,1.0338
2016-05-18,1.027,1.0602
2016-05-19,1.0561,1.0649
2016-05-20,1.0715,1.0839
2016-05-23,1.0886,1.0857
2016-05-24,1.089,1.112
2016-05-25,1.1154,1.1073
2016-05-26,1.1093,1.1191
2016-05-27,1.1203,1.1252
2016-05-31,1.1301,1.1453
2016-06-01,1.14,1.1476
2016-06-02,1.1537,1.1556
2016-06-03,1.1444,1.1395
2016-06-06,1.1424,1.1336
2016-06-07,1.1404,1.1358
2016-06-08,1.136,1.1321
2016-06-09,1.1282,1.1615
2016-06-10,1.1478,1.1326
2016-06-13,1.1338,1.1471
2016-06-14,1.1444,1.1493
2016-06-15,1.1588,1.161
2016-06-16,1.1525,1.1657
2016-06-17,1.1672,1.1453
2016-06-20,1.1637,1.1659
2016-06-21,1.1708,1.1588
2016-06-22,1.1613,1.1578
2016-06-23,1.1689,1.1887
2016-06-24,1.14,1.1211
2016-06-27,1.1118,1.1091
2016-06-28,1.1301,1.1252
2016-06-29,1.1351,1.1436
2016-06-30,1.1456,1.1525
2016-07-01,1.1461,1.1439
2016-07-05,1.1375,1.1608
2016-07-06,1.1527,1.1681
2016-07-07,1.176,1.1985
2016-07-08,1.2113,1.2466
2016-07-11,1.2645,1.2753
2016-07-12,1.2895,1.2944
2016-07-13,1.2969,1.2939
2016-07-14,1.3008,1.3071
2016-07-15,1.2905,1.2919
2016-07-18,1.3079,1.2986
2016-07-19,1.2978,1.312
2016-07-20,1.3165,1.3292
2016-07-21,1.3263,1.3047
2016-07-22,1.3094,1.3402
2016-07-25,1.3483,1.365
2016-07-26,1.377,1.3883
2016-07-27,1.4003,1.3743
2016-07-28,1.3775,1.3773
2016-07-29,1.3824,1.3998
2016-08-01,1.4057,1.3907
2016-08-02,1.3974,1.3738
2016-08-03,1.3721,1.3775
2016-08-04,1.3841,1.403
2016-08-05,1.4192,1.4268
2016-08-08,1.4464,1.44
2016-08-09,1.4471,1.4437
2016-08-10,1.4564,1.4344
2016-08-11,1.442,1.4636
2016-08-12,1.5175,1.5454
2016-08-15,1.5471,1.544
2016-08-16,1.5418,1.5346
2016-08-17,1.5346,1.4991
2016-08-18,1.4969,1.5224
2016-08-19,1.5217,1.5263
2016-08-22,1.531,1.5327
2016-08-23,1.5483,1.5451
2016-08-24,1.5505,1.5213
2016-08-25,1.5218,1.5112
2016-08-26,1.5151,1.5235
2016-08-29,1.5296,1.5225
2016-08-30,1.5205,1.5137
2016-08-31,1.5166,1.5065
2016-09-01,1.5078,1.551
2016-09-02,1.5542,1.5358
2016-09-06,1.5412,1.5502
2016-09-07,1.5453,1.5274
2016-09-08,1.5259,1.5385
2016-09-09,1.5215,1.4618
2016-09-12,1.4424,1.492
2016-09-13,1.4884,1.4704
2016-09-14,1.4739,1.4834
2016-09-15,1.4859,1.5397
2016-09-16,1.5451,1.5434
2016-09-19,1.5596,1.5638
2016-09-20,1.5817,1.5495
2016-09-21,1.5542,1.593
2016-09-22,1.6023,1.5969
2016-09-23,1.5989,1.5952
2016-09-26,1.577,1.5802
2016-09-27,1.5741,1.6342
2016-09-28,1.6367,1.6401
2016-09-29,1.6374,1.6554
2016-09-30,1.6645,1.6829
2016-10-03,1.6829,1.6812
2016-10-04,1.6836,1.6775
2016-10-05,1.6917,1.6757
2016-10-06,1.6556,1.6539
2016-10-07,1.6649,1.6419
2016-10-10,1.6505,1.648
2016-10-11,1.6426,1.6242
2016-10-12,1.6175,1.6315
2016-10-13,1.6124,1.605
2016-10-14,1.6247,1.6207
2016-10-17,1.6205,1.6114
2016-10-18,1.6338,1.636
2016-10-19,1.6249,1.6325
2016-10-20,1.6517,1.6635
2016-10-21,1.6576,1.6588
2016-10-24,1.6701,1.7367
2016-10-25,1.7337,1.7651
2016-10-26,1.7504,1.7723
2016-10-27,1.7858,1.7359
2016-10-28,1.7443,1.733
2016-10-31,1.7386,1.7477
2016-11-01,1.7541,1.6959
2016-11-02,1.7089,1.6888
2016-11-03,1.6966,1.6691
2016-11-04,1.6581,1.6595
2016-11-07,1.7082,1.7504
2016-11-08,1.757,1.7477
2016-11-09,1.7003,1.7182
2016-11-10,1.7558,1.6645
2016-11-11,1.9528,2.1606
2016-11-14,2.1635,2.0542
2016-11-15,2.0702,2.1169
2016-11-16,2.1451,2.2505
2016-11-17,2.2672,2.2691
2016-11-18,2.2691,2.2929
2016-11-21,2.3109,2.2836
2016-11-22,2.2915,2.3001
2016-11-23,2.3052,2.3114
2016-11-25,2.3225,2.3161
2016-11-28,2.3089,2.3148
2016-11-29,2.3121,2.2937
2016-11-30,2.3023,2.2678
2016-12-01,2.2654,2.1557
2016-12-02,2.1215,2.1756
2016-12-05,2.2135,2.26
2016-12-06,2.2681,2.2971
2016-12-07,2.2836,2.3384
2016-12-08,2.3414,2.2993
2016-12-09,2.317,2.2585
2016-12-12,2.21,2.2037
2016-12-13,2.2159,2.2425
2016-12-14,2.2762,2.3724
2016-12-15,2.3835,2.428
2016-12-16,2.4555,2.4698
2016-12-19,2.4523,2.4998
2016-12-20,2.5724,2.5869
2016-12-21,2.5984,2.6031
2016-12-22,2.6275,2.6346
2016-12-23,2.6166,2.7003
2016-12-27,2.7563,2.8857
2016-12-28,2.9418,2.6872
2016-12-29,2.5802,2.7409
2016-12-30,2.7389,2.6255
2017-01-03,2.5679,2.5091
2017-01-04,2.5433,2.5677
2017-01-05,2.5711,2.5025
2017-01-06,2.5298,2.536
2017-01-09,2.5458,2.6388
2017-01-10,2.6518,2.6188
2017-01-11,2.6073,2.5866
2017-01-12,2.5638,2.5443
2017-01-13,2.5483,2.5441
2017-01-17,2.5335,2.487
2017-01-18,2.4656,2.5323
2017-01-19,2.5352,2.5866
2017-01-20,2.6093,2.5583
2017-01-23,2.5532,2.5849
2017-01-24,2.595,2.64
2017-01-25,2.6823,2.6513
2017-01-26,2.654,2.6971
2017-01-27,2.704,2.7492
2017-01-30,2.7283,2.7062
2017-01-31,2.6799,2.6855
2017-02-01,2.7199,2.8028
2017-02-02,2.7868,2.8383
2017-02-03,2.8397,2.8134
2017-02-06,2.8041,2.8855
2017-02-07,2.9197,2.9302
2017-02-08,2.9123,2.9175
2017-02-09,2.9236,2.8626
2017-02-10,2.9499,2.7947
2017-02-13,2.7891,2.6658
2017-02-14,2.6562,2.6757
2017-02-15,2.6786,2.6811
2017-02-16,2.6907,2.638
2017-02-17,2.6245,2.6375
2017-02-21,2.6621,2.732
2017-02-22,2.7441,2.7278
2017-02-23,2.5983,2.4749
2017-02-24,2.3907,2.4988
2017-02-27,2.517,2.5714
2017-02-28,2.581,2.4993
2017-03-01,2.5562,2.5315
2017-03-02,2.5187,2.4382
2017-03-03,2.4276,2.4241
2017-03-06,2.3879,2.4054
2017-03-07,2.4054,2.4318
2017-03-08,2.4801,2.4273
2017-03-09,2.4113,2.4269
2017-03-10,2.4532,2.4411
2017-03-13,2.4515,2.5084
2017-03-14,2.5212,2.5066
2017-03-15,2.5182,2.5256
2017-03-16,2.5362,2.5566
2017-03-17,2.5741,2.6123
2017-03-20,2.6298,2.6955
2017-03-21,2.6783,2.6084
2017-03-22,2.5973,2.6616
2017-03-23,2.6537,2.6374
2017-03-24,2.6837,2.6468
2017-03-27,2.6002,2.666
2017-03-28,2.6672,2.6522
2017-03-29,2.6596,2.6436
2017-03-30,2.6507,2.6943
2017-03-31,2.6847,2.6827
2017-04-03,2.6832,2.6692
2017-04-04,2.5465,2.482
2017-04-05,2.4633,2.4635
2017-04-06,2.4687,2.4815
2017-04-07,2.4879,2.4709
2017-04-10,2.4717,2.4079
2017-04-11,2.3778,2.4165
2017-04-12,2.4165,2.3966
2017-04-13,2.3724,2.3517
2017-04-17,2.3645,2.4438
2017-04-18,2.4296,2.4453
2017-04-19,2.4628,2.4549
2017-04-20,2.4695,2.4938
2017-04-21,2.4835,2.5042
2017-04-24,2.5357,2.5355
2017-04-25,2.55,2.5795
2017-04-26,2.5931,2.5618
2017-04-27,2.5692,2.6017
2017-04-28,2.5948,2.5687
2017-05-01,2.5795,2.6263
2017-05-02,2.5995,2.5485
2017-05-03,2.5416,2.5675
2017-05-04,2.5736,2.5576
2017-05-05,2.5461,2.5579
2017-05-08,2.5697,2.531
2017-05-09,2.5367,2.5352
2017-05-10,2.8147,2.9871
2017-05-11,2.9566,3.1155
2017-05-12,3.1187,3.1497
2017-05-15,3.1908,3.3078
2017-05-16,3.3588,3.3694
2017-05-17,3.3026,3.1455
2017-05-18,3.1893,3.2773
2017-05-19,3.3783,3.353
2017-05-22,3.3966,3.4244
2017-05-23,3.4442,3.3783
2017-05-24,3.4752,3.4163
2017-05-25,3.4516,3.4087
2017-05-26,3.4005,3.4969
2017-05-30,3.5428,3.5716
2017-05-31,3.6165,3.5588
2017-06-01,3.5746,3.5591
2017-06-02,3.5561,3.5413
2017-06-05,3.525,3.649
2017-06-06,3.6444,3.6325
2017-06-07,3.6569,3.6764
2017-06-08,3.7834,3.9432
2017-06-09,4.0615,3.6882
2017-06-12,3.5965,3.6974
2017-06-13,3.8066,3.7326
2017-06-14,3.7356,3.7405
2017-06-15,3.6232,3.7565
2017-06-16,3.7662,3.738
2017-06-19,3.7822,3.8786
2017-06-20,3.9207,3.8729
2017-06-21,3.9005,3.9316
2017-06-22,3.9397,3.9045
2017-06-23,3.9121,3.7925
2017-06-26,3.8253,3.7511
2017-06-27,3.7336,3.6138
2017-06-28,3.6813,3.7413
2017-06-29,3.7129,3.6163
2017-06-30,3.6335,3.564
2017-07-03,3.5761,3.435
2017-07-05,3.4984,3.5268
2017-07-06,3.4977,3.5374
2017-07-07,3.5941,3.6182
2017-07-10,3.6917,3.7893
2017-07-11,3.793,3.8431
2017-07-12,3.9027,4.0065
2017-07-13,4.0186,3.9602
2017-07-14,3.9765,4.0667
2017-07-17,4.1007,4.0494
2017-07-18,3.9885,4.0916
2017-07-19,4.1007,4.0704
2017-07-20,4.0908,4.1296
2017-07-21,4.1091,4.1443
2017-07-24,4.1515,4.0963
2017-07-25,4.0733,4.0765
2017-07-26,4.134,4.1236
2017-07-27,4.1485,3.9875
2017-07-28,3.9518,4.0529
2017-07-31,4.0664,4.0065
2017-08-01,3.9972,4.0553
2017-08-02,4.0864,4.0529
2017-08-03,4.0524,4.1044
2017-08-04,4.1271,4.1224
2017-08-07,4.1515,4.2491
2017-08-08,4.2871,4.1986
2017-08-09,4.1525,4.2432
2017-08-10,4.2444,4.0615
2017-08-11,3.8741,3.845
2017-08-14,3.9365,4.1517
2017-08-15,4.1569,4.1167
2017-08-16,4.1318,4.0716
2017-08-17,4.0632,3.9809
2017-08-18,4.0351,3.9816
2017-08-21,4.006,3.9237
2017-08-22,3.9602,4.011
2017-08-23,3.9777,4.0912
2017-08-24,4.1233,4.0762
2017-08-25,4.1004,4.0421
2017-08-28,4.0611,4.0708
2017-08-29,4.012,4.0641
2017-08-30,4.0838,4.0883
2017-08-31,4.1085,4.1811
2017-09-01,4.1936,4.2062
2017-09-05,4.1549,4.094
2017-09-06,4.1268,4.0915
2017-09-07,4.1083,4.1105
2017-09-08,4.0989,4.0392
2017-09-11,4.0848,4.1702
2017-09-12,4.1949,4.1853
2017-09-13,4.1601,4.204
2017-09-14,4.165,4.1801
2017-09-15,4.2655,4.4443
2017-09-18,4.5685,4.6279
2017-09-19,4.5776,4.623
2017-09-20,4.6267,4.5857
2017-09-21,4.4821,4.4604
2017-09-22,4.449,4.417
2017-09-25,4.3861,4.2196
2017-09-26,4.354,4.2432
2017-09-27,4.3336,4.3363
2017-09-28,4.3434,4.335
2017-09-29,4.4189,4.4113
2017-10-02,4.4614,4.417
2017-10-03,4.4231,4.4261
2017-10-04,4.4323,4.4631
2017-10-05,4.4875,4.4606
2017-10-06,4.433,4.4737
2017-10-09,4.5105,4.5746
2017-10-10,4.7237,4.662
2017-10-11,4.6785,4.7116
2017-10-12,4.715,4.7138
2017-10-13,4.776,4.8017
2017-10-16,4.8315,4.8841
2017-10-17,4.8633,4.8796
2017-10-18,4.8885,4.8754
2017-10-19,4.798,4.8809
2017-10-20,4.8979,4.8587
2017-10-23,4.8804,4.8517
2017-10-24,4.8609,4.9026
2017-10-25,4.8631,4.7787
2017-10-26,4.8063,4.8288
2017-10-27,4.8809,4.981
2017-10-30,4.981,5.0299
2017-10-31,5.0617,5.1032
2017-11-01,5.1659,5.1128
2017-11-02,5.0832,5.0817
2017-11-03,5.1128,5.1496
2017-11-06,5.1128,5.1728
2017-11-07,5.1955,5.232
2017-11-08,5.2276,5.1612
2017-11-09,5.0652,5.0664
2017-11-10,5.2579,5.3334
2017-11-13,5.3334,5.2468
2017-11-14,5.2559,5.2851
2017-11-15,5.23,5.1814
2017-11-16,5.2554,5.2216
2017-11-17,5.2786,5.2155
2017-11-20,5.231,5.2826
2017-11-21,5.3223,5.3312
2017-11-22,5.3584,5.3072
2017-11-24,5.3235,5.3574
2017-11-27,5.366,5.2877
2017-11-28,5.2929,5.203
2017-11-29,5.1858,4.8502
2017-11-30,4.9188,4.9561
2017-12-01,4.9215,4.8813
2017-12-04,4.9398,4.6092
2017-12-05,4.504,4.6358
2017-12-06,4.5855,4.6734
2017-12-07,4.74,4.7408
2017-12-08,4.7907,4.7284
2017-12-11,4.7425,4.8067
2017-12-12,4.7633,4.7124
2017-12-13,4.7534,4.5973
2017-12-14,4.5909,4.6045
2017-12-15,4.6484,4.7302
2017-12-18,4.7707,4.8867
2017-12-19,4.8773,4.8425
2017-12-20,4.8818,4.8596
2017-12-21,4.863,4.8371
2017-12-22,4.8003,4.8218
2017-12-26,4.7665,4.8754
2017-12-27,4.862,4.8687
2017-12-28,4.8924,4.8744
2017-12-29,4.9006,4.7781
2018-01-02,4.8344,4.9225
2018-01-03,5.0398,5.2465
2018-01-04,5.3277,5.2742
2018-01-05,5.289,5.3189
2018-01-08,5.4423,5.4818
2018-01-09,5.4873,5.4803
2018-01-10,5.388,5.5233
2018-01-11,5.5559,5.5332
2018-01-12,5.5213,5.506
2018-01-16,5.5324,5.4352
2018-01-17,5.4497,5.549
2018-01-18,5.5297,5.5421
2018-01-19,5.6322,5.6821
2018-01-22,5.69,5.7705
2018-01-23,5.8238,5.8994
2018-01-24,5.9026,5.8226
2018-01-25,5.8769,5.8362
2018-01-26,5.8799,6.0085
2018-01-29,5.994,6.0954
2018-01-30,5.9537,5.9935
2018-01-31,6.0688,6.0695
2018-02-01,5.8897,5.9386
2018-02-02,5.8522,5.7663
2018-02-05,5.6053,5.2769
2018-02-06,5.0472,5.5702
2018-02-07,5.669,5.6497
2018-02-08,5.7752,5.3712
2018-02-09,5.8831,5.7307
2018-02-12,5.8117,5.6307
2018-02-13,5.5944,5.7443
2018-02-14,5.7041,5.9614
2018-02-15,6.0446,6.0868
2018-02-16,6.0596,6.0211
2018-02-20,6.0436,6.1505
2018-02-21,6.215,5.9636
2018-02-22,5.9974,5.9831
2018-02-23,6.0429,6.0765
2018-02-26,6.1227,6.0926
2018-02-27,6.0659,6.0797
2018-02-28,6.0906,5.9794
2018-03-01,5.9772,5.7375
2018-03-02,5.63,5.8445
2018-03-05,5.7943,5.8225
2018-03-06,5.9077,5.9833
2018-03-07,5.8806,5.9754
2018-03-08,6.0029,5.9591
2018-03-09,6.0066,6.0617
2018-03-12,6.1029,6.1711
2018-03-13,6.2139,6.1205
2018-03-14,6.1635,6.1459
2018-03-15,6.1595,6.1608
2018-03-16,6.1771,6.1889
2018-03-19,6.1321,5.9547
2018-03-20,5.9577,6.1667
2018-03-21,6.1603,6.1415
2018-03-22,6.0782,5.9757
2018-03-23,5.9893,5.7563
2018-03-26,5.8806,6.0407
2018-03-27,6.1215,5.5722
2018-03-28,5.5379,5.4692
2018-03-29,5.5374,5.7222
2018-04-02,5.6518,5.4618
2018-04-03,5.6285,5.568
2018-04-04,5.3125,5.59
2018-04-05,5.6483,5.4699
2018-04-06,5.3674,5.2937
2018-04-09,5.3567,5.3224
2018-04-10,5.5524,5.6313
2018-04-11,5.6164,5.59
2018-04-12,5.6829,5.7966
2018-04-13,5.8601,5.72
2018-04-16,5.7266,5.7197
2018-04-17,5.7718,5.8692
2018-04-18,5.8188,5.8403
2018-04-19,5.7261,5.6592
2018-04-20,5.6505,5.651
2018-04-23,5.6688,5.5317
2018-04-24,5.5574,5.4655
2018-04-25,5.4358,5.3533
2018-04-26,5.5149,5.5648
2018-04-27,5.6705,5.5922
2018-04-30,5.6085,5.5569
2018-05-01,5.5487,5.6122
2018-05-02,5.6088,5.5917
2018-05-03,5.6236,5.7568
2018-05-04,5.7281,5.9068
2018-05-07,6.0113,6.1444
2018-05-08,6.1447,6.1869
2018-05-09,6.207,6.3199
2018-05-10,6.3728,6.4274
2018-05-11,6.2457,6.289
2018-05-14,6.327,6.3095
2018-05-15,6.246,6.0674
2018-05-16,6.0288,6.0785
2018-05-17,6.0802,6.1205
2018-05-18,6.1724,6.0767
2018-05-21,6.1741,6.0347
2018-05-22,6.0481,5.9967
2018-05-23,5.9406,6.1201
2018-05-24,6.1164,6.1238
2018-05-25,6.1364,6.1631
2018-05-29,6.145,6.146
2018-05-30,6.1796,6.2548
2018-05-31,6.2229,6.235
2018-06-01,6.2798,6.3693
2018-06-04,6.4034,6.548
2018-06-05,6.5512,6.5535
2018-06-06,6.4635,6.5554
2018-06-07,6.5517,6.4998
2018-06-08,6.4271,6.4845
2018-06-11,6.4719,6.4434
2018-06-12,6.4699,6.4919
2018-06-13,6.4934,6.4875
2018-06-14,6.5325,6.599
2018-06-15,6.5418,6.5582
2018-06-18,6.5142,6.554
2018-06-19,6.4509,6.4323
2018-06-20,6.4734,6.4852
2018-06-21,6.5171,6.3567
2018-06-22,6.3774,6.2044
2018-06-25,6.0981,5.9119
2018-06-26,6.0251,5.9828
2018-06-27,6.0264,5.8278
2018-06-28,5.8179,5.9549
2018-06-29,6.0199,5.857
2018-07-02,5.7875,5.989
2018-07-03,6.0236,5.8555
2018-07-05,5.9107,6.0011
2018-07-06,5.9767,6.1149
2018-07-09,6.189,6.1623
2018-07-10,6.1747,6.2612
2018-07-11,6.1685,6.1198
2018-07-12,6.1651,6.2113
2018-07-13,6.2298,6.1641
2018-07-16,6.1364,6.1364
2018-07-17,6.0872,6.2721
2018-07-18,6.2647,6.2229
2018-07-19,6.2041,6.2311
2018-07-20,6.2286,6.2029
2018-07-23,6.1764,6.1663
2018-07-24,6.2143,6.149
2018-07-25,6.1584,6.2271
2018-07-26,6.2071,6.3005
2018-07-27,6.3371,6.2308
2018-07-30,6.2449,6.0358
2018-07-31,6.0254,6.0538
2018-08-01,6.0852,6.0936
2018-08-02,6.0224,6.1962
2018-08-03,6.2207,6.2328
2018-08-06,6.2202,6.2805
2018-08-07,6.3292,6.3527
2018-08-08,6.3539,6.3891
2018-08-09,6.4069,6.3406
2018-08-10,6.2588,6.2993
2018-08-13,6.308,6.3322
2018-08-14,6.4375,6.4635
2018-08-15,6.4842,6.4054
2018-08-16,6.4751,6.3648
2018-08-17,6.2536,6.0528
2018-08-20,6.0123,6.1275
2018-08-21,6.1438,6.263
2018-08-22,6.2303,6.4978
2018-08-23,6.4593,6.5972
2018-08-24,6.6056,6.7302
2018-08-27,6.7599,6.8212
2018-08-28,6.8153,6.7836
2018-08-29,6.776,6.889
2018-08-30,6.8579,6.8722
2018-08-31,6.8522,6.9432
2018-09-04,6.9301,7.0179
2018-09-05,7.0003,6.8873
2018-09-06,6.871,6.7463
2018-09-07,6.6543,6.725
2018-09-10,6.7475,6.796
2018-09-11,6.7497,6.7483
2018-09-12,6.7084,6.6345
2018-09-13,6.7003,6.7122
2018-09-14,6.8024,6.8381
2018-09-17,6.8126,6.7762
2018-09-18,6.7802,6.7042
2018-09-19,6.6857,6.728
2018-09-20,6.606,6.587
2018-09-21,6.5989,6.517
2018-09-24,6.4861,6.5726
2018-09-25,6.6387,6.6397
2018-09-26,6.6446,6.6028
2018-09-27,6.6379,6.6147
2018-09-28,6.7465,6.9516
2018-10-01,7.0293,7.1579
2018-10-02,7.1305,7.0867
2018-10-03,7.1569,7.0929
2018-10-04,7.0567,6.9088
2018-10-05,6.8841,6.6755
2018-10-08,6.5924,6.5744
2018-10-09,6.5538,6.5687
2018-10-10,6.4628,6.0776
2018-10-11,5.9906,5.8164
2018-10-12,6.0732,6.0987
2018-10-15,6.0853,5.8226
2018-10-16,5.9352,6.0811
2018-10-17,6.1432,6.0126
2018-10-18,6.0818,5.9253
2018-10-19,5.9804,5.669
2018-10-22,5.7212,5.7197
2018-10-23,5.4528,5.4684
2018-10-24,5.43,4.9328
2018-10-25,4.8354,5.1413
2018-10-26,4.9056,4.9051
2018-10-29,5.0461,4.5917
2018-10-30,4.6147,5.0216
2018-10-31,5.1861,5.2153
2018-11-01,5.2517,5.3954
2018-11-02,5.386,5.3165
2018-11-05,5.3034,5.2386
2018-11-06,5.2306,5.221
2018-11-07,5.2875,5.2885
2018-11-08,5.2294,5.0956
2018-11-09,5.0068,5.0877
2018-11-12,4.9964,4.6887
2018-11-13,4.7864,4.9303
2018-11-14,5.1033,4.8779
2018-11-15,4.872,5.0065
2018-11-16,4.0401,4.0675
2018-11-19,4.0022,3.5795
2018-11-20,3.3162,3.6878
2018-11-21,3.8248,3.5797
2018-11-23,3.5451,3.5869
2018-11-26,3.7078,3.786
2018-11-27,3.76,3.8028
2018-11-28,3.9203,3.9597
2018-11-29,3.9619,3.8965
2018-11-30,3.9062,4.0468
2018-12-03,4.2739,4.2105
2018-12-04,4.1659,3.8903
2018-12-06,3.7499,3.9195
2018-12-07,3.9238,3.6551
2018-12-10,3.6103,3.7603
2018-12-11,3.8519,3.6695
2018-12-12,3.6751,3.687
2018-12-13,3.7338,3.6868
2018-12-14,3.6452,3.6264
2018-12-17,3.5964,3.5553
2018-12-18,3.5991,3.6385
2018-12-19,3.6048,3.4298
2018-12-20,3.4213,3.3453
2018-12-21,3.3718,3.2084
2018-12-24,3.1321,3.1467
2018-12-26,3.1928,3.2958
2018-12-27,3.2435,3.248
2018-12-28,3.2686,3.3094
2018-12-31,3.3527,3.3057
2019-01-02,3.2349,3.3731
2019-01-03,3.3129,3.1693
2019-01-04,3.2423,3.3723
2019-01-07,3.4295,3.5508
2019-01-08,3.6323,3.4624
2019-01-09,3.5137,3.5305
2019-01-10,3.5112,3.5962
2019-01-11,3.5739,3.6853
2019-01-14,3.6331,3.7252
2019-01-15,3.7579,3.7111
2019-01-16,3.7383,3.6855
2019-01-17,3.6526,3.7569
2019-01-18,3.8066,3.8859
2019-01-22,3.8557,3.6838
2019-01-23,3.739,3.6967
2019-01-24,3.7811,3.9084
2019-01-25,3.849,3.9656
2019-01-28,3.3812,3.4174
2019-01-29,3.3713,3.2587
2019-01-30,3.3347,3.402
2019-01-31,3.3988,3.5595
2019-02-01,3.5781,3.5838
2019-02-04,3.5996,3.694
2019-02-05,3.7059,3.713
2019-02-06,3.7462,3.7886
2019-02-07,3.7423,3.6504
2019-02-08,3.5833,3.669
2019-02-11,3.6249,3.6264
2019-02-12,3.6647,3.7432
2019-02-13,3.7727,3.7856
2019-02-14,3.7846,3.8264
2019-02-15,4.0349,3.896
2019-02-19,3.8854,3.8787
2019-02-20,3.9079,3.926
2019-02-21,3.9386,3.8571
2019-02-22,3.9089,3.9418
2019-02-25,4.0253,3.9295
2019-02-26,3.9247,3.8901
2019-02-27,3.8757,3.8482
2019-02-28,3.842,3.8237
2019-03-01,3.8735,3.878
2019-03-04,3.9164,3.8862
2019-03-05,3.8705,3.8797
2019-03-06,3.8708,3.7689
2019-03-07,3.7454,3.6998
2019-03-08,3.6105,3.734
2019-03-11,3.7575,3.9942
2019-03-12,4.022,4.0284
2019-03-13,4.0659,4.1796
2019-03-14,4.1888,4.1038
2019-03-15,4.1469,4.2091
2019-03-18,4.2406,4.1878
2019-03-19,4.2823,4.3554
2019-03-20,4.3844,4.3229
2019-03-21,4.346,4.5594
2019-03-22,4.5321,4.3997
2019-03-25,4.3591,4.3075
2019-03-26,4.4491,4.3841
2019-03-27,4.4097,4.375
2019-03-28,4.401,4.3936
2019-03-29,4.4602,4.4508
2019-04-01,4.5425,4.5182
2019-04-02,4.5423,4.5361
2019-04-03,4.5857,4.6754
2019-04-04,4.66,4.6665
2019-04-05,4.7096,4.7331
2019-04-08,4.7026,4.754
2019-04-09,4.7205,4.6912
2019-04-10,4.6905,4.7616
2019-04-11,4.7641,4.7478
2019-04-12,4.7864,4.7098
2019-04-15,4.7022,4.5782
2019-04-16,4.6174,4.6652
2019-04-17,4.7002,4.6424
2019-04-18,4.6491,4.6179
2019-04-22,4.5943,4.6717
2019-04-23,4.6848,4.7262
2019-04-24,4.7366,4.7386
2019-04-25,4.6984,4.633
2019-04-26,4.4793,4.4144
2019-04-29,4.4223,4.4451
2019-04-30,4.4129,4.4865
2019-05-01,4.5388,4.4734
2019-05-02,4.483,4.5408
2019-05-03,4.5492,4.5363
2019-05-06,4.3502,4.458
2019-05-07,4.4097,4.2909
2019-05-08,4.2634,4.311
2019-05-09,4.2421,4.2186
2019-05-10,4.1878,4.1846
2019-05-13,4.0527,3.9276
2019-05-14,3.9672,4.0165
2019-05-15,3.961,3.9556
2019-05-16,3.9501,3.9707
2019-05-17,3.9288,3.88
2019-05-20,3.7813,3.7615
2019-05-21,3.8222,3.8435
2019-05-22,3.8049,3.7726
2019-05-23,3.7104,3.6517
2019-05-24,3.6705,3.5979
2019-05-28,3.6155,3.5528
2019-05-29,3.5052,3.4787
2019-05-30,3.4819,3.4521
2019-05-31,3.4032,3.3615
2019-06-03,3.3727,3.3198
2019-06-04,3.3839,3.5486
2019-06-05,3.6223,3.5059
2019-06-06,3.5102,3.568
2019-06-07,3.5739,3.6107
2019-06-10,3.6668,3.6834
2019-06-11,3.7432,3.741
2019-06-12,3.6975,3.628
2019-06-13,3.6501,3.6792
2019-06-14,3.5861,3.5893
2019-06-17,3.5876,3.599
2019-06-18,3.6603,3.7938
2019-06-19,3.829,3.7998
2019-06-20,3.8903,3.8241
2019-06-21,3.8092,3.766
2019-06-24,3.7874,3.7884
2019-06-25,3.7933,3.7591
2019-06-26,3.8864,3.9521
2019-06-27,4.0377,4.0507
2019-06-28,4.0946,4.0755
2019-07-01,4.2824,4.1236
2019-07-02,4.107,4.0258
2019-07-03,4.0492,4.0387
2019-07-05,3.9804,3.9762
2019-07-08,3.9166,3.9013
2019-07-09,3.8591,3.9037
2019-07-10,3.9472,3.972
2019-07-11,4.0449,4.1263
2019-07-12,4.1541,4.1593
2019-07-15,4.1804,4.1509
2019-07-16,4.136,4.1462
2019-07-17,4.1479,4.2115
2019-07-18,4.2219,4.2231
2019-07-19,4.2613,4.1799
2019-07-22,4.2013,4.2514
2019-07-23,4.2906,4.3591
2019-07-24,4.4023,4.4336
2019-07-25,4.3921,4.3025
2019-07-26,4.3296,4.3445
2019-07-29,4.3373,4.3383
2019-07-30,4.2919,4.3539
2019-07-31,4.3224,4.1869
2019-08-01,4.1973,4.0926
2019-08-02,4.0,4.0
2019-08-05,3.8166,3.7419
2019-08-06,3.8166,3.7807
2019-08-07,3.7199,3.8189
2019-08-08,3.8764,3.9273
2019-08-09,3.8864,3.8261
2019-08-12,3.774,3.7583
2019-08-13,3.7568,3.8725
2019-08-14,3.7844,3.7241
2019-08-15,3.7429,3.6918
2019-08-16,3.9544,3.9596
2019-08-19,4.0727,4.238
2019-08-20,4.2326,4.1658
2019-08-21,4.2318,4.2492
2019-08-22,4.2589,4.2554
2019-08-23,4.1789,4.031
2019-08-26,4.1097,4.1057
2019-08-27,4.144,4.0152
2019-08-28,3.9888,4.0047
2019-08-29,4.0961,4.1483
2019-08-30,4.1945,4.161
2019-09-03,4.0882,4.078
2019-09-04,4.1386,4.192
2019-09-05,4.2941,4.4648
2019-09-06,4.4414,4.4377
2019-09-09,4.4687,4.4837
2019-09-10,4.4509,4.5502
2019-09-11,4.5649,4.5788
2019-09-12,4.6252,4.5773
2019-09-13,4.5107,4.5194
2019-09-16,4.4444,4.4764
2019-09-17,4.4832,4.4978
2019-09-18,4.4909,4.4707
2019-09-19,4.4767,4.3952
2019-09-20,4.3942,4.2897
2019-09-23,4.2899,4.3431
2019-09-24,4.3744,4.2857
2019-09-25,4.2852,4.4273
2019-09-26,4.4176,4.4052
2019-09-27,4.3634,4.2665
2019-09-30,4.2924,4.3239
2019-10-01,4.347,4.3222
2019-10-02,4.3003,4.2983
2019-10-03,4.3028,4.5038
2019-10-04,4.506,4.5202
2019-10-07,4.585,4.5788
2019-10-08,4.4871,4.4024
2019-10-09,4.4792,4.4889
2019-10-10,4.4866,4.5465
2019-10-11,4.6305,4.62
2019-10-14,4.6113,4.6334
2019-10-15,4.7236,4.8779
2019-10-16,4.8438,4.8242
2019-10-17,4.8687,4.8262
2019-10-18,4.8267,4.7318
2019-10-21,4.7932,4.8689
2019-10-22,4.9258,4.859
2019-10-23,4.777,4.8461
2019-10-24,4.8873,4.89
2019-10-25,4.9705,5.0808
2019-10-28,5.1245,5.1367
2019-10-29,5.1228,5.0406
2019-10-30,5.0674,5.0426
2019-10-31,5.0217,4.9934
2019-11-01,4.9581,5.0324
2019-11-04,5.1133,5.2289
2019-11-05,5.2286,5.2067
2019-11-06,5.1827,5.1576
2019-11-07,5.244,5.1752
2019-11-08,5.1583,5.1613
2019-11-11,5.1605,5.1712
2019-11-12,5.2095,5.2067
2019-11-13,5.1755,5.1809
2019-11-14,5.1899,5.2112
2019-11-15,5.209,5.0721
2019-11-18,5.0647,5.2731
2019-11-19,5.242,5.1665
2019-11-20,5.1437,5.2457
2019-11-21,5.2413,5.2209
2019-11-22,5.2435,5.2385
2019-11-25,5.3665,5.4949
2019-11-26,5.4773,5.3903
2019-11-27,5.4358,5.4251
2019-11-29,5.3943,5.3878
2019-12-02,5.3809,5.2016
2019-12-03,5.0182,5.1621
2019-12-04,5.2456,5.2059
2019-12-05,5.2277,5.189
2019-12-06,5.2581,5.2742
2019-12-09,5.2514,5.2742
2019-12-10,5.3043,5.3192
2019-12-11,5.3297,5.4027
2019-12-12,5.3739,5.57
2019-12-13,5.573,5.5681
2019-12-16,5.6155,5.5969
2019-12-17,5.6155,5.6749
2019-12-18,5.7097,5.7053
2019-12-19,5.7398,5.8532
2019-12-20,5.9196,5.9504
2019-12-23,5.979,5.9367
2019-12-24,5.9213,5.9317
2019-12-26,5.9352,5.9459
2019-12-27,5.9611,5.8882
2019-12-30,5.8664,5.7751
2019-12-31,5.7398,5.8492
2020-01-02,5.935,5.9638
2020-01-03,5.8442,5.8683
2020-01-06,5.7751,5.893
2020-01-07,5.9213,5.9643
2020-01-08,5.9601,5.9755
2020-01-09,6.0617,6.0411
2020-01-10,6.1483,6.0734
2020-01-13,6.1565,6.2638
2020-01-14,6.2211,6.147
2020-01-15,6.1597,6.1045
2020-01-16,6.1579,6.188
2020-01-17,6.2072,6.1967
2020-01-21,6.1602,6.1634
2020-01-22,6.2087,6.2174
2020-01-23,6.2574,6.2857
2020-01-24,6.4011,6.2266
2020-01-27,5.9223,5.971
2020-01-28,6.0369,6.1642
2020-01-29,6.1497,6.1038
2020-01-30,6.0061,6.1105
2020-01-31,6.0647,5.8773
2020-02-03,5.8591,5.9742
2020-02-04,6.1159,6.1433
2020-02-05,6.2641,6.2335
2020-02-06,6.2678,6.3203
2020-02-07,6.2803,6.2542
2020-02-10,6.2768,6.537
2020-02-11,6.6452,6.6593
2020-02-12,6.712,6.7749
2020-02-13,6.717,6.7312
2020-02-14,7.1409,7.2037
2020-02-18,7.1006,7.3723
2020-02-19,7.4946,7.823
2020-02-20,7.775,7.6738
2020-02-21,7.5617,7.3101
2020-02-24,6.7165,6.7933
2020-02-25,6.8684,6.5142
2020-02-26,6.5144,6.6534
2020-02-27,6.3402,6.283
2020-02-28,6.0308,6.7176
2020-03-02,6.8874,6.8757
2020-03-03,6.9315,6.6136
2020-03-04,6.7208,7.0767
2020-03-05,6.8775,6.7976
2020-03-06,6.6183,6.6173
2020-03-09,5.9671,6.1049
2020-03-10,6.381,6.4939
2020-03-11,6.3542,6.1305
2020-03-12,5.6079,5.3804
2020-03-13,5.7333,5.9905
2020-03-16,5.2834,4.8851
2020-03-17,4.9973,5.4042
2020-03-18,4.9772,5.0448
2020-03-19,5.0234,5.2973
2020-03-20,5.4473,5.1177
2020-03-23,5.1167,5.2903
2020-03-24,5.696,6.1979
2020-03-25,6.3129,6.1094
2020-03-26,6.3163,6.3984
2020-03-27,6.2183,6.2862
2020-03-30,6.3517,6.6061
2020-03-31,6.6462,6.5566
2020-04-01,6.3589,6.046
2020-04-02,6.0751,6.3544
2020-04-03,6.3168,6.0669
2020-04-06,6.3487,6.676
2020-04-07,6.8974,6.443
2020-04-08,6.5519,6.6399
2020-04-09,6.7656,6.5405
2020-04-13,6.4808,6.7121
2020-04-14,6.8402,7.0628
2020-04-15,6.8949,6.9854
2020-04-16,7.1406,7.3302
2020-04-17,7.4123,7.271
2020-04-20,7.1446,7.1399
2020-04-21,7.022,6.7036
2020-04-22,6.8956,7.1175
2020-04-23,7.1596,7.0643
2020-04-24,7.0541,7.2031
2020-04-27,7.3374,7.3894
2020-04-28,7.5366,7.2471
2020-04-29,7.3817,7.4237
2020-04-30,7.3697,7.27
2020-05-01,7.0727,7.0337
2020-05-04,6.9864,7.2454
2020-05-05,7.3493,7.3063
2020-05-06,7.3857,7.407
2020-05-07,7.5461,7.5831
2020-05-08,7.6548,7.7729
2020-05-11,7.768,8.0246
2020-05-12,8.0824,7.763
2020-05-13,7.8774,7.7406
2020-05-14,7.802,7.9898
2020-05-15,7.8498,8.4477
2020-05-18,8.7161,8.7059
2020-05-19,8.7457,8.7609
2020-05-20,8.9455,8.9246
2020-05-21,9.0057,8.7308
2020-05-22,8.7805,8.9805
2020-05-26,9.1104,8.6736
2020-05-27,8.5813,8.4821
2020-05-28,8.3696,8.444
2020-05-29,8.5112,8.8305
2020-06-01,8.7885,8.7616
2020-06-02,8.7517,8.7805
2020-06-03,8.7776,8.7251
2020-06-04,8.6878,8.7261
2020-06-05,8.7539,8.8789
2020-06-08,8.8363,8.7644
2020-06-09,8.7594,9.0043
2020-06-10,9.1255,9.3236
2020-06-11,9.1078,8.7557
2020-06-12,9.1203,8.8913
2020-06-15,8.7746,9.1314
2020-06-16,9.1825,9.0267
2020-06-17,9.0717,9.1934
2020-06-18,9.1845,9.1755
2020-06-19,9.1999,9.2185
2020-06-22,9.2571,9.4828
2020-06-23,9.507,9.4064
2020-06-24,9.4326,9.1929
2020-06-25,9.3126,9.4462
2020-06-26,9.4562,9.1128
2020-06-29,9.1275,9.1576
2020-06-30,9.2711,9.454
2020-07-01,9.4768,9.4861
2020-07-02,9.5946,9.5679
2020-07-06,9.6968,9.7939
2020-07-07,9.9004,9.8262
2020-07-08,9.9477,10.1689
2020-07-09,10.3324,10.4605
2020-07-10,10.5399,10.4309
2020-07-13,10.5461,10.0059
2020-07-14,10.0285,10.3292
2020-07-15,10.3662,10.1801
2020-07-16,9.9688,10.088
2020-07-17,10.1784,10.1545
2020-07-20,10.2269,10.4623
2020-07-21,10.4645,10.2809
2020-07-22,10.3197,10.3906
2020-07-23,10.4018,10.083
2020-07-24,9.8295,10.1475
2020-07-27,10.1851,10.3734
2020-07-28,10.3264,10.1684
2020-07-29,10.3428,10.4172
2020-07-30,10.3272,10.5651
2020-07-31,10.5145,10.5658
2020-08-03,10.683,10.9595
2020-08-04,10.999,11.176
2020-08-05,11.1922,11.2347
2020-08-06,11.2974,11.2832
2020-08-07,11.2603,11.1479
2020-08-10,11.282,11.1135
2020-08-11,11.0227,10.8
2020-08-12,10.9401,11.3875
2020-08-13,11.4928,11.3902
2020-08-14,11.4768,11.5107
2020-08-17,11.7966,12.2801
2020-08-18,12.3926,12.2042
2020-08-19,12.2398,12.0825
2020-08-20,11.9198,12.085
2020-08-21,12.1455,12.625
2020-08-24,12.8243,12.6616
2020-08-25,12.5725,12.6912
2020-08-26,12.7402,12.7141
2020-08-27,12.7226,12.57
2020-08-28,12.6166,13.0871
2020-08-31,13.122,13.3128
2020-09-01,13.4219,13.7614
2020-09-02,14.6403,14.2846
2020-09-03,13.7691,12.9594
2020-09-04,12.7286,12.5681
2020-09-08,11.6839,11.8616
2020-09-09,12.3465,12.6602
2020-09-10,12.9332,12.2586
2020-09-11,12.4316,12.112
2020-09-14,13.0246,12.8167
2020-09-15,13.2227,12.935
2020-09-16,12.9014,12.4605
2020-09-17,12.0799,12.4097
2020-09-18,12.5394,12.1367
2020-09-21,11.8736,12.4633
2020-09-22,12.5208,12.5832
2020-09-23,12.5213,12.0715
2020-09-24,12.0202,12.2947
2020-09-25,12.3938,12.8182
2020-09-28,12.984,12.9788
2020-09-29,12.8817,13.1687
2020-09-30,13.1007,13.4721
2020-10-01,13.6987,13.5558
2020-10-02,13.168,13.0059
2020-10-05,13.1789,13.5837
2020-10-06,13.7703,13.6773
2020-10-07,13.9394,13.9038
2020-10-08,14.0143,13.7791
2020-10-09,13.7076,13.7034
2020-10-12,13.9292,14.1646
2020-10-13,14.2348,14.1868
2020-10-14,14.2289,14.0345
2020-10-15,13.7512,13.9097
2020-10-16,13.9762,13.7519
2020-10-19,13.843,13.4395
2020-10-20,13.5249,13.5866
2020-10-21,13.5662,13.4664
2020-10-22,13.4642,13.3034
2020-10-23,13.392,13.5316
2020-10-26,13.3691,13.0846
2020-10-27,13.2486,13.339
2020-10-28,13.1411,12.5725
2020-10-29,12.7831,12.9678
2020-10-30,12.7946,12.4799
2020-11-02,12.6032,12.5265
2020-11-03,12.6537,12.9633
2020-11-04,13.3315,13.7348
2020-11-05,14.1014,14.0989
2020-11-06,14.0489,14.4992
2020-11-09,14.4897,13.572
2020-11-10,13.5478,12.7149
2020-11-11,12.9974,13.3601
2020-11-12,13.4209,13.3987
2020-11-13,13.5685,13.2396
2020-11-16,13.1157,13.457
2020-11-17,13.494,13.3644
2020-11-18,13.4072,13.3708
2020-11-19,13.1558,13.3823
2020-11-20,13.396,13.0313
2020-11-23,13.1144,13.0833
2020-11-24,13.0858,12.9019
2020-11-25,12.9763,13.1777
2020-11-27,13.3173,13.204
2020-11-30,13.2078,13.3437
2020-12-01,13.4341,13.3322
2020-12-02,13.2929,13.4861
2020-12-03,13.5329,13.3422
2020-12-04,13.3944,13.5038
2020-12-07,13.5466,13.5521
2020-12-08,13.5304,13.2963
2020-12-09,13.247,12.8788
2020-12-10,12.8173,12.9201
2020-12-11,12.9151,12.961
2020-12-14,13.0354,13.2553
2020-12-15,13.3857,13.3068
2020-12-16,13.3686,13.1893
2020-12-17,13.313,13.2876
2020-12-18,13.3252,13.2187
2020-12-21,13.0222,13.2787
2020-12-22,13.2657,13.2249
2020-12-23,13.2027,12.957
2020-12-24,12.9849,12.9415
2020-12-28,13.01,12.8482
2020-12-29,12.8731,12.8912
2020-12-30,12.938,13.0929
2020-12-31,13.0837,13.0025
2021-01-04,13.0516,13.0608
2021-01-05,13.0471,13.3509
2021-01-06,13.1694,12.5638
2021-01-07,12.9154,13.2904
2021-01-08,13.3088,13.2234
2021-01-11,13.3648,13.5668
2021-01-12,13.6972,13.4306
2021-01-13,13.4358,13.4774
2021-01-14,13.5204,13.1472
2021-01-15,13.1748,12.8078
2021-01-19,12.9639,12.9729
2021-01-20,13.0591,13.312
2021-01-21,13.3646,13.8118
2021-01-22,13.6848,13.6574
2021-01-25,13.7264,13.5984
2021-01-26,13.5259,13.3813
2021-01-27,13.1768,12.8658
2021-01-28,12.944,12.9985
2021-01-29,13.0225,12.9375
2021-02-01,13.0008,13.1838
2021-02-02,13.3449,13.5023
2021-02-03,13.5812,13.4761
2021-02-04,13.4766,13.6093
2021-02-05,13.6698,13.5364
2021-02-08,13.6721,14.3807
2021-02-09,14.2831,14.2059
2021-02-10,14.4051,14.7049
2021-02-11,14.92,15.1895
2021-02-12,14.9895,14.9011
2021-02-16,15.0037,15.2686
2021-02-17,15.11,14.8461
2021-02-18,14.6698,14.7694
2021-02-19,14.9641,14.8665
2021-02-22,14.7154,14.2981
2021-02-23,14.0187,14.0852
2021-02-24,14.066,14.4407
2021-02-25,13.989,13.254
2021-02-26,13.6972,13.6594
2021-03-01,13.8192,13.7861
2021-03-02,13.8441,13.3524
2021-03-03,13.3723,12.7533
2021-03-04,12.7493,12.3205
2021-03-05,12.4996,12.4114
2021-03-08,12.4,11.5467
2021-03-09,12.0857,12.4742
2021-03-10,12.7933,12.4224
2021-03-11,12.9024,12.9457
2021-03-12,12.6018,12.8088
2021-03-15,12.8175,13.1428
2021-03-16,13.3074,13.2424
2021-03-17,12.9918,13.2922
2021-03-18,13.0882,12.6757
2021-03-19,12.7031,12.7985
2021-03-22,12.8653,13.1378
2021-03-23,13.2055,13.0227
2021-03-24,13.1029,12.5965
2021-03-25,12.4536,12.4892
2021-03-26,12.5084,12.7921
2021-03-29,12.7731,12.9007
2021-03-30,12.7948,12.8244
2021-03-31,12.9677,13.2992
2021-04-01,13.5224,13.761
2021-04-05,13.8165,13.9361
2021-04-06,13.9483,13.8106
2021-04-07,13.8297,14.0915
2021-04-08,14.2004,14.2644
2021-04-09,14.1618,14.3471
2021-04-12,14.2372,15.1531
2021-04-13,15.1755,15.6219
2021-04-14,15.5676,15.2209
2021-04-15,15.6049,16.0779
2021-04-16,15.994,15.854
2021-04-19,15.4794,15.3053
2021-04-20,15.2669,15.1155
2021-04-21,15.0632,15.304
2021-04-22,15.3185,14.7957
2021-04-23,14.8794,15.2091
2021-04-26,15.1292,15.4211
2021-04-27,15.5212,15.3252
2021-04-28,15.308,15.2206
2021-04-29,15.3434,15.2684
2021-04-30,15.1187,14.9543
2021-05-03,15.0694,14.7822
2021-05-04,14.5835,14.2985
2021-05-05,14.6549,14.4054
2021-05-06,14.442,14.4696
2021-05-07,14.7538,14.7578
2021-05-10,14.7329,14.2133
2021-05-11,13.7742,14.2537
2021-05-12,13.958,13.7079
2021-05-13,13.9822,13.615
2021-05-14,13.8389,14.1907
2021-05-17,14.105,14.1134
2021-05-18,14.2146,13.9642
2021-05-19,13.5166,14.0141
2021-05-20,14.2499,14.5588
2021-05-21,15.108,14.9367
2021-05-24,15.1566,15.5546
2021-05-25,15.7081,15.5902
2021-05-26,15.6764,15.6423
2021-05-27,15.6421,15.4311
2021-05-28,15.444,16.1848
2021-06-01,16.2102,16.2047
2021-06-02,16.1925,16.7166
2021-06-03,16.6394,16.9074
2021-06-04,17.0496,17.5136
2021-06-07,17.5067,17.5542
2021-06-08,17.4628,17.3928
2021-06-09,17.4554,17.2984
2021-06-10,17.2902,17.3649
2021-06-11,17.4193,17.7638
2021-06-14,17.8443,17.9566
2021-06-15,17.8532,17.7272
2021-06-16,17.7294,17.7489
2021-06-17,17.7132,18.5929
2021-06-18,18.7193,18.5745
2021-06-21,18.3717,18.3637
2021-06-22,18.4078,18.8216
2021-06-23,18.9422,18.9916
2021-06-24,19.1615,19.1393
2021-06-25,19.214,18.9654
2021-06-28,19.2945,19.9161
2021-06-29,19.814,19.9577
2021-06-30,19.9303,19.9335
2021-07-01,20.0556,20.1423
2021-07-02,20.3698,20.4164
2021-07-06,20.666,20.6272
2021-07-07,20.7816,20.3015
2021-07-08,19.7881,19.8341
2021-07-09,19.8937,19.9811
2021-07-12,20.1702,20.4418
2021-07-13,20.3302,20.1802
2021-07-14,20.2876,19.7731
2021-07-15,19.7435,18.9009
2021-07-16,18.9649,18.0984
2021-07-19,17.8535,18.715
2021-07-20,18.6654,18.5478
2021-07-21,18.8169,19.3431
2021-07-22,19.5743,19.5265
2021-07-23,19.5882,19.4906
2021-07-26,19.2444,19.2275
2021-07-27,19.1986,19.1418
2021-07-28,19.2524,19.4358
2021-07-29,19.4517,19.5942
2021-07-30,19.3511,19.4318
2021-08-02,19.6321,19.6819
2021-08-03,19.672,19.7467
2021-08-04,19.9211,20.2041
2021-08-05,20.4293,20.5659
2021-08-06,20.4533,20.2958
2021-08-09,20.3755,20.225
2021-08-10,20.252,19.8673
2021-08-11,19.9739,19.6311
2021-08-12,19.8015,19.8364
2021-08-13,19.8364,20.1184
2021-08-16,20.0656,19.8812
2021-08-17,19.6171,19.3909
2021-08-18,19.4328,18.9744
2021-08-19,19.4268,19.7298
2021-08-20,19.9221,20.7442
2021-08-23,20.8987,21.8823
2021-08-24,21.678,21.7179
2021-08-25,21.6621,22.1364
2021-08-26,22.1235,21.9919
2021-08-27,22.1075,22.558
2021-08-30,22.7513,22.6098
2021-08-31,22.6208,22.3118
2021-09-01,22.4114,22.3676
2021-09-02,22.4443,22.3227
2021-09-03,22.252,22.7683
2021-09-07,22.7583,22.5879
2021-09-08,22.4394,22.2659
2021-09-09,22.239,22.1045
2021-09-10,22.2749,22.4045
2021-09-13,22.6098,22.0795
2021-09-14,22.2021,22.1692
2021-09-15,22.236,22.2679
2021-09-16,22.1104,22.1692
2021-09-17,22.227,21.8284
2021-09-20,21.0768,21.0439
2021-09-21,21.3469,21.1765
2021-09-22,21.2961,21.8692
2021-09-23,22.0676,22.4085
2021-09-24,21.9978,22.0088
2021-09-27,21.639,21.5891
2021-09-28,21.1446,20.6313
2021-09-29,20.8715,20.4499
2021-09-30,20.7001,20.6482
2021-10-01,20.6821,20.6741
2021-10-04,20.4369,19.6675
2021-10-05,19.8847,20.3841
2021-10-06,20.0542,20.6323
2021-10-07,21.023,21.0061
2021-10-08,21.032,20.7629
2021-10-11,20.5077,20.6273
2021-10-12,20.7599,20.6034
2021-10-13,20.8496,20.8705
2021-10-14,21.2184,21.6749
2021-10-15,21.7387,21.7905
2021-10-18,21.6779,22.1493
2021-10-19,22.2031,22.2171
2021-10-20,22.232,22.0307
2021-10-21,22.0247,22.6178
2021-10-22,22.7483,22.6517
2021-10-25,22.8978,23.0902
2021-10-26,23.9105,24.6361
2021-10-27,24.3939,24.371
2021-10-28,24.7966,24.8594
2021-10-29,24.9192,25.4834
2021-11-01,25.5651,25.7425
2021-11-02,25.7375,26.3146
2021-11-03,26.5828,26.511
2021-11-04,27.1399,29.7035
2021-11-05,30.0883,29.6547
2021-11-08,30.0504,30.7032
2021-11-09,32.1764,30.5567
2021-11-10,29.26,29.3626
2021-11-11,30.3683,30.2906
2021-11-12,29.9118,30.2906
2021-11-15,30.4521,29.9268
2021-11-16,29.6617,30.1042
2021-11-17,30.3185,29.1653
2021-11-18,32.2611,31.5714
2021-11-19,32.1375,32.8771
2021-11-22,33.4074,31.8515
2021-11-23,31.4318,31.6422
2021-11-24,31.3581,32.5671
2021-11-26,32.4934,31.4
2021-11-29,32.2601,33.2668
2021-11-30,33.0605,32.5691
2021-12-01,33.1144,31.336
2021-12-02,31.1157,32.0248
2021-12-03,31.8992,30.5963
2021-12-06,29.7859,29.9424
2021-12-07,30.8595,32.3249
2021-12-08,31.8982,31.7258
2021-12-09,31.6341,30.394
2021-12-10,31.0519,30.1029
2021-12-13,30.1537,28.0723
2021-12-14,27.6118,28.2478
2021-12-15,28.3106,30.3631
2021-12-16,31.0539,28.2976
2021-12-17,27.8969,27.7134
2021-12-20,27.219,27.6317
2021-12-21,28.2846,28.9834
2021-12-22,28.8,29.3074
2021-12-23,29.6613,29.5467
2021-12-27,29.5666,30.8475
2021-12-28,31.2134,30.2265
2021-12-29,30.1777,29.9065
2021-12-30,29.7331,29.4928
2021-12-31,29.5806,29.3184
2022-01-03,29.7211,30.0261
2022-01-04,30.1817,29.1978
2022-01-05,28.8578,27.5171
2022-01-06,27.553,28.0893
2022-01-07,28.0524,27.1612
2022-01-10,26.4973,27.3137
2022-01-11,27.237,27.7294
2022-01-12,27.9786,27.9108
2022-01-13,28.2896,26.4913
2022-01-14,26.2172,26.8572
2022-01-18,26.1773,25.8214
2022-01-19,25.9969,24.9881
2022-01-20,25.2243,24.0739
2022-01-21,23.433,23.3004
2022-01-24,22.2597,23.2984
2022-01-25,22.475,22.2537
2022-01-26,23.1668,22.7003
2022-01-27,23.4938,21.8749
2022-01-28,21.9427,22.7681
2022-01-31,23.109,24.4089
2022-02-01,25.0249,24.5604
2022-02-02,25.7128,25.1625
2022-02-03,24.381,23.8726
2022-02-04,23.8965,24.2424
2022-02-07,24.2952,24.6501
2022-02-08,24.2823,25.0289
2022-02-09,25.5413,26.6209
2022-02-10,25.9131,25.7427
2022-02-11,25.8344,23.8736
2022-02-14,23.8586,24.1906
2022-02-15,24.8704,26.4116
2022-02-16,26.1763,26.4275
2022-02-17,25.5493,24.4298
2022-02-18,24.5903,23.5675
2022-02-22,22.9625,23.3163
2022-02-23,23.727,22.3165
2022-02-24,20.9488,23.6732
2022-02-25,23.6463,24.0809
2022-02-28,23.9164,24.3082
2022-03-01,24.2145,23.4031
2022-03-02,23.6852,24.1478
2022-03-03,24.1897,23.6433
2022-03-04,23.3143,22.8677
2022-03-07,22.749,21.2884
2022-03-08,21.2455,21.4499
2022-03-09,22.3203,22.9454
2022-03-10,22.4639,22.5905
2022-03-11,22.9534,22.0342
2022-03-14,21.8038,21.2664
2022-03-15,21.4539,22.9046
2022-03-16,23.43,24.423
2022-03-17,24.0481,24.6922
2022-03-18,24.7251,26.3742
2022-03-21,26.428,26.6543
2022-03-22,26.6474,26.445
2022-03-23,26.0482,25.5576
2022-03-24,26.088,28.0661
2022-03-25,27.8029,27.6095
2022-03-28,27.6733,28.1349
2022-03-29,28.6095,28.5706
2022-03-30,28.2197,27.6075
2022-03-31,27.6992,27.2047
2022-04-01,27.2934,26.6324
2022-04-04,26.6484,27.2785
2022-04-05,27.1728,25.8537
2022-04-06,24.8597,24.3343
2022-04-07,24.3682,24.1359
2022-04-08,23.8457,23.0501
2022-04-11,22.1478,21.8517
2022-04-12,22.4699,21.4399
2022-04-13,21.6633,22.1368
2022-04-14,22.4379,21.1947
2022-04-18,21.1368,21.7181
2022-04-19,21.6553,22.1319
2022-04-20,22.4499,21.418
2022-04-21,21.6443,20.1229
2022-04-22,20.2425,19.4569
2022-04-25,19.1448,19.8427
2022-04-26,19.6593,18.732
2022-04-27,18.5426,18.3601
2022-04-28,18.9105,19.7231
2022-04-29,19.3442,18.4917
2022-05-02,18.4858,19.4748
2022-05-03,19.3422,19.5436
2022-05-04,19.8636,20.2734
2022-05-05,19.8078,18.7879
2022-05-06,18.6802,18.6194
2022-05-09,17.9803,16.8995
2022-05-10,17.6363,17.5426
2022-05-11,17.2953,16.5805
2022-05-12,16.1707,16.1268
2022-05-13,16.738,17.6533
2022-05-16,17.4568,17.2126
2022-05-17,18.0201,18.1228
2022-05-18,17.6523,16.8875
2022-05-19,16.8865,17.073
2022-05-20,17.2804,16.6443
2022-05-23,16.2255,16.8477
2022-05-24,16.4608,16.1059
2022-05-25,15.9723,16.9244
2022-05-26,15.9882,17.7978
2022-05-27,18.1318,18.755
2022-05-31,18.9235,18.6164
2022-06-01,18.6682,18.2654
2022-06-02,18.2375,19.5336
2022-06-03,19.0251,18.6642
2022-06-06,19.082,18.73
2022-06-07,18.417,18.8696
2022-06-08,18.747,18.5964
2022-06-09,18.4298,17.998
2022-06-10,17.5513,16.927
2022-06-13,15.9557,15.6037
2022-06-14,15.6874,15.7922
2022-06-15,16.0504,16.4812
2022-06-16,15.8161,15.5578
2022-06-17,15.6047,15.836
2022-06-21,16.4294,16.5201
2022-06-22,16.1811,16.3147
2022-06-23,16.4733,16.1801
2022-06-24,16.4543,17.0786
2022-06-27,17.2641,16.8223
2022-06-28,16.8532,15.9378
2022-06-29,15.7702,15.499
2022-06-30,15.3185,15.117
2022-07-01,14.8577,14.4828
2022-07-05,14.1358,14.9226
2022-07-06,14.9684,15.0881
2022-07-07,15.4132,15.8141
2022-07-08,15.3873,15.7942
2022-07-11,15.483,15.1101
2022-07-12,15.2257,15.0402
2022-07-13,14.5496,15.122
2022-07-14,15.0662,15.3294
2022-07-15,15.6156,15.7184
2022-07-18,16.2569,16.0564
2022-07-19,16.4404,16.945
2022-07-20,16.9001,17.7577
2022-07-21,17.8355,18.0
2022-07-22,17.8435,17.2711
2022-07-25,16.9719,16.9769
2022-07-26,16.8422,16.4872
2022-07-27,16.9848,17.7407
2022-07-28,17.9252,17.9342
2022-07-29,17.7637,18.1127
2022-08-01,18.1317,18.3899
2022-08-02,18.0718,18.4747
2022-08-03,18.1337,18.8407
2022-08-04,18.7968,19.1618
2022-08-05,18.7579,18.9364
2022-08-08,17.4535,17.7437
2022-08-09,17.2042,17.0387
2022-08-10,17.649,18.0469
2022-08-11,18.0808,17.8923
2022-08-12,18.1097,18.6572
2022-08-15,18.6492,18.9793
2022-08-16,18.8676,18.8267
2022-08-17,18.4717,18.2842
2022-08-18,18.2503,18.721
2022-08-19,18.355,17.7996
2022-08-22,17.4416,16.9868
2022-08-23,16.942,17.1334
2022-08-24,16.9649,17.1743
2022-08-25,16.7974,17.8634
2022-08-26,17.8076,16.215
2022-08-29,15.9756,15.7573
2022-08-30,15.9158,15.4252
2022-08-31,15.3414,15.0522
2022-09-01,14.1697,13.8984
2022-09-02,14.061,13.6092
2022-09-06,13.693,13.4277
2022-09-07,13.5295,13.6801
2022-09-08,13.4257,13.9554
2022-09-09,14.122,14.3514
2022-09-12,14.3335,14.4691
2022-09-13,13.7679,13.0985
2022-09-14,13.2212,13.0955
2022-09-15,12.9828,12.897
2022-09-16,12.7105,13.1654
2022-09-19,12.9798,13.3489
2022-09-20,13.1823,13.1434
2022-09-21,13.1803,13.2282
2022-09-22,13.0377,12.5299
2022-09-23,12.3893,12.4851
2022-09-26,12.4601,12.1978
2022-09-27,12.4761,12.3823
2022-09-28,12.3793,12.7045
2022-09-29,12.4172,12.1898
2022-09-30,12.0571,12.109
2022-10-03,12.3165,12.4811
2022-10-04,12.8472,13.1344
2022-10-05,12.8791,13.1763
2022-10-06,13.1873,13.0975
2022-10-07,12.4741,12.0461
2022-10-10,12.0072,11.6411
2022-10-11,11.5324,11.5574
2022-10-12,11.5504,11.4716
2022-10-13,10.9439,11.9304
2022-10-14,12.0272,11.1992
2022-10-17,11.4895,11.8586
2022-10-18,12.3135,11.9374
2022-10-19,11.8496,12.0212
2022-10-20,12.0831,12.1639
2022-10-21,12.0681,12.4352
2022-10-24,12.4771,12.5679
2022-10-25,12.6626,13.2282
2022-10-26,12.8372,12.8641
2022-10-27,13.5963,13.1434
2022-10-28,13.0716,13.7998
2022-10-31,13.7439,13.4636
2022-11-01,13.7769,13.5095
2022-11-02,13.8158,13.1863
2022-11-03,13.0108,13.3878
2022-11-04,13.9514,14.121
2022-11-07,14.1928,14.2656
2022-11-08,14.7644,14.5659
2022-11-09,14.127,13.7419
2022-11-10,14.7634,15.7111
2022-11-11,15.7679,16.2866
2022-11-14,16.1779,16.2547
2022-11-15,16.6807,16.6248
2022-11-16,16.122,15.8707
2022-11-17,15.6762,15.6382
2022-11-18,15.9265,15.3709
2022-11-21,15.1096,15.2791
2022-11-22,15.2901,15.9983
2022-11-23,16.0582,16.4782
2022-11-25,16.2777,16.2298
2022-11-28,15.9864,15.7879
2022-11-29,15.7879,15.6003
2022-11-30,15.6622,16.8855
2022-12-01,16.9613,17.097
2022-12-02,16.6221,16.8386
2022-12-05,16.642,16.5732
2022-12-06,16.4934,15.9516
2022-12-07,15.737,16.0843
2022-12-08,16.2369,17.1309
2022-12-09,17.122,16.9633
2022-12-12,16.9992,17.4961
2022-12-13,18.4899,18.0319
2022-12-14,17.9471,17.6348
2022-12-15,17.108,16.9144
2022-12-16,16.8266,16.5343
2022-12-19,16.5353,16.218
2022-12-20,16.0284,16.0493
2022-12-21,16.0783,16.4644
2022-12-22,16.0583,15.305
2022-12-23,15.1623,15.1723
2022-12-27,15.0406,14.0897
2022-12-28,13.8961,14.0049
2022-12-29,14.3701,14.5706
2022-12-30,14.3022,14.5816
2023-01-03,14.8181,14.2833
2023-01-04,14.5347,14.7163
2023-01-05,14.4589,14.2334
2023-01-06,14.4419,14.8261
2023-01-09,15.2501,15.5934
2023-01-10,15.4726,15.8737
2023-01-11,15.8049,15.9655
2023-01-12,16.0643,16.4744
2023-01-13,16.2419,16.8615
2023-01-17,16.8615,17.6628
2023-01-18,17.6278,17.3385
2023-01-19,16.9982,16.7278
2023-01-20,16.9733,17.7995
2023-01-23,18.024,19.1505
2023-01-24,18.7853,19.2223
2023-01-25,18.8711,19.2802
2023-01-26,19.6573,19.7581
2023-01-27,19.4189,20.3198
2023-01-30,19.9058,19.1195
2023-01-31,19.1275,19.4937
2023-02-01,19.6473,20.8966
2023-02-02,20.9534,21.6609
2023-02-03,20.9534,21.0532
2023-02-06,20.7599,21.0422
2023-02-07,21.3346,22.1238
2023-02-08,22.3374,22.1558
2023-02-09,22.5559,22.2875
2023-02-10,21.6419,21.2179
2023-02-13,21.4902,21.7397
2023-02-14,21.5302,22.9201
2023-02-15,22.499,22.7135
2023-02-16,22.0839,21.9532
2023-02-17,21.583,21.3406
2023-02-21,20.9534,20.6092
2023-02-22,20.6611,20.708
2023-02-23,23.388,23.6115
2023-02-24,23.1735,23.2344
2023-02-27,23.6175,23.4489
2023-02-28,23.3202,23.1645
2023-03-01,23.1406,22.6477
2023-03-02,22.4381,23.2623
2023-03-03,23.2683,23.837
2023-03-06,23.838,23.5018
2023-03-07,23.5517,23.2403
2023-03-08,23.4389,24.1315
2023-03-09,24.1255,23.388
2023-03-10,23.3611,22.918
2023-03-13,22.7054,22.919
2023-03-14,23.4479,24.0137
2023-03-15,23.7123,24.1784
2023-03-16,23.9778,25.4887
2023-03-17,25.9288,25.6723
2023-03-20,25.5626,25.847
2023-03-21,26.1264,26.1454
2023-03-22,26.3709,26.4138
2023-03-23,27.0595,27.1353
2023-03-24,26.9757,26.7242
2023-03-27,26.782,26.4767
2023-03-28,26.3929,26.3559
2023-03-29,26.7701,26.9288
2023-03-30,27.1732,27.3269
2023-03-31,27.0844,27.7201
2023-04-03,27.4527,27.9077
2023-04-04,27.9087,27.3968
2023-04-05,26.7741,26.826
2023-04-06,26.5296,26.9816
2023-04-10,26.7681,27.5225
2023-04-11,27.6672,27.1134
2023-04-12,27.314,26.4408
2023-04-13,26.6793,26.4088
2023-04-14,26.4497,26.7032
2023-04-17,26.5106,26.9467
2023-04-18,27.4766,27.6104
2023-04-19,27.305,27.8738
2023-04-20,27.6143,27.0485
2023-04-21,26.8968,27.0635
2023-04-24,26.9577,26.9866
2023-04-25,27.0226,26.1873
2023-04-26,26.9467,26.9008
2023-04-27,27.307,27.1703
2023-04-28,27.1693,27.6922
2023-05-01,27.783,28.8508
2023-05-02,28.6213,28.1522
2023-05-03,27.783,27.7451
2023-05-04,27.5944,27.5056
2023-05-05,27.769,28.6213
2023-05-08,28.4636,29.0913
2023-05-09,28.8398,28.5125
2023-05-10,28.9456,28.8259
2023-05-11,28.8368,28.5195
2023-05-12,28.4706,28.282
2023-05-15,28.4496,28.8937
2023-05-16,28.7819,29.1532
2023-05-17,29.5234,30.1162
2023-05-18,30.3477,31.6131
2023-05-19,31.4714,31.2
2023-05-22,30.8377,31.1122
2023-05-23,30.9365,30.6252
2023-05-24,30.1481,30.4755
2023-05-25,38.4441,37.9022
2023-05-26,37.8124,38.8663
2023-05-30,40.5119,40.0289
2023-05-31,39.4071,37.7565
2023-06-01,38.4102,39.6886
2023-06-02,40.0149,39.2465
2023-06-05,38.8293,39.0908
2023-06-06,38.7505,38.5749
2023-06-07,38.8393,37.4021
2023-06-08,37.6507,38.4351
2023-06-09,38.9611,38.6946
2023-06-12,39.1238,39.4052
2023-06-13,40.1079,40.9422
2023-06-14,40.7446,42.9134
2023-06-15,42.5192,42.5701
2023-06-16,43.3655,42.609
2023-06-20,42.9144,43.7228
2023-06-21,43.4164,42.9613
2023-06-22,42.1709,42.9414
2023-06-23,42.3814,42.1269
2023-06-26,42.3784,40.553
2023-06-27,40.7197,41.7946
2023-06-28,40.581,41.0371
2023-06-29,41.4772,40.7426
2023-06-30,41.599,42.2198
2023-07-03,42.4343,42.3305
2023-07-05,42.0531,42.2347
2023-07-06,41.7626,42.0211
2023-07-07,42.2397,42.4204
2023-07-10,42.5741,42.098
2023-07-11,42.3984,42.3226
2023-07-12,42.9493,43.8166
2023-07-13,44.4315,45.8876
2023-07-14,46.4924,45.3806
2023-07-17,46.199,46.3707
2023-07-18,46.6102,47.4017
2023-07-19,47.3717,46.9855
2023-07-20,46.4166,45.4315
2023-07-21,45.699,44.2228
2023-07-24,44.644,44.5252
2023-07-25,44.8536,45.5902
2023-07-26,45.9315,45.3636
2023-07-27,46.4286,45.8108
2023-07-28,46.5773,46.6591
2023-07-31,46.6631,46.6381
2023-08-01,46.3697,46.4166
2023-08-02,45.7419,44.1829
2023-08-03,43.7148,44.4285
2023-08-04,44.8975,44.5931
2023-08-07,45.0233,45.3287
2023-08-08,44.7658,44.5772
2023-08-09,44.1879,42.4713
2023-08-10,42.078,42.3056
2023-08-11,41.6698,40.7756
2023-08-14,40.4073,43.6679
2023-08-15,44.4734,43.8546
2023-08-16,44.4334,43.4014
2023-08-17,43.8845,43.2597
2023-08-18,42.5521,43.2148
2023-08-21,44.4075,46.8757
2023-08-22,48.0414,45.5792
2023-08-23,45.7768,47.0244
2023-08-24,50.1184,47.0713
2023-08-25,46.9206,45.9285
2023-08-28,46.3916,46.7439
2023-08-29,46.5753,48.6891
2023-08-30,48.9486,49.1682
2023-08-31,49.284,49.259
2023-09-01,49.6653,48.4147
2023-09-05,48.1292,48.4536
2023-09-06,48.3508,46.9734
2023-09-07,45.4402,46.1549
2023-09-08,45.8565,45.4871
2023-09-11,46.0621,45.0939
2023-09-12,44.6547,44.7864
2023-09-13,44.517,45.4003
2023-09-14,45.8644,45.4961
2023-09-15,45.2566,43.8182
2023-09-18,42.6684,43.8841
2023-09-19,43.7514,43.439
2023-09-20,43.5188,42.1603
2023-09-21,41.5056,40.9406
2023-09-22,41.4946,41.5325
2023-09-25,41.5136,42.1434
2023-09-26,41.9228,41.833
2023-09-27,42.2512,42.3889
2023-09-28,42.3809,43.0088
2023-09-29,43.7454,43.418
2023-10-02,43.948,44.6986
2023-10-03,44.7246,43.436
2023-10-04,43.6605,43.959
2023-10-05,43.968,44.6048
2023-10-06,44.1107,45.6768
2023-10-09,44.7585,45.1887
2023-10-10,45.2256,45.7127
2023-10-11,46.11,46.7188
2023-10-12,46.6899,46.8576
2023-10-13,46.8726,45.3763
2023-10-16,44.9791,46.0092
2023-10-17,43.9181,43.8562
2023-10-18,42.5117,42.1174
2023-10-19,42.7313,42.0226
2023-10-20,41.812,41.3099
2023-10-23,41.1522,42.895
2023-10-24,42.9968,43.5817
2023-10-25,43.3172,41.7012
2023-10-26,41.7751,40.2509
2023-10-27,41.0534,40.4246
2023-10-30,41.0105,41.0844
2023-10-31,40.3747,40.7041
2023-11-01,40.8079,42.2462
2023-11-02,43.2473,43.425
2023-11-03,43.938,44.9212
2023-11-06,45.2007,45.6658
2023-11-07,45.6339,45.8694
2023-11-08,46.0142,46.4873
2023-11-09,47.3786,46.8626
2023-11-10,47.4116,48.245
2023-11-13,48.23,48.5295
2023-11-14,49.5875,49.5635
2023-11-15,49.842,48.797
2023-11-16,48.5884,49.3879
2023-11-17,49.4318,49.2062
2023-11-20,49.2202,50.3151
2023-11-21,50.0327,49.851
2023-11-22,49.7592,48.6253
2023-11-24,48.3797,47.687
2023-11-27,47.711,48.1522
2023-11-28,48.1462,47.732
2023-11-29,48.2889,48.0504
2023-11-30,47.9346,46.6829
2023-12-01,46.4384,46.6779
2023-12-04,45.9912,45.4253
2023-12-05,45.3853,46.4834
2023-12-06,47.1312,45.4223
2023-12-07,45.6189,46.5133
2023-12-08,46.5123,47.4217
2023-12-11,47.4067,46.5443
2023-12-12,45.9643,47.5724
2023-12-13,47.5445,48.0027
2023-12-14,48.3041,48.2642
2023-12-15,48.1085,48.8032
2023-12-18,49.3124,49.9882
2023-12-19,49.3363,49.516
2023-12-20,49.5669,48.0256
2023-12-21,48.7244,48.9031
2023-12-22,49.1077,48.7434
2023-12-26,48.8811,49.1916
2023-12-27,49.4232,49.3293
2023-12-28,49.5549,49.4341
2023-12-29,49.7246,49.4341
2024-01-02,49.1566,48.0825
2024-01-03,47.4007,47.4846
2024-01-04,47.6822,47.9128
2024-01-05,48.376,49.0099
2024-01-08,49.4242,52.1603
2024-01-09,52.308,53.0457
2024-01-10,53.5209,54.2536
2024-01-11,54.9014,54.7247
2024-01-12,54.5231,54.6129
2024-01-16,54.9204,56.282
2024-01-17,56.247,55.9535
2024-01-18,57.1584,57.0057
2024-01-19,57.8861,59.3854
2024-01-22,59.9425,59.5482
2024-01-23,59.4643,59.7668
2024-01-24,60.197,61.2531
2024-01-25,62.2394,61.5077
2024-01-26,60.8518,60.9227
2024-01-29,61.1234,62.3542
2024-01-30,62.7884,62.6626
2024-01-31,61.331,61.4178
2024-02-01,61.9898,62.9152
2024-02-02,63.8605,66.0426
2024-02-05,68.1039,69.209
2024-02-06,69.5065,68.102
2024-02-07,68.1978,69.9746
2024-02-08,69.9497,69.5174
2024-02-09,70.4078,72.005
2024-02-12,72.4712,72.1198
2024-02-13,70.2751,72.0
2024-02-14,73.0721,73.7689
2024-02-15,73.7379,72.5291
2024-02-16,73.9685,72.4841
2024-02-20,71.8193,69.3288
2024-02-21,67.8853,67.3523
2024-02-22,74.8919,78.3986
2024-02-23,80.6466,78.6771
2024-02-26,79.5586,78.9517
2024-02-27,79.2401,78.5614
2024-02-28,77.4823,77.5252
2024-02-29,78.9537,78.9716
2024-03-01,79.8581,82.133
2024-03-04,83.9807,85.0857
2024-03-05,85.1227,85.8155
2024-03-06,87.8699,88.5468
2024-03-07,90.0023,92.5089
2024-03-08,94.9736,87.3768
2024-03-11,86.2797,85.6258
2024-03-12,87.8969,91.7542
2024-03-13,90.8977,90.731
2024-03-14,89.4223,87.7921
2024-03-15,86.7798,87.6853
2024-03-18,90.2319,88.3022
2024-03-19,86.5502,89.2436
2024-03-20,89.6419,90.2159
2024-03-21,92.1406,91.277
2024-03-22,90.9835,94.1261
2024-03-25,93.7787,94.8379
2024-03-26,95.6854,92.4011
2024-03-27,92.9512,90.0941
2024-03-28,89.8445,90.1999
2024-04-01,90.143,90.2069
2024-04-02,88.2952,89.2975
2024-04-03,88.3311,88.8103
2024-04-04,90.2498,85.7566
2024-04-05,86.7159,87.856
2024-04-08,88.5468,86.9825
2024-04-09,87.2909,85.2065
2024-04-10,83.781,86.8886
2024-04-11,87.269,90.4594
2024-04-12,89.5441,88.0337
2024-04-15,88.9441,85.8524
2024-04-16,86.2837,87.264
2024-04-17,88.1874,83.8898
2024-04-18,84.8232,84.5247
2024-04-19,83.0064,76.0684
2024-04-22,77.9691,79.3806
2024-04-23,80.6295,82.2806
2024-04-24,83.805,79.5394
2024-04-25,78.7318,82.4893
2024-04-26,83.6732,87.5834
2024-04-29,87.4437,87.6054
2024-04-30,87.0893,86.2527
2024-05-01,84.93,82.8975
2024-05-02,84.3031,85.6687
2024-05-03,87.6373,88.6356
2024-05-06,89.2356,91.9808
2024-05-07,90.9406,90.3976
2024-05-08,89.3284,90.2558
2024-05-09,90.3726,88.5937
2024-05-10,90.149,89.7227
2024-05-13,90.3217,90.2428
2024-05-14,89.4442,91.1982
2024-05-15,92.3123,94.4665
2024-05-16,94.746,94.196
2024-05-17,94.206,92.3192
2024-05-20,93.5881,94.6163
2024-05-21,93.4373,95.2212
2024-05-22,95.2941,94.786
2024-05-23,101.8518,103.6197
2024-05-24,104.2686,106.2851
2024-05-28,110.0536,113.7042
2024-05-29,112.8547,114.6266
2024-05-30,114.4519,110.3091
2024-05-31,112.3256,109.4436
2024-06-03,113.4247,114.8013
2024-06-04,115.5161,116.2358
2024-06-05,118.1665,122.2285
2024-06-06,123.8337,120.789
2024-06-07,119.5631,120.6792
2024-06-10,120.1621,121.5796
2024-06-11,121.5696,120.7111
2024-06-12,122.8575,124.994
2024-06-13,129.1771,129.3967
2024-06-14,129.7461,131.663
2024-06-17,132.7712,130.7645
2024-06-18,130.9242,135.3569
2024-06-20,139.5699,130.5648
2024-06-21,126.9108,126.3617
2024-06-24,123.0372,117.9156
2024-06-25,121.0006,125.8825
2024-06-26,125.9225,126.192
2024-06-27,123.8958,123.786
2024-06-28,124.375,123.3367
2024-07-01,123.2668,124.0955
2024-07-02,120.9307,122.4682
2024-07-03,121.4598,128.0689
2024-07-05,127.1704,125.623
2024-07-08,127.2802,127.989
2024-07-09,130.1355,131.1638
2024-07-10,133.8095,134.688
2024-07-11,135.5266,127.1904
2024-07-12,128.049,129.0274
2024-07-15,130.3451,128.2286
2024-07-16,128.2287,126.1521
2024-07-17,121.1503,117.7958
2024-07-18,121.6495,120.8907
2024-07-19,120.152,117.736
2024-07-22,120.152,123.3367
2024-07-23,122.578,122.3883
2024-07-24,118.9739,114.062
2024-07-25,112.854,112.0952
2024-07-26,115.9988,112.874
2024-07-29,113.5029,111.4064
2024-07-30,111.3365,103.5593
2024-07-31,112.7142,116.8274
2024-08-01,117.3366,109.0303
2024-08-02,103.5893,107.0935
2024-08-05,91.9085,100.2847
2024-08-06,103.6691,104.0785
2024-08-07,107.6326,98.7472
2024-08-08,101.8322,104.7973
2024-08-09,105.4662,104.5776
2024-08-12,106.1451,108.8406
2024-08-13,112.255,115.9489
2024-08-14,118.335,117.8857
2024-08-15,118.5646,122.6578
2024-08-16,121.7393,124.375
2024-08-19,124.0755,129.7861
2024-08-20,128.1887,127.0406
2024-08-21,127.1105,128.2886
2024-08-22,129.8061,123.5364
2024-08-23,125.6529,129.1571
2024-08-26,129.3568,126.2519
2024-08-27,124.8442,128.0889
2024-08-28,127.9092,125.4033
2024-08-29,121.1603,117.3965
2024-08-30,119.3333,119.1736
2024-09-03,115.8191,107.8223
2024-09-04,105.2366,106.0352
2024-09-05,104.8172,107.0336
2024-09-06,107.8622,102.6608
2024-09-09,104.7074,106.2948
2024-09-10,107.6326,107.9221
2024-09-11,109.21,116.7176
2024-09-12,116.6577,118.9541
2024-09-13,118.8942,118.9142
2024-09-16,116.6078,116.5978
2024-09-17,117.9856,115.4097
2024-09-18,115.7092,113.1931
2024-09-19,117.1669,117.6861
2024-09-20,116.8774,115.819
2024-09-23,116.3682,116.0786
2024-09-24,116.3382,120.6814
2024-09-25,121.8296,123.3173
2024-09-26,126.6022,123.8465
2024-09-27,123.7766,121.2106
2024-09-30,118.1254,121.2505
2024-10-01,121.58,116.8175
2024-10-02,116.2583,118.6646
2024-10-03,120.7314,122.6583
2024-10-04,124.7451,124.7251
2024-10-07,124.795,127.5207
2024-10-08,130.0568,132.6827
2024-10-09,133.9008,132.4431
2024-10-10,131.7042,134.5997
2024-10-11,133.8009,134.5897
2024-10-14,136.2571,137.8546
2024-10-15,137.6549,131.3947
2024-10-16,133.771,135.5083
2024-10-17,139.1226,136.7164
2024-10-18,138.4537,137.7847
2024-10-21,137.9145,143.4858
2024-10-22,142.6871,143.366
2024-10-23,141.8084,139.3423
2024-10-24,140.6003,140.191
2024-10-25,140.7101,141.3192
2024-10-28,142.7769,140.3008
2024-10-29,140.0711,141.0296
2024-10-30,139.3223,139.1226
2024-10-31,137.3853,132.5529
2024-11-01,134.4898,135.1888
2024-11-04,136.9959,135.8378
2024-11-05,137.2356,139.6917
2024-11-06,142.737,145.3828
2024-11-07,146.1616,148.6478
2024-11-08,148.5379,147.3997
2024-11-11,148.448,145.0334
2024-11-12,146.551,148.0587
2024-11-13,148.8374,146.0418
2024-11-14,147.4097,146.531
2024-11-15,144.644,141.7585
2024-11-18,139.2824,139.9314
2024-11-19,141.0995,146.7807
2024-11-20,147.18,145.6624
2024-11-21,149.117,146.4412
2024-11-22,145.7023,141.7285
2024-11-25,141.7685,135.8078
2024-11-26,137.4852,136.7064
2024-11-27,134.7994,135.1288
2024-11-29,136.5666,138.0343
2024-12-02,138.6134,138.4137
2024-12-03,138.0443,140.0412
2024-12-04,141.7784,144.9135
2024-12-05,144.8936,144.8437
2024-12-06,144.3844,142.2276
2024-12-09,138.7628,138.603
2024-12-10,138.8027,134.8686
2024-12-11,137.1552,139.1023
2024-12-12,136.8756,137.1352
2024-12-13,138.7328,134.0498
2024-12-16,133.9799,131.8031
2024-12-17,128.8975,130.1956
2024-12-18,133.6604,128.7178
2024-12-19,131.5635,130.4851
2024-12-20,129.6164,134.4991
2024-12-23,136.0768,139.4617
2024-12-24,139.7912,140.0109
2024-12-26,139.4917,139.7213
2024-12-27,138.3434,136.8056
2024-12-30,134.6289,137.2849
2024-12-31,137.8241,134.0897
2025-01-02,135.7972,138.1037
2025-01-03,139.8012,144.2546
2025-01-06,148.3684,149.2072
2025-01-07,152.8018,139.931
2025-01-08,142.3674,139.9011
2025-01-10,137.245,135.7073
2025-01-13,129.7962,133.0313
2025-01-14,135.8471,131.5635
2025-01-15,133.4507,136.0368
2025-01-16,138.4332,133.3708
2025-01-17,136.4862,137.5047
2025-01-21,138.9525,140.62
2025-01-22,144.4443,146.8507
2025-01-23,144.8337,147.0005
2025-01-24,148.1487,142.4073
2025-01-27,124.6139,118.2434
2025-01-28,121.6284,128.7977
2025-01-29,126.3114,123.5155
2025-01-30,122.9164,124.4641
2025-01-31,123.5954,119.8909
2025-02-03,114.5789,116.486
2025-02-04,116.7856,118.4731
2025-02-05,121.5784,124.6438
2025-02-06,127.23,128.4881
2025-02-07,129.0273,129.6464
2025-02-10,129.896,133.3708
2025-02-11,132.3823,132.602
2025-02-12,129.8261,130.9444
2025-02-13,131.3638,135.0882
2025-02-14,136.2765,138.6429
2025-02-18,141.0593,139.1921
2025-02-19,139.3019,139.0224
2025-02-20,139.8212,139.9011
2025-02-21,139.8312,134.2295
2025-02-24,136.3563,130.0857
2025-02-25,129.7862,126.4412
2025-02-26,129.7962,131.0842
2025-02-27,134.7987,119.9708
2025-02-28,117.844,124.7337
2025-03-03,123.3258,113.8899
2025-03-04,110.485,115.817
2025-03-05,117.4046,117.1251
2025-03-06,113.3607,110.4051
2025-03-07,111.0841,112.5219
2025-03-10,109.7361,106.8204
2025-03-11,106.8304,108.5978
2025-03-12,113.9603,115.578
2025-03-13,116.8662,115.4183
2025-03-14,118.444,121.4997
2025-03-17,122.5682,119.3627
2025-03-18,117.8349,115.2685
2025-03-19,117.1059,117.3555
2025-03-20,116.3869,118.3641
2025-03-21,116.7763,117.5353
2025-03-24,119.7122,121.2401
2025-03-25,120.3813,120.5211
2025-03-26,118.5638,113.6008
2025-03-27,111.1942,111.2741
2025-03-28,111.334,109.5165
2025-03-31,104.9829,108.2283
2025-04-01,108.3681,109.9958
2025-04-02,107.1398,110.2655
2025-04-03,103.3651,101.6575
2025-04-04,98.7716,94.178
2025-04-07,87.3376,97.5033
2025-04-08,103.6647,96.1652
2025-04-09,98.7516,114.17
2025-04-10,109.2169,107.4195
2025-04-11,108.3482,110.7748
2025-04-14,113.9503,110.5551
2025-04-15,110.8147,112.043
2025-04-16,104.4037,104.3438
2025-04-17,104.3038,101.348
2025-04-21,98.6318,96.7744
2025-04-22,98.6418,98.7516
2025-04-23,104.3737,102.5663
2025-04-24,103.3352,106.281
2025-04-25,106.7005,110.8547
2025-04-28,109.5365,108.5778
2025-04-29,107.5193,108.8674
2025-04-30,104.3238,108.7676
2025-05-01,112.9217,111.4538
2025-05-02,114.0202,114.3398
2025-05-05,112.752,113.6607
2025-05-06,111.324,113.3811
2025-05-07,112.8918,116.8962
2025-05-08,118.0845,117.2058
2025-05-09,117.1858,116.4868
2025-05-12,121.7993,122.8279
2025-05-13,124.8051,129.7482
2025-05-14,133.0136,135.1506
2025-05-15,134.102,134.6413
2025-05-16,136.0294,135.2105
2025-05-19,132.2047,135.3803
2025-05-20,134.1021,134.1919
2025-05-21,132.8738,131.6156
2025-05-22,132.045,132.6441
2025-05-23,129.8181,131.1062
2025-05-27,133.9622,135.3104
2025-05-28,135.8396,134.6214
2025-05-29,142.0509,138.9952
2025-05-30,138.5259,134.9409
2025-06-02,135.3004,137.1878
2025-06-03,138.5858,141.0224
2025-06-04,141.991,141.7214
2025-06-05,141.971,139.7941
2025-06-06,142.3106,141.5217
2025-06-09,142.9896,142.4304
2025-06-10,142.4903,143.7585
2025-06-11,144.4176,142.64
2025-06-12,141.7812,144.8071
2025-06-13,142.2905,141.7812
2025-06-16,143.1593,144.4975
2025-06-17,144.2978,143.9283
2025-06-18,143.8184,145.2865
2025-06-20,145.2565,143.6587
2025-06-23,142.3105,143.9782
2025-06-24,145.3664,147.7033
2025-06-25,149.0715,154.1048
2025-06-26,155.7725,154.8138
2025-06-27,155.8324,157.5402
2025-06-30,158.1893,157.7799
2025-07-01,156.0821,153.0961
2025-07-02,152.7765,157.0408
2025-07-03,158.1594,159.1281
2025-07-07,157.9896,158.0295
2025-07-08,159.1181,159.7872
2025-07-09,161.0056,162.6634
2025-07-10,164.1014,163.8817
2025-07-11,163.5022,164.7006
2025-07-14,165.15,163.8518
2025-07-15,170.9623,170.4729
2025-07-16,170.8325,171.1421
2025-07-17,171.7912,172.7699
2025-07-18,173.4091,172.1807
2025-07-21,172.5202,171.1521
2025-07-22,171.1121,166.8078
2025-07-23,169.3045,170.5528
2025-07-24,172.2106,173.5089
2025-07-25,173.3791,173.2692
2025-07-28,173.7885,176.5149
2025-07-29,177.7233,175.2766
2025-07-30,176.2752,179.0315
2025-07-31,182.6567,177.6334
2025-08-01,173.8584,173.4889
2025-08-04,174.927,179.7606
2025-08-05,179.3811,178.0229
2025-08-06,176.0955,179.1814
2025-08-07,181.3285,180.5296
2025-08-08,181.3085,182.457
2025-08-11,181.8079,181.8178
2025-08-12,182.7167,182.9164
2025-08-13,182.3771,181.3484
2025-08-14,179.5109,181.7779
2025-08-15,181.6381,180.21
2025-08-18,180.3598,181.7679
2025-08-19,182.1873,175.4064
2025-08-20,174.937,175.1667
2025-08-21,174.6174,174.7473
2025-08-22,172.3804,177.7533
2025-08-25,178.1128,179.5708
2025-08-26,179.8205,181.5282
2025-08-27,181.7379,181.3585
2025-08-28,180.5795,179.9304
2025-08-29,177.8731,173.9483
2025-09-02,169.7739,170.5528
2025-09-03,170.8325,170.3931
2025-09-04,170.3431,171.4317
2025-09-05,167.8065,166.7979
2025-09-08,167.3272,168.0861
2025-09-09,168.8651,170.5329
2025-09-10,176.405,177.0941
2025-09-11,179.4511,176.9443
2025-09-12,177.5436,177.5935
2025-09-15,175.4462,177.5236
2025-09-16,176.7745,174.6572
2025-09-17,172.4201,170.0731
2025-09-18,173.7584,176.0155
2025-09-19,175.5461,176.4449
2025-09-22,175.0767,183.3761
2025-09-23,181.7382,178.2027
2025-09-24,179.541,176.7446
2025-09-25,174.2578,177.4637
2025-09-26,177.943,177.963
2025-09-29,180.2002,181.6184
2025-09-30,181.8481,186.3423
2025-10-01,185.004,187.0015
2025-10-02,189.3585,188.6494
2025-10-03,188.949,187.381
2025-10-06,185.2637,185.3036
2025-10-07,185.9928,184.8043
2025-10-08,186.3324,188.8691
2025-10-09,191.9851,192.3247
2025-10-10,193.2635,182.9267
2025-10-13,187.7306,188.0801
2025-10-14,184.5346,179.8007
2025-10-15,184.5646,179.6009
2025-10-16,181.9979,181.5784
2025-10-17,179.9505,182.9866
2025-10-20,182.8967,182.4073
2025-10-21,182.5571,180.9292
2025-10-22,180.9093,180.0504
2025-10-23,180.1902,181.928
2025-10-24,183.6058,186.0227
2025-10-27,189.748,191.2461
2025-10-28,192.8041,200.7739
2025-10-29,207.7151,206.7763
2025-10-30,204.8887,202.6316
2025-10-31,206.187,202.2321
2025-11-03,207.8149,206.6165
2025-11-04,202.7414,198.4369
2025-11-05,198.5168,194.9613
2025-11-06,196.1698,187.8404
2025-11-07,184.6645,187.9103
2025-11-10,194.8615,198.7965
2025-11-11,194.9114,192.914
2025-11-12,195.4707,193.5531
2025-11-13,190.8066,186.622
2025-11-14,182.6271,189.9278
2025-11-17,185.7331,186.3623
2025-11-18,183.1464,181.129
2025-11-19,184.5546,186.2824
2025-11-20,195.7004,180.4099
2025-11-21,181.0091,178.6521
2025-11-24,179.2614,182.3175
2025-11-25,174.6872,177.5935
2025-11-26,181.3986,180.0304
2025-11-28,178.782,176.7745
2025-12-01,174.5374,179.6908
2025-12-02,181.5285,181.2289
2025-12-03,180.8493,179.3612
2025-12-04,181.3988,183.1566
2025-12-05,183.666,182.1878
2025-12-08,182.4175,185.324
2025-12-09,185.334,184.7447
2025-12-10,184.7447,183.5561
2025-12-11,180.0604,180.7096
2025-12-12,180.8894,174.8068
2025-12-15,177.7232,176.0752
2025-12-16,176.0453,177.5035
2025-12-17,175.8855,170.7318
2025-12-18,174.3174,173.9279
2025-12-19,176.4548,180.7695
2025-12-22,183.6959,183.4662
2025-12-23,182.7471,188.9795
2025-12-24,187.7111,188.3802
2025-12-26,189.6886,190.2979
2025-12-29,187.4813,187.9907
2025-12-30,188.0107,187.3115
